"Hours_Studied","Attendance","Previous_Scores","Motivation_Level","Family_Income","Teacher_Quality","School_Type","Parental_Education_Level","Exam_Score","gruppi","Previous_Level","Score_Groups","Study_level"
23,84,73,"Low","Low","Medium","Public","High School",67,"21-30","2","2","3"
19,64,59,"Low","Medium","Medium","Public","College",61,"11-20","1","1","2"
24,98,91,"Medium","Medium","Medium","Public","Postgraduate",74,"21-30","3","3","3"
29,89,98,"Medium","Medium","Medium","Public","High School",71,"21-30","3","3","3"
19,92,65,"Medium","Medium","High","Public","College",70,"11-20","2","3","2"
19,88,89,"Medium","Medium","Medium","Public","Postgraduate",71,"11-20","3","3","2"
29,84,68,"Low","Low","Medium","Private","High School",67,"21-30","2","2","3"
25,78,50,"Medium","High","High","Public","High School",66,"21-30","1","2","3"
17,94,80,"High","Medium","Low","Private","College",69,"11-20","2","2","2"
23,98,71,"Medium","High","High","Public","High School",72,"21-30","2","3","3"
17,80,88,"Medium","Medium","High","Private","College",68,"11-20","3","2","2"
17,97,87,"Low","Low","High","Private","High School",71,"11-20","2","3","2"
21,83,97,"Low","Medium","Medium","Public","High School",70,"21-30","3","3","3"
9,82,72,"Medium","Medium","Medium","Private","Postgraduate",66,"0-10","2","2","1"
10,78,74,"Medium","Low","Medium","Private","Postgraduate",65,"0-10","2","1","2"
17,68,70,"Medium","Medium","Medium","Private","High School",64,"11-20","2","1","2"
14,60,65,"Low","High","Medium","Private","College",60,"11-20","2","1","2"
22,70,82,"Medium","Low","High","Public","High School",65,"21-30","2","1","3"
15,80,91,"Low","Low","Medium","Public","College",67,"11-20","3","2","2"
12,75,58,"Medium","Medium","Medium","Private","College",66,"11-20","1","2","2"
29,78,99,"High","High","Medium","Public","High School",69,"21-30","3","2","3"
19,99,84,"Medium","Medium","High","Public","High School",72,"11-20","2","3","2"
20,74,89,"Low","Medium","Medium","Public","College",66,"11-20","3","2","3"
11,78,100,"High","Low","Medium","Public","High School",66,"11-20","3","2","2"
17,65,75,"Medium","Low","Medium","Public","High School",63,"11-20","2","1","2"
21,62,54,"High","High","High","Public","Postgraduate",64,"21-30","1","1","3"
13,91,90,"Medium","High","Medium","Public","High School",65,"11-20","3","1","2"
22,83,94,"Medium","High","Medium","Public","College",71,"21-30","3","3","3"
16,90,58,"Medium","Low","Medium","Public","High School",66,"11-20","1","2","2"
18,66,51,"Low","Low","Medium","Private","College",64,"11-20","1","1","2"
16,83,57,"Medium","High","Low","Public","High School",63,"11-20","1","1","2"
31,70,66,"Medium","High","Medium","Public","College",69,"30+","2","2","4"
20,69,96,"Medium","Medium","High","Public","High School",67,"11-20","3","2","3"
14,60,50,"Medium","Medium","Medium","Public","College",61,"11-20","1","1","2"
25,65,90,"Medium","Medium","Medium","Public","College",68,"21-30","3","2","3"
13,72,93,"Low","Low","Medium","Public","High School",61,"11-20","3","1","2"
21,65,91,"Low","Medium","High","Public","High School",64,"21-30","3","1","3"
8,99,54,"Low","Low","Medium","Public","Postgraduate",67,"0-10","1","2","1"
12,72,84,"Medium","Low","Medium","Public","High School",63,"11-20","2","1","2"
21,65,98,"Low","Medium","High","Public","High School",64,"21-30","3","1","3"
24,68,56,"Low","High","High","Public","College",67,"21-30","1","2","3"
21,84,52,"Low","Medium","High","Public","College",65,"21-30","1","1","3"
19,63,94,"Medium","Medium","Medium","Private","High School",64,"11-20","3","1","2"
18,94,82,"Medium","Medium","Medium","Private","College",70,"11-20","2","3","2"
11,98,82,"Low","Medium","Medium","Private","Postgraduate",68,"11-20","2","2","2"
16,70,98,"Medium","Medium","Medium","Public","High School",65,"11-20","3","1","2"
17,78,88,"Medium","Medium","High","Private","College",68,"11-20","3","2","2"
26,61,70,"Medium","Low","Medium","Public","High School",64,"21-30","2","1","3"
22,86,72,"Low","Low","High","Public","High School",68,"21-30","2","2","3"
9,77,57,"Medium","Medium","High","Public","High School",63,"0-10","1","1","1"
22,71,65,"Low","Medium","Low","Public","College",64,"21-30","2","1","3"
18,68,72,"Medium","Medium","Medium","Public","College",64,"11-20","2","1","2"
16,86,63,"Medium","Medium","Medium","Public","High School",67,"11-20","1","2","2"
24,77,96,"Medium","Medium","Medium","Public","High School",67,"21-30","3","2","3"
26,67,51,"Low","High","High","Private","Postgraduate",66,"21-30","1","2","3"
26,88,79,"Medium","Low","High","Private","College",72,"21-30","2","3","3"
15,83,89,"Low","Medium","High","Public","High School",65,"11-20","3","1","2"
18,94,87,"High","Medium","Medium","Public","High School",71,"11-20","2","3","2"
22,65,82,"Medium","Medium","High","Public","Postgraduate",66,"21-30","2","2","3"
26,91,71,"Medium","Low","Medium","Private","High School",68,"21-30","2","2","3"
17,87,96,"Medium","High","Medium","Public","Postgraduate",70,"11-20","3","3","2"
19,65,66,"Low","Low","Medium","Public","High School",62,"11-20","2","1","2"
13,88,88,"High","Low","High","Private","Postgraduate",68,"11-20","3","2","2"
13,78,96,"High","Low","Medium","Public","College",67,"11-20","3","2","2"
25,98,56,"Medium","Medium","High","Private","Postgraduate",71,"21-30","1","3","3"
28,66,97,"Medium","Medium","Medium","Public","High School",68,"21-30","3","2","3"
20,86,89,"Medium","Low","Medium","Public","Postgraduate",69,"11-20","3","2","3"
26,75,81,"High","Medium","High","Private","High School",70,"21-30","2","3","3"
22,98,69,"Low","Low","High","Public","High School",69,"21-30","2","2","3"
16,73,95,"Medium","Low","Medium","Public","College",65,"11-20","3","1","2"
22,98,52,"Medium","Medium","Medium","Public","College",70,"21-30","1","3","3"
29,96,72,"Medium","Low","Medium","Public","High School",71,"21-30","2","3","3"
20,71,88,"Medium","Low","Low","Public","College",65,"11-20","3","1","3"
29,92,91,"Medium","Medium","Medium","Public","Postgraduate",72,"21-30","3","3","3"
4,100,60,"High","Medium","High","Private","College",69,"0-10","1","2","1"
25,70,52,"Medium","Medium","Medium","Public","Postgraduate",66,"21-30","1","2","3"
21,77,90,"Medium","Medium","Medium","Private","Postgraduate",68,"21-30","3","2","3"
18,81,71,"Medium","Medium","Medium","Public","High School",65,"11-20","2","1","2"
21,72,57,"Medium","High","Medium","Public","College",64,"21-30","1","1","3"
8,61,54,"Medium","High","Medium","Public","College",60,"0-10","1","1","1"
19,69,82,"High","Low","Medium","Public","High School",65,"11-20","2","1","2"
22,71,79,"High","Low","Low","Public","High School",66,"21-30","2","2","3"
29,78,93,"Low","Medium","High","Public","College",74,"21-30","3","3","3"
17,67,52,"High","Medium","Medium","Private","High School",62,"11-20","1","1","2"
15,95,93,"Medium","Low","Medium","Public","College",70,"11-20","3","3","2"
17,88,94,"Low","Medium","Medium","Public","High School",69,"11-20","3","2","2"
25,63,72,"Medium","Medium","High","Private","College",67,"21-30","2","2","3"
22,86,54,"Medium","Medium","Medium","Public","High School",64,"21-30","1","1","3"
17,86,97,"High","High","Medium","Public","College",71,"11-20","3","3","2"
23,98,54,"Low","Medium","Medium","Public","College",68,"21-30","1","2","3"
21,60,80,"Medium","Medium","High","Public","College",64,"21-30","2","1","3"
26,70,75,"Medium","Medium","Low","Private","High School",63,"21-30","2","1","3"
16,97,92,"Low","High","Medium","Private","College",71,"11-20","3","3","2"
18,97,75,"Low","Low","Medium","Public","High School",69,"11-20","2","2","2"
18,89,73,"Medium","High","Medium","Private","College",100,"11-20","2","3","2"
11,91,94,"Medium","Medium","Medium","Public","College",68,"11-20","3","2","2"
22,64,98,"Low","Medium","Medium","Public","High School",62,"21-30","3","1","3"
22,81,77,"Low","Medium","Medium","Public","Postgraduate",68,"21-30","2","2","3"
20,69,73,"Medium","Low","Medium","Private","High School",66,"11-20","2","2","3"
19,67,92,"High","Medium","Medium","Public","College",64,"11-20","3","1","2"
12,92,92,"High","Medium","High","Public","High School",67,"11-20","3","2","2"
17,65,66,"Medium","High","High","Public","Postgraduate",65,"11-20","2","1","2"
18,79,79,"Medium","Low","High","Private","College",65,"11-20","2","1","2"
15,98,58,"High","Low","High","Public","College",69,"11-20","1","2","2"
19,67,82,"High","Low","Low","Private","High School",63,"11-20","2","1","2"
22,99,92,"Low","Medium","Medium","Public","Postgraduate",72,"21-30","3","3","3"
31,100,59,"Medium","High","High","Public","Postgraduate",76,"30+","1","3","4"
21,82,66,"High","Low","Medium","Public","College",69,"21-30","2","2","3"
22,67,72,"High","Low","High","Public","Postgraduate",67,"21-30","2","2","3"
20,73,92,"Medium","Medium","High","Public","College",69,"11-20","3","2","3"
8,77,87,"Medium","Low","Medium","Public","High School",63,"0-10","2","1","1"
20,72,66,"Medium","Low","High","Private","Postgraduate",67,"11-20","2","2","3"
20,71,62,"High","Medium","Medium","Public","College",66,"11-20","1","2","3"
35,99,85,"Low","Medium","High","Private","Postgraduate",79,"30+","2","3","4"
19,66,74,"Medium","High","Medium","Public","High School",64,"11-20","2","1","2"
22,89,80,"Medium","High","High","Public","High School",73,"21-30","2","3","3"
20,60,82,"High","Low","High","Public","High School",63,"11-20","2","1","3"
13,84,78,"Medium","Low","High","Public","High School",65,"11-20","2","1","2"
27,97,81,"Medium","High","Medium","Public","High School",73,"21-30","2","3","3"
25,72,94,"Low","Low","Medium","Private","College",70,"21-30","3","3","3"
25,67,93,"High","Low","High","Public","High School",68,"21-30","3","2","3"
15,86,57,"Medium","Medium","Medium","Public","College",65,"11-20","1","1","2"
28,89,79,"High","Low","Medium","Private","College",71,"21-30","2","3","3"
12,88,72,"Low","Medium","Medium","Public","College",64,"11-20","2","1","2"
24,73,64,"Medium","High","Medium","Private","College",68,"21-30","2","2","3"
33,70,82,"Low","Low","High","Public","College",69,"30+","2","2","4"
14,98,76,"Medium","Medium","High","Private","College",69,"11-20","2","2","2"
17,97,89,"Medium","Low","","Public","High School",69,"11-20","3","2","2"
21,78,55,"Medium","High","Low","Private","College",67,"21-30","1","2","3"
17,94,65,"Low","Medium","Medium","Public","High School",68,"11-20","2","2","2"
11,78,51,"Medium","Low","Medium","Public","Postgraduate",64,"11-20","1","1","2"
20,77,87,"Low","Low","High","Public","High School",66,"11-20","2","2","3"
14,66,96,"Medium","Low","High","Public","High School",63,"11-20","3","1","2"
23,77,79,"Medium","Low","High","Public","High School",66,"21-30","2","2","3"
14,81,81,"Medium","Low","High","Private","Postgraduate",66,"11-20","2","2","2"
29,61,52,"Low","Low","Medium","Private","College",67,"21-30","1","2","3"
15,78,75,"Low","Low","Medium","Public","High School",65,"11-20","2","1","2"
18,91,76,"Medium","Medium","Medium","Public","High School",68,"11-20","2","2","2"
25,87,52,"High","Low","High","Private","High School",68,"21-30","1","2","3"
13,85,89,"Medium","High","Medium","Private","High School",65,"11-20","3","1","2"
21,96,64,"High","Medium","High","Public","College",71,"21-30","2","3","3"
28,61,86,"High","Low","Medium","Private","Postgraduate",65,"21-30","2","1","3"
10,82,70,"Medium","Low","High","Public","Postgraduate",64,"0-10","2","1","2"
21,91,100,"Medium","High","Medium","Private","Postgraduate",72,"21-30","3","3","3"
22,82,61,"Medium","Low","Medium","Public","High School",65,"21-30","1","1","3"
25,73,53,"High","Low","High","Private","Postgraduate",66,"21-30","1","2","3"
13,65,99,"Medium","Low","Medium","Private","High School",61,"11-20","3","1","2"
12,96,62,"Medium","Medium","High","Public","College",68,"11-20","1","2","2"
23,79,82,"Low","Medium","Medium","Public","Postgraduate",69,"21-30","2","2","3"
22,95,69,"Medium","Low","Medium","Public","College",72,"21-30","2","3","3"
22,83,82,"Medium","Low","High","Public","Postgraduate",71,"21-30","2","3","3"
22,87,80,"Low","Low","High","Public","High School",70,"21-30","2","3","3"
16,92,85,"Low","Low","Medium","Public","High School",68,"11-20","2","2","2"
21,86,51,"Medium","Low","High","Public","High School",67,"21-30","1","2","3"
22,76,92,"Medium","Low","High","Public","High School",68,"21-30","3","2","3"
16,81,74,"Medium","Medium","Medium","Public","Postgraduate",68,"11-20","2","2","2"
31,92,76,"Medium","Medium","High","Public","High School",72,"30+","2","3","4"
23,75,71,"Low","Medium","Medium","Public","College",65,"21-30","2","1","3"
13,76,99,"Low","Medium","Medium","Private","High School",66,"11-20","3","2","2"
24,64,90,"High","Low","High","Public","High School",65,"21-30","3","1","3"
14,97,66,"Medium","Medium","Medium","Public","College",67,"11-20","2","2","2"
25,64,89,"Low","Medium","Medium","Public","College",66,"21-30","3","2","3"
27,86,72,"Low","Medium","High","Public","High School",69,"21-30","2","2","3"
15,77,94,"Low","High","High","Public","College",66,"11-20","3","2","2"
26,76,52,"Medium","High","Low","Public","High School",69,"21-30","1","2","3"
22,87,68,"Medium","Low","Medium","Public","High School",67,"21-30","2","2","3"
25,63,71,"Medium","Medium","Low","Private","High School",66,"21-30","2","2","3"
31,84,87,"Medium","Low","Medium","Private","College",71,"30+","2","3","4"
19,91,59,"Medium","Medium","High","Public","College",70,"11-20","1","3","2"
15,93,64,"Medium","Medium","High","Public","Postgraduate",71,"11-20","2","3","2"
15,67,86,"High","High","Medium","Private","Postgraduate",66,"11-20","2","2","2"
15,96,54,"High","Medium","High","Public","High School",67,"11-20","1","2","2"
20,86,60,"Medium","Medium","Medium","Public","College",66,"11-20","1","2","3"
22,95,88,"Low","Low","High","Public","Postgraduate",72,"21-30","3","3","3"
22,79,94,"Medium","Medium","Medium","Public","High School",68,"21-30","3","2","3"
25,82,86,"Medium","Low","High","Public","High School",69,"21-30","2","2","3"
20,97,76,"Low","Low","Low","Private","Postgraduate",71,"11-20","2","3","3"
29,96,55,"Low","Medium","Medium","Public","Postgraduate",70,"21-30","1","3","3"
18,78,91,"High","High","Low","Public","College",67,"11-20","3","2","2"
36,71,56,"Medium","High","Medium","Public","High School",69,"30+","1","2","4"
24,76,69,"Low","Medium","Medium","Public","High School",65,"21-30","2","1","3"
15,76,53,"Medium","Low","Medium","Public","College",65,"11-20","1","1","2"
14,71,85,"Low","Medium","High","Public","High School",64,"11-20","2","1","2"
23,71,75,"Low","Low","Medium","Public","College",63,"21-30","2","1","3"
19,94,95,"Medium","Low","Low","Public","High School",69,"11-20","3","2","2"
24,63,57,"Medium","Low","High","Private","College",64,"21-30","1","1","3"
23,87,91,"High","High","Medium","Private","High School",72,"21-30","3","3","3"
20,67,76,"Medium","Medium","Medium","Public","High School",63,"11-20","2","1","3"
15,74,68,"Low","Low","Medium","Public","High School",64,"11-20","2","1","2"
11,62,82,"Medium","High","Medium","Private","College",64,"11-20","2","1","2"
17,71,90,"Medium","Medium","Medium","Public","Postgraduate",67,"11-20","3","2","2"
25,91,72,"Low","Medium","High","Public","Postgraduate",71,"21-30","2","3","3"
21,95,62,"High","Medium","Low","Public","High School",70,"21-30","1","3","3"
13,69,96,"Low","High","Medium","Private","High School",61,"11-20","3","1","2"
21,79,66,"Low","Low","Medium","Public","College",67,"21-30","2","2","3"
22,79,100,"Medium","High","High","Public","College",72,"21-30","3","3","3"
15,95,88,"Low","Low","Medium","Public","High School",66,"11-20","3","2","2"
21,91,84,"Medium","High","Low","Public","High School",70,"21-30","2","3","3"
20,81,51,"High","Medium","Medium","Public","High School",67,"11-20","1","2","3"
13,87,72,"Medium","Medium","High","Public","High School",67,"11-20","2","2","2"
22,94,75,"High","High","Medium","Public","College",71,"21-30","2","3","3"
23,60,69,"Medium","Low","Medium","Private","College",66,"21-30","2","2","3"
26,76,57,"Medium","Medium","Medium","Public","High School",68,"21-30","1","2","3"
26,96,68,"Medium","High","Medium","Private","College",74,"21-30","2","3","3"
12,90,54,"Medium","High","Medium","Public","High School",64,"11-20","1","1","2"
14,82,65,"Medium","Low","Medium","Private","College",65,"11-20","2","1","2"
23,81,54,"Medium","Low","Medium","Public","College",66,"21-30","1","2","3"
23,74,88,"Low","Medium","High","Public","High School",66,"21-30","3","2","3"
23,81,84,"Medium","Medium","Medium","Public","High School",68,"21-30","2","2","3"
43,86,97,"Medium","Medium","High","Public","High School",78,"30+","3","3","4"
23,77,69,"Low","Medium","Medium","Private","High School",67,"21-30","2","2","3"
27,89,89,"Medium","Medium","Medium","Private","High School",74,"21-30","3","3","3"
26,94,79,"High","Low","High","Public","Postgraduate",74,"21-30","2","3","3"
24,66,82,"Low","Medium","Medium","Public","High School",62,"21-30","2","1","3"
18,78,77,"Medium","Medium","Medium","Public","High School",66,"11-20","2","2","2"
25,76,89,"High","Medium","High","Public","High School",69,"21-30","3","2","3"
15,87,52,"Medium","Low","High","Private","College",68,"11-20","1","2","2"
19,70,54,"High","Medium","Medium","Public","High School",89,"11-20","1","3","2"
17,86,55,"Low","High","Medium","Private","College",66,"11-20","1","2","2"
20,95,64,"Low","Medium","High","Public","High School",68,"11-20","2","2","3"
34,77,80,"Low","Medium","Medium","Public","High School",69,"30+","2","2","4"
9,96,82,"High","Low","Medium","Public","College",67,"0-10","2","2","1"
24,100,86,"Low","Medium","Medium","Private","High School",75,"21-30","2","3","3"
10,64,64,"High","Medium","Medium","Public","High School",60,"0-10","2","1","2"
17,69,83,"Medium","Medium","High","Private","College",66,"11-20","2","2","2"
27,98,56,"Low","High","Medium","Private","College",73,"21-30","1","3","3"
20,98,50,"Low","Medium","High","Private","High School",68,"11-20","1","2","3"
14,64,85,"Medium","Medium","Medium","Public","High School",62,"11-20","2","1","2"
16,61,86,"Low","Low","High","Public","High School",62,"11-20","2","1","2"
24,66,81,"High","Medium","Medium","Public","High School",65,"21-30","2","1","3"
16,100,63,"High","Low","Medium","Public","High School",69,"11-20","1","2","2"
21,67,96,"Low","Low","Medium","Public","High School",64,"21-30","3","1","3"
20,80,94,"Medium","Low","Low","Private","Postgraduate",67,"11-20","3","2","3"
16,94,76,"Medium","Low","High","Public","High School",70,"11-20","2","3","2"
33,61,99,"High","Medium","High","Public","College",70,"30+","3","3","4"
24,84,65,"Low","Medium","High","Public","High School",69,"21-30","2","2","3"
8,71,75,"Medium","Medium","High","Public","High School",61,"0-10","2","1","1"
21,94,96,"Low","Medium","Medium","Private","Postgraduate",69,"21-30","3","2","3"
16,71,73,"Medium","Medium","Medium","Public","High School",63,"11-20","2","1","2"
25,87,74,"Low","Medium","High","Public","High School",67,"21-30","2","2","3"
15,87,54,"Medium","Medium","Medium","Public","",65,"11-20","1","1","2"
19,69,61,"High","High","High","Public","High School",66,"11-20","1","2","2"
23,61,58,"Medium","Medium","Medium","Public","High School",63,"21-30","1","1","3"
25,76,78,"Medium","Medium","Medium","Private","High School",68,"21-30","2","2","3"
13,72,66,"Medium","Low","High","Public","Postgraduate",65,"11-20","2","1","2"
18,92,54,"Medium","Medium","Medium","Public","High School",67,"11-20","1","2","2"
17,92,75,"Medium","Medium","High","Public","Postgraduate",68,"11-20","2","2","2"
16,78,83,"Medium","Low","Low","Public","College",64,"11-20","2","1","2"
31,84,87,"High","Medium","Medium","Private","College",71,"30+","2","3","4"
22,84,92,"Low","Medium","Medium","Public","High School",69,"21-30","3","2","3"
12,93,74,"Low","Medium","Medium","Public","Postgraduate",67,"11-20","2","2","2"
26,77,70,"Low","High","Low","Public","College",65,"21-30","2","1","3"
33,71,84,"Medium","Medium","Medium","Public","High School",68,"30+","2","2","4"
26,71,51,"Low","High","Medium","Private","Postgraduate",67,"21-30","1","2","3"
11,81,82,"High","Medium","High","Public","High School",67,"11-20","2","2","2"
17,78,70,"Medium","Low","High","Public","High School",66,"11-20","2","2","2"
28,78,73,"High","Medium","Medium","Public","College",70,"21-30","2","3","3"
16,64,65,"Medium","Medium","High","Private","Postgraduate",65,"11-20","2","1","2"
23,89,56,"Low","Medium","Low","Private","Postgraduate",69,"21-30","1","2","3"
25,69,70,"Low","High","High","Public","High School",65,"21-30","2","1","3"
14,68,65,"Medium","High","Medium","Public","College",63,"11-20","2","1","2"
20,77,98,"Low","Low","High","Private","Postgraduate",67,"11-20","3","2","3"
1,69,97,"Medium","Low","Medium","Public","High School",61,"0-10","3","1","1"
14,83,82,"Medium","Medium","Medium","Public","High School",65,"11-20","2","1","2"
18,75,95,"Medium","Low","Low","Public","College",66,"11-20","3","2","2"
13,78,88,"High","High","Low","Public","College",66,"11-20","3","2","2"
30,81,67,"Medium","High","High","Public","High School",69,"21-30","2","2","4"
11,68,80,"Medium","Medium","Medium","Public","College",63,"11-20","2","1","2"
17,66,61,"Medium","High","Medium","Public","Postgraduate",65,"11-20","1","1","2"
21,95,84,"Low","High","Medium","Public","High School",67,"21-30","2","2","3"
29,77,52,"Medium","High","Medium","Public","High School",69,"21-30","1","2","3"
11,76,92,"Medium","Medium","Low","Public","Postgraduate",65,"11-20","3","1","2"
27,61,79,"Medium","Low","Medium","Public","High School",65,"21-30","2","1","3"
20,80,53,"Medium","Low","Medium","Public","College",65,"11-20","1","1","3"
14,82,94,"Low","Low","High","Public","College",67,"11-20","3","2","2"
23,82,94,"Medium","Medium","Medium","Public","High School",66,"21-30","3","2","3"
21,88,93,"Medium","Low","Medium","Public","High School",72,"21-30","3","3","3"
16,67,89,"High","Low","Medium","Public","College",66,"11-20","3","2","2"
20,70,84,"Low","Medium","High","Private","College",65,"11-20","2","1","3"
18,92,70,"Medium","Low","Medium","Public","High School",69,"11-20","2","2","2"
21,98,57,"Medium","High","Low","Public","High School",68,"21-30","1","2","3"
24,65,64,"Low","High","Medium","Public","Postgraduate",64,"21-30","2","1","3"
30,80,67,"Medium","Medium","Medium","Public","College",69,"21-30","2","2","4"
13,69,68,"Low","High","Medium","Public","High School",59,"11-20","2","1","2"
33,62,78,"Medium","Medium","Medium","Private","High School",68,"30+","2","2","4"
8,73,60,"Medium","High","Medium","Private","High School",60,"0-10","1","1","1"
19,66,59,"Medium","High","Medium","Public","High School",62,"11-20","1","1","2"
24,88,86,"Low","Low","Low","Public","College",67,"21-30","2","2","3"
22,81,50,"High","Medium","Medium","Private","High School",68,"21-30","1","2","3"
16,66,57,"High","Medium","Medium","Public","High School",64,"11-20","1","1","2"
19,60,72,"High","Low","High","Public","High School",65,"11-20","2","1","2"
17,92,57,"Medium","Medium","Medium","Private","High School",65,"11-20","1","1","2"
16,67,98,"Medium","Low","Low","Public","High School",63,"11-20","3","1","2"
25,84,84,"Low","Medium","High","Public","High School",70,"21-30","2","3","3"
22,73,72,"Low","Medium","Medium","Public","High School",66,"21-30","2","2","3"
16,83,56,"Low","High","Medium","Public","High School",68,"11-20","1","2","2"
25,73,69,"Medium","Medium","Medium","Private","High School",66,"21-30","2","2","3"
22,63,83,"Medium","Medium","Medium","Private","College",63,"21-30","2","1","3"
25,69,98,"Medium","Low","Medium","Public","College",66,"21-30","3","2","3"
24,68,74,"Medium","Medium","Medium","Public","High School",65,"21-30","2","1","3"
15,77,85,"High","Low","Medium","Public","Postgraduate",66,"11-20","2","2","2"
17,86,60,"High","High","Low","Private","College",67,"11-20","1","2","2"
24,71,81,"Medium","Low","Medium","Private","High School",66,"21-30","2","2","3"
24,60,62,"High","Low","High","Public","High School",63,"21-30","1","1","3"
20,81,60,"Low","Medium","Medium","Public","High School",66,"11-20","1","2","3"
21,84,75,"Low","High","Medium","Public","College",67,"21-30","2","2","3"
28,99,61,"Medium","Low","Medium","Public","High School",71,"21-30","1","3","3"
16,84,86,"Medium","Low","Medium","Private","High School",67,"11-20","2","2","2"
23,79,97,"Medium","High","Low","Public","High School",69,"21-30","3","2","3"
19,83,70,"Medium","Low","Medium","Public","Postgraduate",67,"11-20","2","2","2"
19,97,66,"High","Medium","Medium","Private","College",72,"11-20","2","3","2"
27,93,59,"High","Low","Medium","Private","High School",70,"21-30","1","3","3"
25,73,70,"Low","Low","Medium","Private","Postgraduate",67,"21-30","2","2","3"
25,69,78,"Medium","Low","High","Public","High School",64,"21-30","2","1","3"
28,71,69,"High","Medium","High","Private","College",67,"21-30","2","2","3"
20,80,81,"Medium","Medium","Medium","Private","Postgraduate",69,"11-20","2","2","3"
24,90,83,"Medium","Low","Medium","Private","College",68,"21-30","2","2","3"
18,80,55,"Low","Low","Low","Public","High School",63,"11-20","1","1","2"
22,63,85,"Medium","High","High","Public","College",68,"21-30","2","2","3"
19,89,95,"Medium","Medium","Medium","Public","High School",70,"11-20","3","3","2"
21,92,51,"Low","Medium","Medium","Public","College",66,"21-30","1","2","3"
24,72,78,"High","Low","High","Public","High School",68,"21-30","2","2","3"
15,87,80,"High","Low","Medium","Private","College",67,"11-20","2","2","2"
33,77,85,"Medium","Low","Medium","Private","High School",69,"30+","2","2","4"
14,96,69,"High","Medium","Medium","Private","College",66,"11-20","2","2","2"
13,94,91,"Low","Low","Medium","Public","High School",68,"11-20","3","2","2"
27,81,77,"Medium","Medium","Low","Public","Postgraduate",69,"21-30","2","2","3"
25,88,70,"Low","Medium","Medium","Private","Postgraduate",70,"21-30","2","3","3"
24,95,86,"High","Medium","High","Private","College",74,"21-30","2","3","3"
24,80,96,"High","Low","High","Public","College",70,"21-30","3","3","3"
20,73,91,"Low","Medium","High","Public","Postgraduate",66,"11-20","3","2","3"
15,90,97,"Medium","Low","High","Private","College",69,"11-20","3","2","2"
20,69,63,"Low","Low","Medium","Public","Postgraduate",64,"11-20","1","1","3"
16,76,56,"Medium","Low","Medium","Public","High School",62,"11-20","1","1","2"
26,95,77,"Medium","Medium","Medium","Public","High School",70,"21-30","2","3","3"
19,89,52,"Medium","Medium","Medium","Public","High School",68,"11-20","1","2","2"
15,76,84,"Low","Medium","High","Public","College",65,"11-20","2","1","2"
18,69,62,"Low","Medium","Medium","Public","High School",65,"11-20","1","1","2"
22,74,73,"Low","High","High","Public","Postgraduate",71,"21-30","2","3","3"
17,71,83,"Low","Medium","Medium","Public","High School",66,"11-20","2","2","2"
15,67,74,"Medium","Low","Medium","Public","College",61,"11-20","2","1","2"
21,90,62,"Low","Medium","High","Public","High School",67,"21-30","1","2","3"
21,70,94,"Medium","Low","High","Private","College",65,"21-30","3","1","3"
17,78,88,"Medium","Low","Medium","Public","High School",65,"11-20","3","1","2"
17,75,80,"Medium","Low","Medium","Private","High School",65,"11-20","2","1","2"
21,99,85,"High","Medium","Medium","Public","High School",73,"21-30","2","3","3"
11,76,71,"Medium","Medium","Low","Public","College",62,"11-20","2","1","2"
12,63,69,"Low","Medium","High","Public","College",60,"11-20","2","1","2"
16,64,58,"Low","Medium","Medium","Public","College",61,"11-20","1","1","2"
19,84,90,"High","Low","Medium","Private","Postgraduate",67,"11-20","3","2","2"
22,84,69,"Medium","Medium","High","Private","College",70,"21-30","2","3","3"
29,77,85,"Medium","Medium","Medium","Public","College",69,"21-30","2","2","3"
25,77,65,"High","Medium","Medium","Public","College",66,"21-30","2","2","3"
19,62,90,"Low","Low","High","Public","College",64,"11-20","3","1","2"
20,81,55,"Medium","High","Medium","Private","Postgraduate",68,"11-20","1","2","3"
14,80,81,"Medium","Low","Medium","Public","Postgraduate",67,"11-20","2","2","2"
20,66,90,"High","Medium","Medium","Public","College",64,"11-20","3","1","3"
18,64,83,"High","Low","Medium","Public","College",65,"11-20","2","1","2"
22,65,85,"Medium","High","Medium","Public","Postgraduate",66,"21-30","2","2","3"
15,64,76,"High","Medium","Medium","Private","High School",63,"11-20","2","1","2"
23,84,78,"Low","Low","Low","Public","High School",68,"21-30","2","2","3"
29,68,53,"Medium","Medium","Medium","Private","High School",66,"21-30","1","2","3"
19,70,63,"Low","Low","Low","Public","High School",63,"11-20","1","1","2"
22,67,86,"Low","Low","Medium","Public","High School",63,"21-30","2","1","3"
24,98,97,"Medium","Medium","Medium","Public","College",74,"21-30","3","3","3"
18,94,77,"Low","Medium","High","Public","College",70,"11-20","2","3","2"
21,69,86,"Medium","Low","Medium","Private","High School",68,"21-30","2","2","3"
20,73,84,"Medium","Medium","Medium","Public","Postgraduate",66,"11-20","2","2","3"
21,68,100,"Low","Medium","Medium","Public","High School",63,"21-30","3","1","3"
15,80,90,"Medium","Low","Medium","Public","College",67,"11-20","3","2","2"
20,61,81,"Medium","Medium","Low","Public","High School",62,"11-20","2","1","3"
23,87,56,"Medium","Medium","High","Public","Postgraduate",71,"21-30","1","3","3"
29,81,68,"Medium","Medium","Medium","Public","Postgraduate",72,"21-30","2","3","3"
26,96,63,"Medium","High","Medium","Private","Postgraduate",72,"21-30","1","3","3"
33,67,93,"High","Low","High","Public","High School",68,"30+","3","2","4"
15,92,72,"Low","Medium","Medium","Public","High School",66,"11-20","2","2","2"
25,92,77,"Medium","Low","Medium","Public","High School",70,"21-30","2","3","3"
21,65,98,"High","Low","Medium","Private","Postgraduate",66,"21-30","3","2","3"
33,76,92,"Low","High","Medium","Private","Postgraduate",72,"30+","3","3","4"
15,67,89,"Low","High","High","Public","High School",64,"11-20","3","1","2"
15,70,57,"Medium","Medium","Medium","Private","High School",63,"11-20","1","1","2"
16,71,51,"Medium","Low","Medium","Public","Postgraduate",61,"11-20","1","1","2"
7,82,56,"Medium","Low","Medium","Private","High School",62,"0-10","1","1","1"
17,76,87,"High","Medium","High","Public","High School",68,"11-20","2","2","2"
15,98,71,"Low","Medium","Medium","Public","High School",68,"11-20","2","2","2"
21,65,56,"High","Medium","Medium","Public","High School",63,"21-30","1","1","3"
22,99,87,"Low","Medium","Medium","Private","High School",70,"21-30","2","3","3"
31,69,60,"Medium","Low","Medium","Public","Postgraduate",68,"30+","1","2","4"
26,91,79,"Medium","Low","Medium","Private","High School",72,"21-30","2","3","3"
17,74,87,"Medium","Low","Low","Public","College",67,"11-20","2","2","2"
15,66,80,"Medium","Low","Medium","Private","College",61,"11-20","2","1","2"
23,94,100,"Medium","Low","Medium","Public","Postgraduate",69,"21-30","3","2","3"
12,72,72,"High","Low","High","Private","High School",61,"11-20","2","1","2"
31,86,66,"Medium","Medium","Medium","Public","College",75,"30+","2","3","4"
27,83,60,"Medium","High","Low","Public","College",68,"21-30","1","2","3"
17,79,75,"Low","Medium","High","Public","High School",65,"11-20","2","1","2"
10,80,93,"High","Medium","","Public","College",67,"0-10","3","2","2"
28,89,97,"High","Medium","Low","Public","High School",75,"21-30","3","3","3"
19,64,99,"Medium","Medium","Medium","Public","College",64,"11-20","3","1","2"
27,87,77,"Medium","Low","High","Public","High School",70,"21-30","2","3","3"
10,96,80,"Medium","Medium","Medium","Public","High School",67,"0-10","2","2","2"
16,62,79,"Low","Medium","Medium","Public","High School",63,"11-20","2","1","2"
20,66,73,"Medium","Medium","Medium","Public","College",65,"11-20","2","1","3"
20,89,58,"Medium","Medium","Medium","Public","High School",67,"11-20","1","2","3"
17,77,53,"Medium","High","Medium","Public","College",86,"11-20","1","3","2"
24,76,72,"High","Medium","High","Public","High School",67,"21-30","2","2","3"
14,65,59,"Low","High","Medium","Public","Postgraduate",63,"11-20","1","1","2"
19,80,94,"Medium","Medium","Low","Public","College",66,"11-20","3","2","2"
21,65,88,"Low","Low","Medium","Private","",65,"21-30","3","1","3"
23,79,81,"Medium","Medium","Medium","Private","High School",67,"21-30","2","2","3"
24,91,52,"Low","High","High","Public","College",69,"21-30","1","2","3"
13,70,81,"Medium","Medium","Low","Public","Postgraduate",66,"11-20","2","2","2"
11,79,81,"Medium","High","Medium","Public","High School",64,"11-20","2","1","2"
28,100,72,"Medium","Low","Medium","Public","Postgraduate",73,"21-30","2","3","3"
22,87,83,"Low","Low","Medium","Public","College",66,"21-30","2","2","3"
16,94,93,"Low","Low","Medium","Public","Postgraduate",68,"11-20","3","2","2"
29,77,88,"Low","Medium","High","Public","College",70,"21-30","3","3","3"
21,91,74,"Medium","Low","Low","Private","",69,"21-30","2","2","3"
27,62,63,"Low","High","Medium","Public","High School",67,"21-30","1","2","3"
20,65,74,"Low","Medium","Medium","Private","College",62,"11-20","2","1","3"
32,68,97,"High","Low","Medium","Public","High School",68,"30+","3","2","4"
31,76,91,"Medium","Low","Medium","Private","Postgraduate",72,"30+","3","3","4"
19,94,51,"Medium","Medium","Low","Private","Postgraduate",69,"11-20","1","2","2"
26,74,89,"Low","High","High","Private","High School",66,"21-30","3","2","3"
24,86,59,"Medium","Low","Medium","Public","High School",70,"21-30","1","3","3"
28,88,79,"Medium","Medium","Medium","Public","High School",71,"21-30","2","3","3"
14,83,90,"Medium","Low","Low","Public","College",65,"11-20","3","1","2"
24,74,78,"Medium","Low","High","Public","College",70,"21-30","2","3","3"
26,83,70,"High","Medium","High","Public","High School",65,"21-30","2","1","3"
9,74,66,"Low","High","High","Private","High School",62,"0-10","2","1","1"
13,63,65,"Medium","High","Medium","Private","High School",62,"11-20","2","1","2"
8,100,92,"Medium","Medium","High","Public","Postgraduate",70,"0-10","3","3","1"
18,65,91,"Medium","Low","Medium","Private","College",66,"11-20","3","2","2"
24,63,91,"Low","Low","Medium","Private","High School",67,"21-30","3","2","3"
29,95,64,"Medium","Medium","High","Public","High School",72,"21-30","2","3","3"
20,72,90,"Low","Low","High","Private","Postgraduate",66,"11-20","3","2","3"
30,86,52,"Medium","Medium","Medium","Public","College",68,"21-30","1","2","4"
12,73,60,"Medium","Low","Medium","Public","High School",62,"11-20","1","1","2"
10,76,76,"Medium","High","High","Private","Postgraduate",64,"0-10","2","1","2"
20,70,70,"Medium","Low","Medium","Public","Postgraduate",65,"11-20","2","1","3"
22,74,56,"Low","Medium","High","Public","Postgraduate",66,"21-30","1","2","3"
20,76,52,"Medium","Low","High","Private","High School",64,"11-20","1","1","3"
8,89,81,"Low","Low","Medium","Public","College",67,"0-10","2","2","1"
19,80,66,"Low","Medium","Medium","Public","College",69,"11-20","2","2","2"
12,98,51,"Medium","Medium","Low","Public","Postgraduate",68,"11-20","1","2","2"
24,62,72,"High","Low","Low","Public","High School",64,"21-30","2","1","3"
22,80,65,"Medium","High","Medium","Private","High School",68,"21-30","2","2","3"
14,83,79,"Medium","Medium","Low","Public","High School",64,"11-20","2","1","2"
17,97,96,"High","High","Medium","Public","Postgraduate",71,"11-20","3","3","2"
14,62,65,"Low","Low","Medium","Public","High School",61,"11-20","2","1","2"
20,83,100,"Medium","Low","Medium","Public","College",68,"11-20","3","2","3"
26,94,54,"Low","High","Medium","Public","",73,"21-30","1","3","3"
14,70,54,"Medium","Medium","Medium","Public","College",64,"11-20","1","1","2"
23,95,86,"Medium","Low","Medium","Public","Postgraduate",72,"21-30","2","3","3"
17,61,87,"High","Medium","Medium","Public","High School",65,"11-20","2","1","2"
15,89,71,"Medium","Medium","High","Public","High School",68,"11-20","2","2","2"
19,97,64,"Medium","Low","High","Public","High School",71,"11-20","2","3","2"
14,86,90,"Medium","Medium","","Public","Postgraduate",65,"11-20","3","1","2"
17,78,98,"Low","Medium","Medium","Private","High School",66,"11-20","3","2","2"
13,62,99,"Medium","Medium","Low","Public","Postgraduate",63,"11-20","3","1","2"
32,97,82,"Medium","Medium","Medium","Public","High School",74,"30+","2","3","4"
20,79,87,"Low","Medium","High","Private","High School",66,"11-20","2","2","3"
16,61,91,"High","Medium","High","Public","College",63,"11-20","3","1","2"
21,88,90,"High","High","Medium","Private","High School",72,"21-30","3","3","3"
19,79,100,"Low","High","High","Public","College",69,"11-20","3","2","2"
19,65,91,"Medium","Medium","High","Public","College",67,"11-20","3","2","2"
24,69,83,"Low","Low","Medium","Private","High School",66,"21-30","2","2","3"
25,63,69,"Medium","Low","High","Private","High School",64,"21-30","2","1","3"
17,83,80,"Medium","Medium","High","Public","College",67,"11-20","2","2","2"
17,85,94,"High","Low","Medium","Public","College",69,"11-20","3","2","2"
18,80,65,"Medium","Low","High","Public","College",65,"11-20","2","1","2"
6,93,52,"High","Medium","Medium","Public","College",64,"0-10","1","1","1"
11,94,66,"High","High","Low","Public","High School",65,"11-20","2","1","2"
28,85,98,"Medium","Low","High","Private","High School",72,"21-30","3","3","3"
30,61,90,"Medium","Low","High","Public","High School",66,"21-30","3","2","4"
19,88,59,"Medium","Low","Medium","Public","College",66,"11-20","1","2","2"
23,77,51,"Medium","Low","Low","Private","College",67,"21-30","1","2","3"
22,83,83,"High","High","Medium","Private","Postgraduate",69,"21-30","2","2","3"
38,86,79,"Low","Low","Medium","Public","High School",73,"30+","2","3","4"
27,74,54,"Medium","Medium","Medium","Public","College",69,"21-30","1","2","3"
19,97,98,"Medium","Low","Medium","Private","High School",68,"11-20","3","2","2"
14,65,81,"Medium","Low","Medium","Public","High School",61,"11-20","2","1","2"
10,87,83,"Medium","Low","Medium","Public","High School",63,"0-10","2","1","2"
21,60,93,"Low","Low","Medium","Public","High School",63,"21-30","3","1","3"
15,97,67,"Medium","Low","High","Public","College",68,"11-20","2","2","2"
11,65,78,"Medium","Low","Medium","Public","Postgraduate",63,"11-20","2","1","2"
16,64,79,"Medium","Medium","Medium","Private","Postgraduate",66,"11-20","2","2","2"
14,73,98,"Medium","Low","Medium","Public","High School",65,"11-20","3","1","2"
30,75,57,"High","Low","Medium","Public","College",68,"21-30","1","2","4"
25,69,88,"High","Low","Medium","Public","College",66,"21-30","3","2","3"
20,83,79,"Low","Medium","Medium","Public","Postgraduate",66,"11-20","2","2","3"
29,78,92,"Medium","Low","Medium","Private","High School",70,"21-30","3","3","3"
20,61,92,"Medium","Medium","Medium","Public","High School",61,"11-20","3","1","3"
15,73,51,"Medium","Low","High","Private","High School",61,"11-20","1","1","2"
29,92,63,"High","Low","High","Private","High School",71,"21-30","1","3","3"
23,88,59,"Medium","Medium","Medium","Public","High School",67,"21-30","1","2","3"
14,89,73,"Medium","Medium","High","Public","College",70,"11-20","2","3","2"
19,88,95,"Medium","Low","Medium","Private","College",69,"11-20","3","2","2"
15,72,50,"Medium","Medium","Medium","Public","High School",65,"11-20","1","1","2"
12,64,74,"High","Medium","Medium","Public","High School",61,"11-20","2","1","2"
26,71,94,"Low","Low","Medium","Public","Postgraduate",68,"21-30","3","2","3"
31,93,96,"Medium","Low","Medium","Public","High School",74,"30+","3","3","4"
12,99,83,"Low","Medium","Medium","Public","High School",67,"11-20","2","2","2"
23,80,91,"Low","High","Medium","Public","High School",70,"21-30","3","3","3"
16,60,66,"Low","High","High","Private","High School",59,"11-20","2","1","2"
17,66,64,"Low","Medium","High","Private","College",64,"11-20","2","1","2"
16,73,52,"Medium","Medium","High","Public","College",66,"11-20","1","2","2"
15,83,75,"Medium","Medium","Medium","Public","High School",63,"11-20","2","1","2"
20,63,73,"Low","High","Medium","Public","College",61,"11-20","2","1","3"
15,98,69,"Low","Low","Medium","Public","High School",68,"11-20","2","2","2"
22,75,56,"Low","Medium","Medium","Private","High School",65,"21-30","1","1","3"
20,97,62,"Medium","Medium","Medium","Private","High School",69,"11-20","1","2","3"
19,91,60,"Medium","Low","Medium","Private","High School",68,"11-20","1","2","2"
15,90,97,"Low","High","High","Public","High School",69,"11-20","3","2","2"
17,84,98,"High","Low","High","Public","College",67,"11-20","3","2","2"
25,85,50,"High","High","Medium","Public","College",70,"21-30","1","3","3"
23,86,59,"Low","Low","Medium","Public","Postgraduate",68,"21-30","1","2","3"
14,85,94,"Low","High","Medium","Public","College",67,"11-20","3","2","2"
21,82,52,"Medium","Low","Medium","Public","High School",67,"21-30","1","2","3"
25,99,97,"High","Medium","Medium","Public","College",75,"21-30","3","3","3"
10,89,69,"Low","Low","Medium","Public","College",63,"0-10","2","1","2"
23,91,77,"High","Low","Medium","Public","High School",70,"21-30","2","3","3"
16,95,88,"Low","High","High","Public","High School",70,"11-20","3","3","2"
23,69,62,"Medium","Medium","Medium","Public","High School",64,"21-30","1","1","3"
15,63,55,"Low","Medium","Low","Public","College",59,"11-20","1","1","2"
9,79,90,"High","High","Low","Public","High School",63,"0-10","3","1","1"
10,81,99,"Medium","Medium","Medium","Public","Postgraduate",67,"0-10","3","2","2"
20,93,83,"Medium","Medium","Medium","Private","High School",68,"11-20","2","2","3"
22,78,91,"Low","Medium","High","Private","Postgraduate",68,"21-30","3","2","3"
15,83,97,"Medium","Low","High","Private","High School",97,"11-20","3","3","2"
24,81,61,"Medium","Low","Low","Public","College",66,"21-30","1","2","3"
10,62,68,"High","Medium","Medium","Public","Postgraduate",61,"0-10","2","1","2"
20,85,61,"High","High","Medium","Public","College",70,"11-20","1","3","3"
13,93,53,"High","Medium","Low","Public","Postgraduate",65,"11-20","1","1","2"
16,66,87,"High","Medium","Medium","Public","High School",64,"11-20","2","1","2"
20,84,57,"High","Medium","Medium","Public","High School",69,"11-20","1","2","3"
15,84,55,"Low","Medium","Medium","Private","High School",64,"11-20","1","1","2"
18,67,68,"Low","Low","High","Private","Postgraduate",61,"11-20","2","1","2"
26,65,53,"Low","High","Medium","Public","High School",64,"21-30","1","1","3"
17,99,59,"Medium","Medium","Medium","Public","High School",68,"11-20","1","2","2"
25,76,53,"High","High","High","Public","High School",67,"21-30","1","2","3"
13,69,94,"Medium","Low","Low","Public","High School",62,"11-20","3","1","2"
23,67,89,"Medium","Low","High","Public","High School",66,"21-30","3","2","3"
29,87,93,"High","Low","Medium","Public","High School",72,"21-30","3","3","3"
5,84,93,"High","High","High","Public","College",68,"0-10","3","2","1"
15,86,97,"Medium","High","Medium","Public","High School",71,"11-20","3","3","2"
23,64,59,"High","Medium","Medium","Public","High School",65,"21-30","1","1","3"
19,96,95,"Low","Medium","Low","Private","High School",68,"11-20","3","2","2"
22,76,76,"Medium","Low","High","Public","High School",65,"21-30","2","1","3"
16,73,58,"Medium","Medium","Medium","Public","High School",64,"11-20","1","1","2"
21,78,83,"Medium","Medium","Medium","Public","High School",65,"21-30","2","1","3"
19,76,66,"Low","Low","High","Private","High School",65,"11-20","2","1","2"
27,95,52,"High","Medium","High","Private","College",73,"21-30","1","3","3"
22,97,54,"Medium","Low","High","Public","Postgraduate",72,"21-30","1","3","3"
22,72,71,"Medium","Medium","Medium","Private","College",64,"21-30","2","1","3"
18,95,91,"Low","Low","Medium","Public","Postgraduate",69,"11-20","3","2","2"
17,91,66,"High","High","Medium","Private","High School",69,"11-20","2","2","2"
17,97,88,"Medium","Medium","Medium","Public","High School",70,"11-20","3","3","2"
22,70,53,"Low","Low","Medium","Public","High School",83,"21-30","1","3","3"
17,83,70,"Low","Low","Medium","Private","Postgraduate",68,"11-20","2","2","2"
22,71,56,"High","Low","High","Public","College",84,"21-30","1","3","3"
32,93,93,"High","Medium","High","Public","Postgraduate",75,"30+","3","3","4"
25,60,98,"Medium","Medium","Medium","Public","Postgraduate",67,"21-30","3","2","3"
18,83,66,"Medium","High","Medium","Private","Postgraduate",69,"11-20","2","2","2"
27,74,99,"High","Medium","Medium","Public","High School",71,"21-30","3","3","3"
18,73,88,"Medium","Medium","Medium","Public","College",66,"11-20","3","2","2"
8,86,50,"High","Medium","Medium","Public","College",65,"0-10","1","1","1"
14,94,74,"Medium","High","Medium","Private","College",70,"11-20","2","3","2"
9,84,92,"High","Low","High","Public","Postgraduate",66,"0-10","3","2","1"
18,94,77,"Medium","Medium","High","Public","Postgraduate",74,"11-20","2","3","2"
20,71,77,"Medium","High","","Private","High School",66,"11-20","2","2","3"
30,81,72,"Low","Low","Medium","Public","High School",68,"21-30","2","2","4"
22,78,70,"Medium","Low","Medium","Public","College",68,"21-30","2","2","3"
19,60,51,"Medium","Medium","Medium","Public","College",62,"11-20","1","1","2"
25,82,81,"Medium","Medium","Medium","Private","Postgraduate",71,"21-30","2","3","3"
7,86,88,"Medium","Low","Medium","Public","College",63,"0-10","3","1","1"
21,84,90,"Medium","Medium","Low","Public","High School",69,"21-30","3","2","3"
25,89,81,"High","Medium","Medium","Public","College",71,"21-30","2","3","3"
11,83,67,"Medium","Medium","Medium","Public","Postgraduate",66,"11-20","2","2","2"
27,63,51,"Low","Low","Medium","Public","Postgraduate",64,"21-30","1","1","3"
22,65,95,"Low","Low","Medium","Public","High School",65,"21-30","3","1","3"
18,84,71,"Medium","Medium","Low","Public","High School",69,"11-20","2","2","2"
24,71,80,"Medium","Medium","High","Private","High School",66,"21-30","2","2","3"
34,63,60,"Low","Medium","Medium","Public","High School",67,"30+","1","2","4"
21,77,57,"Medium","Low","Medium","Public","High School",65,"21-30","1","1","3"
21,82,54,"High","Low","Medium","Public","College",65,"21-30","1","1","3"
17,73,90,"High","Low","Medium","Private","High School",67,"11-20","3","2","2"
15,89,82,"Low","Medium","Medium","Public","College",66,"11-20","2","2","2"
25,86,81,"Low","High","Low","Public","High School",69,"21-30","2","2","3"
15,73,96,"Low","Low","Medium","Public","College",64,"11-20","3","1","2"
20,90,58,"High","High","High","Private","High School",70,"11-20","1","3","3"
17,86,59,"Low","Low","Medium","Public","Postgraduate",68,"11-20","1","2","2"
23,85,59,"Low","Medium","Medium","Public","",68,"21-30","1","2","3"
22,82,71,"Low","High","","Private","High School",69,"21-30","2","2","3"
26,60,94,"High","High","Medium","Public","High School",68,"21-30","3","2","3"
17,88,94,"Medium","Medium","Medium","Public","College",70,"11-20","3","3","2"
18,75,80,"Medium","Low","High","Public","High School",67,"11-20","2","2","2"
14,98,83,"Medium","Low","Medium","Public","College",72,"11-20","2","3","2"
17,93,95,"Medium","Low","Medium","Public","High School",69,"11-20","3","2","2"
22,84,81,"Medium","Medium","Low","Private","High School",69,"21-30","2","2","3"
25,70,61,"Low","Low","Medium","Public","College",64,"21-30","1","1","3"
14,68,85,"Medium","Medium","Medium","Public","High School",63,"11-20","2","1","2"
25,74,88,"Medium","Medium","High","Public","High School",70,"21-30","3","3","3"
28,79,82,"Medium","Medium","Medium","Private","High School",70,"21-30","2","3","3"
22,72,64,"Low","Medium","Medium","Public","College",66,"21-30","2","2","3"
31,81,70,"Low","Low","Medium","Public","Postgraduate",70,"30+","2","3","4"
15,67,74,"High","High","Medium","Public","Postgraduate",66,"11-20","2","2","2"
13,99,57,"Medium","Low","Medium","Public","College",68,"11-20","1","2","2"
9,64,73,"Medium","Medium","Medium","Public","College",61,"0-10","2","1","1"
29,97,58,"Medium","High","Medium","Private","College",72,"21-30","1","3","3"
24,97,75,"Low","Medium","Medium","Public","High School",69,"21-30","2","2","3"
20,81,53,"Low","Medium","Low","Public","",63,"11-20","1","1","3"
22,89,97,"Medium","Medium","Medium","Private","High School",72,"21-30","3","3","3"
13,77,62,"Medium","High","Medium","Private","College",65,"11-20","1","1","2"
35,85,73,"High","High","Medium","Public","High School",74,"30+","2","3","4"
21,74,52,"Low","High","Medium","Public","High School",62,"21-30","1","1","3"
21,72,60,"Low","Low","Medium","Private","Postgraduate",65,"21-30","1","1","3"
24,83,85,"Low","Low","High","Public","High School",68,"21-30","2","2","3"
23,80,56,"Medium","Medium","Medium","Public","",66,"21-30","1","2","3"
21,83,81,"Low","High","Medium","Public","Postgraduate",71,"21-30","2","3","3"
15,71,50,"Low","Medium","Medium","Public","Postgraduate",62,"11-20","1","1","2"
23,75,73,"Low","Low","Medium","Public","High School",65,"21-30","2","1","3"
31,63,86,"Low","High","Medium","Public","Postgraduate",68,"30+","2","2","4"
28,62,96,"Medium","Medium","High","Public","High School",70,"21-30","3","3","3"
30,70,75,"Medium","Medium","","Private","High School",67,"21-30","2","2","4"
17,63,92,"Medium","Low","Medium","Public","High School",63,"11-20","3","1","2"
14,64,90,"Low","Low","High","Private","High School",63,"11-20","3","1","2"
19,93,65,"Medium","Medium","High","Public","High School",69,"11-20","2","2","2"
20,62,94,"High","Medium","Medium","Public","Postgraduate",66,"11-20","3","2","3"
27,86,82,"Low","Low","Medium","Public","High School",70,"21-30","2","3","3"
10,71,55,"High","Low","High","Public","College",63,"0-10","1","1","2"
29,95,97,"Medium","Medium","Medium","Private","College",72,"21-30","3","3","3"
19,79,59,"Low","Medium","Medium","Public","College",65,"11-20","1","1","2"
17,72,74,"Low","High","Medium","Public","Postgraduate",67,"11-20","2","2","2"
14,81,73,"Low","High","Medium","Private","High School",63,"11-20","2","1","2"
10,75,81,"Medium","Low","High","Public","High School",65,"0-10","2","1","2"
25,83,83,"Medium","Low","Medium","Public","High School",67,"21-30","2","2","3"
20,65,62,"High","Medium","Medium","Public","Postgraduate",80,"11-20","1","3","3"
12,100,68,"Medium","Low","Medium","Public","College",68,"11-20","2","2","2"
12,77,57,"Medium","Low","High","Public","College",63,"11-20","1","1","2"
18,74,56,"Medium","Medium","Medium","Private","College",64,"11-20","1","1","2"
30,88,91,"Medium","Medium","Low","Public","High School",73,"21-30","3","3","4"
18,75,88,"Low","Medium","High","Public","Postgraduate",66,"11-20","3","2","2"
11,93,72,"Low","Low","Medium","Public","College",66,"11-20","2","2","2"
19,78,55,"Medium","Medium","Medium","Public","High School",66,"11-20","1","2","2"
18,89,72,"Low","Medium","Low","Public","High School",69,"11-20","2","2","2"
4,64,65,"Medium","Medium","High","Public","High School",59,"0-10","2","1","1"
20,94,89,"Medium","Low","Medium","Private","High School",68,"11-20","3","2","3"
19,89,55,"Medium","Low","Medium","Private","Postgraduate",67,"11-20","1","2","2"
24,68,73,"Low","Medium","Medium","Public","High School",64,"21-30","2","1","3"
31,66,80,"Low","Low","Low","Private","High School",65,"30+","2","1","4"
27,73,99,"Low","Low","Medium","Public","College",68,"21-30","3","2","3"
18,99,54,"Low","Medium","Medium","Public","Postgraduate",70,"11-20","1","3","2"
13,70,56,"Medium","Medium","High","Public","High School",62,"11-20","1","1","2"
35,78,99,"Medium","Low","Medium","Private","High School",72,"30+","3","3","4"
20,61,70,"Low","Medium","Medium","Private","High School",62,"11-20","2","1","3"
20,76,87,"Low","Low","Medium","Public","Postgraduate",68,"11-20","2","2","3"
20,83,89,"Medium","Low","High","Private","High School",69,"11-20","3","2","3"
21,98,66,"Low","High","High","Public","High School",73,"21-30","2","3","3"
19,81,61,"Low","Medium","Medium","Private","Postgraduate",69,"11-20","1","2","2"
17,93,64,"Medium","Medium","Medium","Public","High School",67,"11-20","2","2","2"
17,82,88,"Low","Low","Low","Private","Postgraduate",65,"11-20","3","1","2"
20,62,92,"High","Medium","Medium","Public","Postgraduate",63,"11-20","3","1","3"
17,73,85,"Medium","Low","Medium","Public","High School",66,"11-20","2","2","2"
16,83,72,"Medium","Low","High","Public","College",66,"11-20","2","2","2"
21,98,63,"Low","Low","High","Public","Postgraduate",70,"21-30","1","3","3"
18,94,71,"Low","High","Medium","Public","Postgraduate",69,"11-20","2","2","2"
29,69,96,"Low","High","Medium","Public","High School",70,"21-30","3","3","3"
4,69,93,"Low","Medium","High","Private","High School",58,"0-10","3","1","1"
27,68,66,"Medium","High","Medium","Private","High School",67,"21-30","2","2","3"
27,97,66,"Low","Low","","Public","High School",73,"21-30","2","3","3"
8,94,89,"High","Medium","Medium","Public","High School",66,"0-10","3","2","1"
18,91,71,"High","Medium","Medium","Public","High School",70,"11-20","2","3","2"
18,76,79,"Medium","Medium","Medium","Private","Postgraduate",67,"11-20","2","2","2"
12,80,71,"High","Low","Low","Private","High School",60,"11-20","2","1","2"
15,79,62,"Low","Low","Low","Public","College",65,"11-20","1","1","2"
13,70,59,"Medium","Medium","High","Private","Postgraduate",63,"11-20","1","1","2"
31,80,57,"Low","Medium","High","Private","High School",72,"30+","1","3","4"
26,61,51,"High","Low","Medium","Private","High School",62,"21-30","1","1","3"
28,65,64,"Medium","Medium","High","Public","Postgraduate",70,"21-30","2","3","3"
24,95,59,"Medium","Low","High","Public","College",70,"21-30","1","3","3"
13,90,63,"Medium","Low","Medium","Public","High School",64,"11-20","1","1","2"
17,77,54,"Low","Low","Medium","Public","High School",64,"11-20","1","1","2"
23,81,67,"Medium","Medium","High","Private","",67,"21-30","2","2","3"
13,75,76,"High","Medium","High","Public","",64,"11-20","2","1","2"
24,90,97,"Low","High","High","Public","High School",72,"21-30","3","3","3"
19,91,67,"Medium","Medium","Medium","Private","College",66,"11-20","2","2","2"
18,91,52,"Medium","Medium","Medium","Public","High School",66,"11-20","1","2","2"
24,89,68,"Medium","Low","High","Public","Postgraduate",71,"21-30","2","3","3"
23,68,91,"Medium","Low","Medium","Public","Postgraduate",66,"21-30","3","2","3"
18,74,67,"High","Low","High","Public","High School",64,"11-20","2","1","2"
27,79,65,"Low","Medium","Medium","Private","College",66,"21-30","2","2","3"
14,73,96,"Low","Low","Medium","Public","High School",62,"11-20","3","1","2"
24,90,65,"Medium","Low","Medium","Public","High School",70,"21-30","2","3","3"
24,73,99,"Medium","Medium","High","Private","High School",69,"21-30","3","2","3"
18,66,92,"Medium","Low","Medium","Private","High School",65,"11-20","3","1","2"
22,76,84,"High","Medium","High","Public","High School",70,"21-30","2","3","3"
12,99,80,"Medium","High","Medium","Public","High School",70,"11-20","2","3","2"
26,69,61,"Medium","High","High","Public","College",67,"21-30","1","2","3"
19,84,87,"Low","Low","High","Public","High School",69,"11-20","2","2","2"
17,77,67,"Low","Low","High","Public","High School",62,"11-20","2","1","2"
26,63,74,"Medium","Low","Medium","Private","High School",67,"21-30","2","2","3"
16,80,55,"High","Low","Medium","Public","College",65,"11-20","1","1","2"
12,88,65,"Medium","Low","Medium","Public","High School",65,"11-20","2","1","2"
11,81,76,"Medium","Low","","Public","Postgraduate",65,"11-20","2","1","2"
24,95,73,"Medium","Low","Medium","Public","High School",69,"21-30","2","2","3"
12,72,67,"Low","Medium","Medium","Public","High School",63,"11-20","2","1","2"
31,63,74,"Low","Medium","Medium","Public","College",66,"30+","2","2","4"
8,97,87,"Medium","Medium","Medium","Public","High School",67,"0-10","2","2","1"
30,75,73,"High","Medium","Medium","Public","College",69,"21-30","2","2","4"
21,83,75,"High","Low","High","Public","High School",67,"21-30","2","2","3"
19,92,85,"Medium","Medium","High","Private","High School",70,"11-20","2","3","2"
17,73,92,"Medium","High","Medium","Private","High School",67,"11-20","3","2","2"
22,89,76,"Medium","Low","Medium","Public","High School",70,"21-30","2","3","3"
20,65,97,"Medium","Low","Low","Private","High School",65,"11-20","3","1","3"
27,72,68,"Medium","Medium","High","Public","College",63,"21-30","2","1","3"
21,66,63,"Medium","High","Medium","Public","High School",64,"21-30","1","1","3"
21,92,85,"Low","High","Medium","Public","High School",69,"21-30","2","2","3"
18,69,59,"Low","Low","Medium","Public","High School",60,"11-20","1","1","2"
20,89,95,"Medium","Low","Medium","Public","High School",69,"11-20","3","2","3"
22,98,69,"Medium","High","Medium","Private","High School",72,"21-30","2","3","3"
10,81,85,"Low","Low","Medium","Public","College",63,"0-10","2","1","2"
12,82,79,"High","Low","Medium","Private","College",63,"11-20","2","1","2"
24,78,53,"High","Medium","Medium","Public","",66,"21-30","1","2","3"
21,73,85,"Medium","Medium","High","Public","College",70,"21-30","2","3","3"
19,79,90,"Medium","High","Medium","Public","College",68,"11-20","3","2","2"
20,84,99,"Low","Medium","Medium","Private","High School",69,"11-20","3","2","3"
22,99,71,"High","Medium","High","Public","College",72,"21-30","2","3","3"
17,98,75,"Low","Low","Low","Private","College",67,"11-20","2","2","2"
15,94,94,"Low","High","Medium","Public","High School",68,"11-20","3","2","2"
21,96,63,"Medium","Medium","Medium","Private","Postgraduate",70,"21-30","1","3","3"
14,79,59,"Medium","Medium","High","Public","Postgraduate",68,"11-20","1","2","2"
22,86,57,"High","Medium","Medium","Public","College",69,"21-30","1","2","3"
10,96,99,"Medium","Medium","Medium","Private","College",68,"0-10","3","2","2"
26,76,64,"Low","Medium","Medium","Public","College",66,"21-30","2","2","3"
23,98,88,"High","Low","Medium","Public","Postgraduate",72,"21-30","3","3","3"
22,77,72,"Medium","Medium","High","Public","High School",67,"21-30","2","2","3"
26,84,62,"Medium","High","High","Public","High School",70,"21-30","1","3","3"
30,88,96,"Medium","Medium","High","Private","High School",73,"21-30","3","3","4"
26,98,73,"High","High","Low","Public","Postgraduate",73,"21-30","2","3","3"
9,70,78,"Low","Medium","Low","Public","High School",60,"0-10","2","1","1"
12,90,61,"Low","Medium","High","Public","College",67,"11-20","1","2","2"
16,81,66,"Medium","High","High","Private","High School",69,"11-20","2","2","2"
20,71,87,"High","Medium","Medium","Public","High School",65,"11-20","2","1","3"
23,91,67,"Low","Low","Medium","Public","",70,"21-30","2","3","3"
16,82,75,"Low","Medium","","Public","College",68,"11-20","2","2","2"
21,86,56,"Medium","Low","High","Private","College",66,"21-30","1","2","3"
15,73,93,"Medium","Low","High","Public","College",65,"11-20","3","1","2"
16,79,87,"Medium","Low","Medium","Public","College",64,"11-20","2","1","2"
12,85,88,"High","Low","Medium","Public","College",67,"11-20","3","2","2"
14,76,59,"Low","Medium","Medium","Private","High School",65,"11-20","1","1","2"
12,68,75,"Medium","Medium","Low","Private","High School",64,"11-20","2","1","2"
14,98,51,"Medium","Medium","Low","Public","High School",67,"11-20","1","2","2"
26,80,66,"Medium","High","Medium","Public","Postgraduate",70,"21-30","2","3","3"
14,89,67,"Low","Low","Low","Private","High School",63,"11-20","2","1","2"
36,76,96,"Medium","Low","Medium","Private","College",71,"30+","3","3","4"
23,74,100,"Low","High","Low","Private","High School",68,"21-30","3","2","3"
21,76,81,"Medium","Medium","High","Private","College",67,"21-30","2","2","3"
15,76,76,"Medium","Medium","High","Public","Postgraduate",67,"11-20","2","2","2"
24,82,72,"Medium","Medium","High","Public","Postgraduate",68,"21-30","2","2","3"
17,82,51,"Medium","Low","Medium","Public","Postgraduate",66,"11-20","1","2","2"
21,80,90,"Medium","Medium","Medium","Public","College",68,"21-30","3","2","3"
35,65,84,"High","Medium","Medium","Public","High School",70,"30+","2","3","4"
19,80,82,"Medium","Low","Low","Public","College",67,"11-20","2","2","2"
27,67,90,"Medium","High","High","Private","High School",67,"21-30","3","2","3"
16,65,96,"Low","Low","Medium","Public","High School",62,"11-20","3","1","2"
20,97,69,"Low","Low","Low","Public","High School",67,"11-20","2","2","3"
31,84,71,"Low","Low","Medium","Public","High School",70,"30+","2","3","4"
16,86,99,"Medium","Low","High","Private","College",72,"11-20","3","3","2"
31,76,83,"Medium","High","Medium","Private","High School",70,"30+","2","3","4"
24,96,93,"Medium","Low","Medium","Public","High School",94,"21-30","3","3","3"
17,86,61,"Medium","High","Medium","Public","High School",66,"11-20","1","2","2"
24,91,66,"High","Low","High","Public","High School",69,"21-30","2","2","3"
26,75,70,"Low","High","Low","Private","Postgraduate",68,"21-30","2","2","3"
24,98,66,"High","Low","Medium","Public","High School",71,"21-30","2","3","3"
11,93,94,"Medium","Low","High","Public","High School",69,"11-20","3","2","2"
16,94,76,"Low","Medium","Medium","Public","High School",67,"11-20","2","2","2"
19,67,98,"Medium","Low","Medium","Private","Postgraduate",64,"11-20","3","1","2"
20,71,66,"Medium","Medium","Low","Private","College",63,"11-20","2","1","3"
24,71,52,"Medium","Medium","Medium","Private","College",66,"21-30","1","2","3"
21,71,57,"Low","High","Medium","Public","Postgraduate",66,"21-30","1","2","3"
12,94,61,"Medium","High","High","Public","College",69,"11-20","1","2","2"
22,61,82,"Low","Medium","Medium","Public","High School",64,"21-30","2","1","3"
24,63,59,"Low","Low","Medium","Public","High School",62,"21-30","1","1","3"
23,71,69,"High","Low","Medium","Public","",66,"21-30","2","2","3"
26,68,90,"Medium","Low","High","Private","High School",70,"21-30","3","3","3"
25,69,56,"Medium","Low","Medium","Private","High School",67,"21-30","1","2","3"
23,92,54,"Medium","High","Low","Public","Postgraduate",68,"21-30","1","2","3"
20,83,77,"High","Low","Medium","Public","",67,"11-20","2","2","3"
10,60,85,"Medium","Medium","High","Public","Postgraduate",62,"0-10","2","1","2"
23,77,96,"Medium","High","Medium","Private","College",67,"21-30","3","2","3"
21,76,83,"Medium","Low","Medium","Public","High School",68,"21-30","2","2","3"
22,65,97,"Low","Medium","High","Private","High School",64,"21-30","3","1","3"
12,87,62,"Medium","Medium","Medium","Public","High School",64,"11-20","1","1","2"
14,88,67,"Medium","High","Low","Public","Postgraduate",66,"11-20","2","2","2"
26,89,92,"Medium","Low","High","Public","Postgraduate",72,"21-30","3","3","3"
20,89,91,"Medium","Medium","Medium","Public","High School",72,"11-20","3","3","3"
24,60,83,"High","Medium","Low","Public","High School",66,"21-30","2","2","3"
20,98,75,"High","Medium","Medium","Private","College",72,"11-20","2","3","3"
20,93,51,"Low","Medium","Medium","Public","High School",69,"11-20","1","2","3"
26,96,64,"Low","Medium","Medium","Private","High School",72,"21-30","2","3","3"
17,61,58,"Medium","Medium","High","Public","High School",60,"11-20","1","1","2"
21,97,53,"Medium","High","Medium","Public","High School",69,"21-30","1","2","3"
17,92,89,"Medium","Low","Low","Public","High School",68,"11-20","3","2","2"
17,93,57,"High","Low","High","Private","College",69,"11-20","1","2","2"
18,64,68,"Low","Low","Medium","Public","High School",62,"11-20","2","1","2"
21,90,99,"Low","Low","High","Public","",71,"21-30","3","3","3"
17,98,70,"Low","High","Medium","Private","High School",70,"11-20","2","3","2"
28,87,57,"Medium","Medium","High","Private","High School",68,"21-30","1","2","3"
15,83,84,"Medium","High","High","Public","College",68,"11-20","2","2","2"
19,98,90,"Low","High","Medium","Private","College",70,"11-20","3","3","2"
17,78,64,"Medium","Low","Medium","Private","High School",65,"11-20","2","1","2"
29,84,90,"Medium","Medium","High","Public","Postgraduate",73,"21-30","3","3","3"
21,79,64,"Low","Low","High","Public","College",66,"21-30","2","2","3"
26,97,85,"Low","High","Low","Public","High School",71,"21-30","2","3","3"
11,63,56,"High","Medium","Medium","Public","High School",62,"11-20","1","1","2"
22,80,71,"High","Low","Medium","Private","High School",68,"21-30","2","2","3"
25,87,76,"Low","Low","High","Public","College",70,"21-30","2","3","3"
20,92,86,"Low","Medium","Medium","Public","Postgraduate",68,"11-20","2","2","3"
26,83,83,"Medium","Low","High","Public","College",71,"21-30","2","3","3"
17,96,93,"Medium","Medium","Low","Public","High School",70,"11-20","3","3","2"
28,98,59,"Medium","Low","Medium","Public","High School",72,"21-30","1","3","3"
34,63,83,"Medium","Medium","High","Public","College",69,"30+","2","2","4"
18,76,56,"Medium","Low","Low","Public","College",63,"11-20","1","1","2"
17,61,74,"High","Medium","Medium","Public","Postgraduate",62,"11-20","2","1","2"
29,73,76,"Medium","Low","High","Private","High School",68,"21-30","2","2","3"
29,81,51,"Low","Medium","Medium","Public","Postgraduate",70,"21-30","1","3","3"
17,96,54,"Medium","Medium","Medium","Private","High School",69,"11-20","1","2","2"
17,94,92,"Low","Low","Medium","Private","High School",68,"11-20","3","2","2"
18,65,64,"Medium","High","Medium","Public","High School",65,"11-20","2","1","2"
12,64,67,"Medium","Low","Medium","Private","High School",59,"11-20","2","1","2"
14,84,82,"Medium","Low","Medium","Public","College",66,"11-20","2","2","2"
14,81,61,"Low","Low","Medium","Public","High School",64,"11-20","1","1","2"
15,71,60,"High","Low","High","Public","High School",63,"11-20","1","1","2"
20,96,71,"Medium","Low","High","Public","College",72,"11-20","2","3","3"
21,97,53,"Low","Low","Medium","Public","High School",67,"21-30","1","2","3"
29,76,96,"Low","Low","Medium","Public","Postgraduate",94,"21-30","3","3","3"
14,96,97,"Low","Medium","Medium","Public","High School",70,"11-20","3","3","2"
26,75,72,"Medium","Low","High","Public","High School",66,"21-30","2","2","3"
19,89,60,"Low","Medium","Medium","Public","Postgraduate",69,"11-20","1","2","2"
20,79,74,"Low","Low","Medium","Public","High School",64,"11-20","2","1","3"
24,65,55,"Low","Low","High","Private","High School",63,"21-30","1","1","3"
13,97,70,"Medium","Low","High","Public","Postgraduate",71,"11-20","2","3","2"
22,78,54,"Medium","Medium","Medium","Public","High School",65,"21-30","1","1","3"
21,89,85,"Low","Medium","Medium","Public","College",68,"21-30","2","2","3"
23,75,64,"High","Low","Medium","Public","High School",64,"21-30","2","1","3"
22,61,76,"High","High","High","Public","College",64,"21-30","2","1","3"
35,64,51,"Medium","Medium","Medium","Public","High School",66,"30+","1","2","4"
16,80,76,"Medium","Medium","High","Public","College",68,"11-20","2","2","2"
17,88,50,"Medium","Low","High","Public","College",67,"11-20","1","2","2"
16,73,96,"Medium","Medium","Medium","Private","High School",66,"11-20","3","2","2"
17,88,75,"Medium","Medium","Medium","Public","High School",68,"11-20","2","2","2"
16,88,55,"Medium","Low","Low","Public","Postgraduate",66,"11-20","1","2","2"
27,88,67,"Medium","High","Medium","Public","College",71,"21-30","2","3","3"
29,80,52,"Medium","Low","Medium","Public","High School",71,"21-30","1","3","3"
17,97,77,"Medium","Low","Medium","Private","College",68,"11-20","2","2","2"
15,80,56,"High","Medium","Medium","Public","High School",64,"11-20","1","1","2"
23,78,74,"Low","Medium","Medium","Public","High School",67,"21-30","2","2","3"
17,68,65,"High","Medium","Medium","Private","High School",64,"11-20","2","1","2"
24,72,88,"High","Low","Medium","Public","High School",68,"21-30","3","2","3"
21,62,74,"High","Low","High","Private","Postgraduate",62,"21-30","2","1","3"
11,85,92,"Low","Medium","High","Public","College",64,"11-20","3","1","2"
29,70,97,"Low","Low","High","Public","Postgraduate",70,"21-30","3","3","3"
31,72,98,"High","Low","Medium","Public","College",68,"30+","3","2","4"
16,91,63,"High","Medium","High","Public","College",69,"11-20","1","2","2"
18,73,88,"Low","Low","Medium","Public","College",65,"11-20","3","1","2"
22,70,72,"Medium","High","Medium","Public","High School",67,"21-30","2","2","3"
22,67,71,"Low","Medium","","Public","College",65,"21-30","2","1","3"
24,91,93,"Low","Medium","Medium","Public","High School",71,"21-30","3","3","3"
32,65,57,"Low","Low","Medium","Public","High School",65,"30+","1","1","4"
19,78,74,"Low","Low","Medium","Public","High School",66,"11-20","2","2","2"
15,80,80,"Medium","Low","Low","Public","High School",65,"11-20","2","1","2"
12,87,53,"Low","Medium","Medium","Private","College",65,"11-20","1","1","2"
16,85,93,"High","Medium","High","Public","High School",68,"11-20","3","2","2"
20,92,66,"Medium","Medium","Medium","Public","College",68,"11-20","2","2","3"
31,62,83,"Medium","Medium","High","Private","College",67,"30+","2","2","4"
17,72,96,"High","High","Medium","Public","High School",65,"11-20","3","1","2"
21,71,86,"Medium","Medium","High","Public","College",66,"21-30","2","2","3"
20,66,94,"Low","Medium","Low","Public","High School",63,"11-20","3","1","3"
27,72,53,"Medium","High","Medium","Private","Postgraduate",70,"21-30","1","3","3"
35,72,75,"Medium","Low","Medium","Public","College",72,"30+","2","3","4"
17,81,78,"Medium","Low","Medium","Private","High School",67,"11-20","2","2","2"
17,87,84,"Medium","Medium","Medium","Public","College",67,"11-20","2","2","2"
26,75,56,"Medium","Low","Medium","Public","High School",66,"21-30","1","2","3"
24,89,83,"Medium","Low","Low","Public","High School",66,"21-30","2","2","3"
31,73,57,"Medium","Low","High","Public","High School",69,"30+","1","2","4"
24,72,53,"Medium","Low","High","Private","High School",62,"21-30","1","1","3"
18,82,73,"Low","Low","Medium","Public","College",66,"11-20","2","2","2"
24,61,80,"High","Low","Medium","Public","Postgraduate",64,"21-30","2","1","3"
27,63,98,"Medium","Low","High","Public","High School",67,"21-30","3","2","3"
25,77,85,"Medium","Medium","Medium","Public","College",71,"21-30","2","3","3"
23,98,80,"Medium","Medium","Medium","Public","",73,"21-30","2","3","3"
26,89,61,"Low","Medium","High","Public","High School",68,"21-30","1","2","3"
27,64,58,"Medium","High","High","Public","Postgraduate",66,"21-30","1","2","3"
28,94,80,"Medium","Low","High","Public","Postgraduate",75,"21-30","2","3","3"
24,89,61,"Medium","Low","High","Public","Postgraduate",72,"21-30","1","3","3"
19,84,85,"Medium","High","Medium","Private","High School",68,"11-20","2","2","2"
21,93,56,"Medium","Low","Medium","Public","High School",68,"21-30","1","2","3"
27,76,67,"Medium","Medium","Medium","Public","High School",69,"21-30","2","2","3"
15,69,89,"Medium","Low","High","Public","College",63,"11-20","3","1","2"
22,80,92,"Medium","Medium","High","Public","High School",70,"21-30","3","3","3"
18,82,67,"Low","High","Low","Private","Postgraduate",66,"11-20","2","2","2"
20,82,60,"Medium","Medium","High","Public","High School",66,"11-20","1","2","3"
28,83,98,"Medium","Low","High","Private","Postgraduate",72,"21-30","3","3","3"
21,98,88,"Medium","Medium","Low","Public","Postgraduate",71,"21-30","3","3","3"
20,96,90,"Medium","Low","Medium","Private","College",72,"11-20","3","3","3"
12,95,61,"High","High","High","Private","College",69,"11-20","1","2","2"
24,92,71,"Low","Low","High","Public","High School",71,"21-30","2","3","3"
24,98,53,"Medium","High","Low","Private","Postgraduate",69,"21-30","1","2","3"
33,64,55,"Medium","Medium","High","Public","College",68,"30+","1","2","4"
18,71,61,"Low","Low","Medium","Public","College",61,"11-20","1","1","2"
21,80,65,"High","Medium","Low","Private","Postgraduate",68,"21-30","2","2","3"
21,94,100,"Low","Low","Medium","Public","Postgraduate",72,"21-30","3","3","3"
29,80,71,"Medium","Medium","Medium","Public","College",70,"21-30","2","3","3"
19,90,85,"High","Medium","High","Private","Postgraduate",73,"11-20","2","3","2"
22,66,95,"Low","Medium","Medium","Private","High School",67,"21-30","3","2","3"
24,70,62,"Medium","Low","Medium","Private","College",65,"21-30","1","1","3"
21,89,57,"Medium","High","Medium","Private","High School",68,"21-30","1","2","3"
17,67,62,"High","Medium","Medium","Public","High School",65,"11-20","1","1","2"
21,74,94,"Medium","Low","High","Public","High School",97,"21-30","3","3","3"
26,71,83,"Low","Medium","Medium","Public","College",66,"21-30","2","2","3"
14,74,73,"High","Medium","Medium","Private","High School",67,"11-20","2","2","2"
21,88,91,"Medium","High","Medium","Public","High School",70,"21-30","3","3","3"
16,75,62,"Medium","Low","Medium","Public","High School",66,"11-20","1","2","2"
27,82,62,"Low","Low","High","Private","High School",69,"21-30","1","2","3"
11,64,78,"Low","Low","High","Private","College",62,"11-20","2","1","2"
17,92,90,"High","High","Low","Public","High School",68,"11-20","3","2","2"
22,75,63,"Low","Low","Medium","Public","College",67,"21-30","1","2","3"
29,86,61,"Medium","Medium","Medium","Public","High School",68,"21-30","1","2","3"
20,89,74,"Medium","Low","High","Private","High School",69,"11-20","2","2","3"
17,68,57,"Medium","High","Medium","Private","High School",62,"11-20","1","1","2"
31,95,87,"Medium","Low","Medium","Public","Postgraduate",75,"30+","2","3","4"
11,85,79,"Low","High","Low","Public","High School",65,"11-20","2","1","2"
7,77,76,"Medium","Medium","High","Public","College",63,"0-10","2","1","1"
23,67,94,"Low","Medium","Medium","Public","College",66,"21-30","3","2","3"
17,98,87,"High","Medium","Medium","Private","College",71,"11-20","2","3","2"
14,90,57,"Medium","Medium","Medium","Public","College",66,"11-20","1","2","2"
24,68,71,"Medium","Medium","Medium","Public","College",66,"21-30","2","2","3"
21,74,66,"Low","Medium","High","Private","High School",66,"21-30","2","2","3"
17,92,90,"Medium","High","Low","Public","",71,"11-20","3","3","2"
12,88,86,"High","Medium","High","Public","High School",68,"11-20","2","2","2"
25,91,74,"High","Medium","High","Private","College",71,"21-30","2","3","3"
24,78,91,"Low","High","High","Public","Postgraduate",68,"21-30","3","2","3"
19,89,71,"Medium","Low","High","Public","High School",68,"11-20","2","2","2"
31,75,90,"Low","Medium","High","Public","High School",68,"30+","3","2","4"
14,68,52,"Medium","Low","Medium","Public","College",62,"11-20","1","1","2"
11,85,57,"High","Medium","High","Public","High School",65,"11-20","1","1","2"
16,99,88,"High","Low","Low","Public","Postgraduate",71,"11-20","3","3","2"
20,72,56,"Low","Low","Medium","Public","College",63,"11-20","1","1","3"
21,78,84,"Low","High","Low","Public","High School",68,"21-30","2","2","3"
19,87,86,"Low","Medium","High","Public","High School",69,"11-20","2","2","2"
22,82,83,"Medium","Low","High","Private","College",69,"21-30","2","2","3"
12,94,91,"Low","Medium","Medium","Private","Postgraduate",71,"11-20","3","3","2"
29,90,76,"Medium","Low","Medium","Public","Postgraduate",71,"21-30","2","3","3"
20,62,95,"Low","Medium","Medium","Private","High School",62,"11-20","3","1","3"
27,100,78,"Low","Medium","Medium","Public","High School",70,"21-30","2","3","3"
22,90,75,"High","Low","Low","Private","College",70,"21-30","2","3","3"
23,95,75,"Medium","High","Medium","Public","College",73,"21-30","2","3","3"
23,86,96,"Low","Medium","Medium","Private","High School",71,"21-30","3","3","3"
23,94,62,"Medium","Low","Medium","Public","Postgraduate",69,"21-30","1","2","3"
24,64,85,"High","High","Low","Private","Postgraduate",66,"21-30","2","2","3"
28,74,62,"Medium","Low","Medium","Private","High School",65,"21-30","1","1","3"
21,95,55,"Medium","Medium","High","Private","College",71,"21-30","1","3","3"
24,68,98,"High","Medium","High","Public","High School",68,"21-30","3","2","3"
19,63,56,"Medium","Low","Medium","Private","High School",64,"11-20","1","1","2"
29,92,84,"Medium","Low","Medium","Public","Postgraduate",71,"21-30","2","3","3"
16,93,71,"Medium","Medium","High","Public","High School",67,"11-20","2","2","2"
31,67,92,"High","Medium","Medium","Public","High School",66,"30+","3","2","4"
20,94,89,"Medium","Low","Medium","Public","High School",71,"11-20","3","3","3"
11,87,57,"High","Low","Medium","Public","High School",62,"11-20","1","1","2"
21,81,73,"Medium","Low","Medium","Public","High School",67,"21-30","2","2","3"
16,93,51,"Medium","Low","Medium","Public","College",67,"11-20","1","2","2"
25,77,71,"Medium","Medium","Medium","Public","High School",66,"21-30","2","2","3"
16,68,85,"High","Low","High","Private","Postgraduate",64,"11-20","2","1","2"
17,71,62,"Medium","Low","Medium","Public","College",62,"11-20","1","1","2"
9,80,91,"Low","Medium","Medium","Public","College",65,"0-10","3","1","1"
17,81,53,"Low","Medium","Medium","Public","College",63,"11-20","1","1","2"
5,92,52,"Medium","High","Medium","Private","College",64,"0-10","1","1","1"
10,92,51,"Low","Medium","Medium","Private","High School",65,"0-10","1","1","2"
25,83,64,"Medium","Low","Medium","Public","College",68,"21-30","2","2","3"
25,91,73,"Medium","Low","Medium","Public","High School",72,"21-30","2","3","3"
23,68,55,"Medium","Low","Medium","Public","College",64,"21-30","1","1","3"
14,62,100,"Low","Low","Medium","Public","High School",62,"11-20","3","1","2"
20,95,100,"Low","Low","Medium","Private","High School",69,"11-20","3","2","3"
20,63,76,"Medium","Medium","Medium","Public","Postgraduate",64,"11-20","2","1","3"
13,70,78,"Medium","Low","Medium","Public","High School",61,"11-20","2","1","2"
29,88,96,"Low","Low","Low","Public","High School",72,"21-30","3","3","3"
25,76,88,"Low","Medium","Medium","Private","College",66,"21-30","3","2","3"
19,95,58,"Low","High","Medium","Public","High School",69,"11-20","1","2","2"
20,72,90,"High","Low","Low","Private","College",65,"11-20","3","1","3"
21,60,62,"Medium","Low","Medium","Public","High School",64,"21-30","1","1","3"
8,72,72,"Medium","High","Low","Private","High School",62,"0-10","2","1","1"
19,83,77,"High","Low","Medium","Public","High School",66,"11-20","2","2","2"
16,75,86,"Medium","Low","Medium","Public","College",62,"11-20","2","1","2"
14,81,58,"High","Low","High","Public","Postgraduate",66,"11-20","1","2","2"
18,95,54,"Medium","High","Medium","Public","College",70,"11-20","1","3","2"
31,96,93,"Low","Low","Medium","Public","High School",75,"30+","3","3","4"
24,71,91,"Medium","High","Medium","Public","High School",67,"21-30","3","2","3"
17,78,76,"Low","Medium","Medium","Public","College",66,"11-20","2","2","2"
23,82,83,"Medium","Medium","Medium","Private","Postgraduate",71,"21-30","2","3","3"
28,98,86,"Medium","Medium","High","Private","High School",75,"21-30","2","3","3"
26,100,74,"Low","Medium","Medium","Public","High School",72,"21-30","2","3","3"
20,69,63,"Low","Low","Medium","Private","",64,"11-20","1","1","3"
16,89,74,"Medium","Low","Medium","Public","High School",65,"11-20","2","1","2"
24,75,98,"High","Low","Medium","Public","High School",67,"21-30","3","2","3"
22,60,92,"Low","Low","High","Public","High School",63,"21-30","3","1","3"
25,60,73,"Low","Medium","Medium","Public","High School",62,"21-30","2","1","3"
24,78,61,"High","Medium","Medium","Public","College",69,"21-30","1","2","3"
26,80,94,"Medium","Low","Medium","Private","Postgraduate",70,"21-30","3","3","3"
17,61,82,"High","Medium","High","Public","Postgraduate",63,"11-20","2","1","2"
28,87,70,"Medium","Low","Medium","Public","Postgraduate",71,"21-30","2","3","3"
21,72,56,"Medium","Low","Medium","Public","High School",63,"21-30","1","1","3"
32,82,88,"Low","High","Medium","Public","College",71,"30+","3","3","4"
16,72,66,"Low","Low","Medium","Private","College",63,"11-20","2","1","2"
30,67,80,"High","Low","Medium","Public","",68,"21-30","2","2","4"
21,76,78,"High","Low","High","Public","High School",65,"21-30","2","1","3"
16,69,85,"Medium","High","High","Private","High School",66,"11-20","2","2","2"
17,81,77,"Medium","Low","Medium","Public","College",66,"11-20","2","2","2"
18,68,82,"Low","Medium","High","Public","High School",66,"11-20","2","2","2"
23,80,54,"Medium","Medium","High","Private","",65,"21-30","1","1","3"
23,66,83,"Medium","High","Medium","Public","High School",66,"21-30","2","2","3"
17,87,60,"Medium","Medium","Medium","Private","High School",67,"11-20","1","2","2"
20,90,70,"Medium","Medium","Medium","Private","High School",68,"11-20","2","2","3"
33,64,76,"Low","High","High","Private","High School",68,"30+","2","2","4"
30,79,84,"Medium","Low","Medium","Private","College",69,"21-30","2","2","4"
23,63,87,"Low","Medium","Medium","Public","Postgraduate",64,"21-30","2","1","3"
20,84,85,"Medium","Medium","Medium","Private","High School",67,"11-20","2","2","3"
21,71,55,"Low","Medium","Medium","Public","High School",63,"21-30","1","1","3"
24,81,69,"Medium","Low","Medium","Public","College",67,"21-30","2","2","3"
14,81,64,"Low","High","High","Public","High School",64,"11-20","2","1","2"
18,97,70,"Low","High","Medium","Public","High School",66,"11-20","2","2","2"
10,82,82,"Low","Low","High","Private","High School",65,"0-10","2","1","2"
22,83,60,"Low","Medium","Medium","Public","Postgraduate",68,"21-30","1","2","3"
24,76,75,"Low","Low","Medium","Private","High School",66,"21-30","2","2","3"
17,98,94,"Low","High","Low","Public","College",71,"11-20","3","3","2"
29,91,87,"Medium","Medium","High","Private","College",74,"21-30","2","3","3"
13,71,86,"Low","Low","Medium","Public","Postgraduate",65,"11-20","2","1","2"
11,94,92,"High","Medium","Medium","Public","High School",68,"11-20","3","2","2"
21,77,70,"Low","High","Medium","Private","College",68,"21-30","2","2","3"
26,93,88,"Medium","Medium","High","Public","College",72,"21-30","3","3","3"
30,93,53,"Medium","Low","Medium","Private","Postgraduate",74,"21-30","1","3","4"
17,68,53,"Medium","Low","Medium","Public","College",61,"11-20","1","1","2"
26,88,67,"Low","Low","Low","Private","High School",65,"21-30","2","1","3"
20,72,60,"Low","Low","Medium","Public","High School",63,"11-20","1","1","3"
19,72,76,"Medium","Medium","High","Public","High School",66,"11-20","2","2","2"
25,72,59,"Medium","Low","Medium","Public","High School",66,"21-30","1","2","3"
24,89,99,"Medium","Low","High","Private","High School",73,"21-30","3","3","3"
11,69,93,"Medium","Medium","High","Public","College",63,"11-20","3","1","2"
29,60,99,"Medium","Medium","Medium","Public","High School",68,"21-30","3","2","3"
28,89,90,"High","Low","High","Public","Postgraduate",73,"21-30","3","3","3"
16,67,98,"Medium","High","Low","Private","High School",63,"11-20","3","1","2"
22,64,68,"Medium","Medium","Medium","Public","High School",65,"21-30","2","1","3"
23,70,75,"High","Low","Medium","Public","",66,"21-30","2","2","3"
22,75,62,"Medium","High","High","Public","Postgraduate",65,"21-30","1","1","3"
17,79,82,"Medium","Medium","High","Public","College",66,"11-20","2","2","2"
16,62,89,"High","Low","Medium","Public","College",65,"11-20","3","1","2"
20,99,75,"Medium","Low","High","Private","Postgraduate",70,"11-20","2","3","3"
27,89,65,"Medium","Medium","Medium","Public","High School",70,"21-30","2","3","3"
23,73,75,"Medium","High","High","Private","High School",68,"21-30","2","2","3"
18,73,53,"Medium","Low","High","Public","Postgraduate",64,"11-20","1","1","2"
25,78,86,"Medium","Medium","Medium","Public","Postgraduate",68,"21-30","2","2","3"
3,85,73,"Low","Low","Medium","Private","High School",62,"0-10","2","1","1"
27,66,95,"Medium","Medium","","Public","College",68,"21-30","3","2","3"
10,68,96,"Low","High","Medium","Public","College",61,"0-10","3","1","2"
18,94,56,"Low","Low","Medium","Public","Postgraduate",69,"11-20","1","2","2"
13,70,100,"Medium","Low","Medium","Public","High School",65,"11-20","3","1","2"
12,75,98,"Medium","Low","Medium","Public","College",65,"11-20","3","1","2"
27,95,81,"Low","Low","Medium","Public","High School",72,"21-30","2","3","3"
17,87,91,"High","Low","High","Public","College",70,"11-20","3","3","2"
22,74,51,"Medium","Medium","Medium","Private","High School",65,"21-30","1","1","3"
20,87,99,"Medium","Low","Medium","Public","High School",69,"11-20","3","2","3"
23,61,73,"Medium","Medium","Medium","Public","College",65,"21-30","2","1","3"
20,89,95,"Low","Low","Medium","Private","High School",69,"11-20","3","2","3"
12,79,69,"Medium","Low","High","Public","Postgraduate",65,"11-20","2","1","2"
26,93,89,"Medium","Low","Medium","Public","College",72,"21-30","3","3","3"
17,98,71,"Medium","Low","High","Private","Postgraduate",70,"11-20","2","3","2"
11,97,68,"Low","Low","Medium","Private","High School",64,"11-20","2","1","2"
17,96,97,"Low","Medium","Medium","Public","High School",67,"11-20","3","2","2"
29,80,85,"High","High","High","Public","High School",69,"21-30","2","2","3"
25,74,92,"Low","Medium","Medium","Private","Postgraduate",70,"21-30","3","3","3"
18,79,77,"Low","Low","High","Public","High School",65,"11-20","2","1","2"
18,88,96,"Low","Low","Medium","Public","High School",69,"11-20","3","2","2"
18,95,87,"High","Medium","Medium","Public","College",74,"11-20","2","3","2"
32,68,54,"Medium","Low","Medium","Private","Postgraduate",66,"30+","1","2","4"
22,97,88,"High","Low","Low","Private","College",72,"21-30","3","3","3"
23,93,51,"High","Low","High","Private","High School",67,"21-30","1","2","3"
26,99,91,"High","High","Low","Public","Postgraduate",75,"21-30","3","3","3"
21,95,67,"Medium","Medium","Medium","Public","College",70,"21-30","2","3","3"
18,71,80,"Medium","Medium","Low","Public","Postgraduate",63,"11-20","2","1","2"
19,64,87,"High","Medium","Medium","Private","High School",65,"11-20","2","1","2"
20,64,82,"Medium","Medium","Low","Public","High School",64,"11-20","2","1","3"
20,72,84,"Low","Medium","High","Public","High School",65,"11-20","2","1","3"
24,85,95,"Medium","Medium","Medium","Public","High School",70,"21-30","3","3","3"
20,92,69,"Medium","Low","Medium","Public","Postgraduate",67,"11-20","2","2","3"
24,96,77,"Low","Low","Medium","Public","High School",67,"21-30","2","2","3"
20,85,59,"Medium","Medium","Medium","Public","Postgraduate",68,"11-20","1","2","3"
20,60,73,"High","Medium","Medium","Public","College",65,"11-20","2","1","3"
8,67,58,"Low","Medium","Medium","Public","Postgraduate",61,"0-10","1","1","1"
25,64,82,"Low","Low","Medium","Public","High School",63,"21-30","2","1","3"
22,75,66,"Low","Low","Medium","Public","High School",80,"21-30","2","3","3"
26,80,93,"Medium","Low","Low","Public","Postgraduate",69,"21-30","3","2","3"
3,62,67,"Medium","Low","Medium","Public","High School",55,"0-10","2","1","1"
33,74,64,"Medium","Medium","Medium","Private","Postgraduate",70,"30+","2","3","4"
19,67,75,"High","Low","Medium","Public","College",65,"11-20","2","1","2"
27,86,59,"Low","Medium","Medium","Public","High School",68,"21-30","1","2","3"
14,79,60,"Medium","Low","Medium","Public","High School",64,"11-20","1","1","2"
24,80,89,"Medium","Low","High","Public","College",69,"21-30","3","2","3"
14,77,75,"Medium","Medium","High","Public","High School",89,"11-20","2","3","2"
16,98,60,"Medium","Medium","Medium","Private","High School",67,"11-20","1","2","2"
31,69,52,"Medium","High","Low","Public","College",92,"30+","1","3","4"
19,81,73,"Low","Low","High","Private","High School",67,"11-20","2","2","2"
21,89,87,"Low","Medium","Medium","Public","College",70,"21-30","2","3","3"
25,82,68,"Medium","Low","High","Public","College",68,"21-30","2","2","3"
23,97,62,"Medium","Low","Medium","Private","Postgraduate",70,"21-30","1","3","3"
21,75,70,"Low","Medium","Medium","Public","Postgraduate",67,"21-30","2","2","3"
22,79,98,"High","High","Medium","Public","High School",69,"21-30","3","2","3"
34,64,71,"High","Low","High","Private","High School",67,"30+","2","2","4"
20,84,63,"Medium","Low","Medium","Private","High School",69,"11-20","1","2","3"
21,72,78,"Low","High","Medium","Public","High School",63,"21-30","2","1","3"
26,66,91,"Medium","Medium","","Public","College",69,"21-30","3","2","3"
27,82,51,"Low","Low","Medium","Public","High School",66,"21-30","1","2","3"
27,81,78,"Medium","Medium","Medium","Public","High School",68,"21-30","2","2","3"
24,63,92,"Medium","Medium","Medium","Private","Postgraduate",69,"21-30","3","2","3"
13,88,61,"Low","Medium","Medium","Private","High School",66,"11-20","1","2","2"
30,85,96,"Low","Medium","Medium","Private","High School",72,"21-30","3","3","4"
13,68,79,"Medium","High","Medium","Private","College",62,"11-20","2","1","2"
22,79,76,"Medium","Low","Medium","Private","High School",67,"21-30","2","2","3"
15,89,98,"Low","Low","Medium","Private","College",67,"11-20","3","2","2"
20,81,56,"Low","Medium","Medium","Private","High School",67,"11-20","1","2","3"
22,76,87,"Low","Low","High","Public","College",65,"21-30","2","1","3"
22,73,91,"Medium","Medium","Medium","Public","Postgraduate",67,"21-30","3","2","3"
23,84,74,"Medium","Low","Medium","Public","High School",66,"21-30","2","2","3"
30,98,50,"High","Low","High","Public","College",70,"21-30","1","3","4"
23,87,76,"Medium","High","Medium","Public","Postgraduate",71,"21-30","2","3","3"
19,63,58,"Medium","Low","High","Private","Postgraduate",64,"11-20","1","1","2"
26,78,78,"Low","Medium","Medium","Private","High School",69,"21-30","2","2","3"
27,96,87,"Low","Medium","High","Public","College",72,"21-30","2","3","3"
13,64,77,"Medium","Low","High","Public","High School",60,"11-20","2","1","2"
24,100,82,"Low","Medium","High","Private","High School",71,"21-30","2","3","3"
24,98,55,"High","Medium","Medium","Public","High School",71,"21-30","1","3","3"
18,63,55,"Medium","High","High","Private","Postgraduate",66,"11-20","1","2","2"
28,97,93,"Low","Medium","High","Public","High School",74,"21-30","3","3","3"
19,75,52,"High","Low","Medium","Public","Postgraduate",64,"11-20","1","1","2"
21,94,64,"Low","Medium","Medium","Private","High School",68,"21-30","2","2","3"
19,77,97,"Low","Low","Medium","Public","High School",66,"11-20","3","2","2"
20,78,73,"Low","Low","Medium","Public","College",65,"11-20","2","1","3"
13,85,84,"Medium","Low","Medium","Public","High School",64,"11-20","2","1","2"
11,91,61,"Medium","High","Medium","Private","Postgraduate",65,"11-20","1","1","2"
30,61,64,"Low","Medium","Medium","Public","Postgraduate",69,"21-30","2","2","4"
15,84,75,"Medium","Medium","Medium","Private","Postgraduate",68,"11-20","2","2","2"
14,67,82,"Low","Medium","Medium","Public","High School",62,"11-20","2","1","2"
7,74,98,"High","High","Low","Public","High School",63,"0-10","3","1","1"
16,74,79,"High","High","Medium","Public","Postgraduate",65,"11-20","2","1","2"
12,79,55,"Medium","Low","High","Private","College",62,"11-20","1","1","2"
30,73,68,"Medium","Low","High","Public","Postgraduate",67,"21-30","2","2","4"
26,64,62,"Low","Low","Medium","Private","High School",64,"21-30","1","1","3"
16,66,63,"Low","Medium","High","Public","College",61,"11-20","1","1","2"
34,61,75,"Medium","Low","Medium","Public","College",65,"30+","2","1","4"
26,79,66,"Medium","High","Medium","Public","High School",67,"21-30","2","2","3"
18,98,64,"Medium","Medium","Medium","Public","Postgraduate",70,"11-20","2","3","2"
5,65,98,"Low","Low","Low","Private","High School",59,"0-10","3","1","1"
34,98,79,"Medium","Low","Medium","Private","College",75,"30+","2","3","4"
12,89,63,"Medium","Low","High","Public","College",67,"11-20","1","2","2"
10,85,64,"Low","Medium","Medium","Public","College",64,"0-10","2","1","2"
26,86,91,"Medium","High","Medium","Public","High School",72,"21-30","3","3","3"
35,93,94,"Medium","Medium","Medium","Public","College",76,"30+","3","3","4"
28,64,84,"Low","Medium","Medium","Private","Postgraduate",69,"21-30","2","2","3"
23,80,72,"Low","Low","High","Public","High School",65,"21-30","2","1","3"
24,88,88,"Low","High","High","Public","Postgraduate",72,"21-30","3","3","3"
25,83,97,"Low","Low","Low","Public","High School",69,"21-30","3","2","3"
25,93,58,"Medium","High","Medium","Private","High School",71,"21-30","1","3","3"
22,63,93,"High","Medium","Medium","Private","High School",64,"21-30","3","1","3"
21,88,92,"High","Medium","Medium","Public","Postgraduate",74,"21-30","3","3","3"
20,81,68,"Medium","Medium","Medium","Public","College",68,"11-20","2","2","3"
15,75,65,"High","Low","Low","Private","Postgraduate",66,"11-20","2","2","2"
18,74,78,"High","High","Medium","Public","High School",65,"11-20","2","1","2"
10,85,64,"Low","High","Medium","Public","Postgraduate",67,"0-10","2","2","2"
19,96,57,"High","Low","Medium","Public","High School",69,"11-20","1","2","2"
14,80,98,"High","Low","High","Private","High School",66,"11-20","3","2","2"
13,93,75,"Medium","Medium","Medium","Private","High School",69,"11-20","2","2","2"
21,76,74,"Medium","Medium","Medium","Private","High School",67,"21-30","2","2","3"
28,64,56,"Medium","Low","Low","Public","College",64,"21-30","1","1","3"
26,62,75,"Medium","Medium","Medium","Public","College",67,"21-30","2","2","3"
11,62,87,"High","Low","High","Public","High School",61,"11-20","2","1","2"
14,75,62,"Low","High","Medium","Public","High School",61,"11-20","1","1","2"
26,73,68,"High","Medium","Medium","Public","High School",68,"21-30","2","2","3"
14,89,59,"Low","Low","High","Public","Postgraduate",66,"11-20","1","2","2"
19,90,68,"Low","High","Medium","Public","High School",66,"11-20","2","2","2"
23,62,93,"High","Low","","Public","College",68,"21-30","3","2","3"
14,69,62,"High","Medium","High","Private","High School",63,"11-20","1","1","2"
21,71,51,"Medium","Medium","High","Private","Postgraduate",66,"21-30","1","2","3"
12,82,77,"High","Medium","Medium","Public","College",66,"11-20","2","2","2"
16,66,79,"High","High","High","Private","College",66,"11-20","2","2","2"
22,65,66,"High","Medium","Medium","Public","High School",65,"21-30","2","1","3"
10,98,82,"Medium","High","Medium","Public","College",69,"0-10","2","2","2"
23,92,52,"High","High","Medium","Private","High School",71,"21-30","1","3","3"
20,67,67,"High","Medium","High","Public","College",66,"11-20","2","2","3"
23,76,57,"High","Medium","Medium","Public","High School",66,"21-30","1","2","3"
21,74,61,"Low","Low","Medium","Private","High School",65,"21-30","1","1","3"
28,92,69,"Medium","Low","Medium","Public","High School",71,"21-30","2","3","3"
21,80,75,"High","Medium","High","Private","High School",69,"21-30","2","2","3"
17,65,55,"Medium","Low","Medium","Public","High School",61,"11-20","1","1","2"
21,90,55,"High","Low","High","Public","High School",70,"21-30","1","3","3"
23,76,84,"High","High","Medium","Public","College",70,"21-30","2","3","3"
20,71,70,"High","High","High","Public","High School",65,"11-20","2","1","3"
20,75,59,"Medium","Medium","Medium","Public","Postgraduate",64,"11-20","1","1","3"
16,80,62,"Low","High","Medium","Public","Postgraduate",68,"11-20","1","2","2"
16,74,86,"Low","Low","Medium","Private","High School",63,"11-20","2","1","2"
12,70,53,"Medium","Low","Medium","Private","College",63,"11-20","1","1","2"
30,76,75,"Low","High","Medium","Public","College",71,"21-30","2","3","4"
13,61,68,"Low","Medium","Medium","Public","High School",58,"11-20","2","1","2"
16,91,91,"Medium","Medium","Medium","Public","High School",68,"11-20","3","2","2"
16,67,90,"High","High","Low","Public","High School",65,"11-20","3","1","2"
25,62,84,"Low","Low","Medium","Public","College",65,"21-30","2","1","3"
18,86,69,"Low","Medium","High","Public","High School",68,"11-20","2","2","2"
27,91,82,"Medium","Low","Low","Public","High School",69,"21-30","2","2","3"
16,93,82,"Low","High","Medium","Public","High School",71,"11-20","2","3","2"
22,80,67,"Low","Low","Low","Private","Postgraduate",65,"21-30","2","1","3"
15,68,94,"Low","Medium","High","Public","Postgraduate",64,"11-20","3","1","2"
33,89,99,"Medium","High","High","Private","College",75,"30+","3","3","4"
13,88,66,"Low","Low","High","Public","High School",67,"11-20","2","2","2"
22,70,90,"High","Medium","High","Public","College",68,"21-30","3","2","3"
24,96,75,"Low","Medium","Medium","Public","College",72,"21-30","2","3","3"
22,64,73,"High","Medium","Medium","Public","Postgraduate",67,"21-30","2","2","3"
19,99,69,"Medium","High","Medium","Public","High School",72,"11-20","2","3","2"
19,94,65,"High","Low","High","Public","Postgraduate",69,"11-20","2","2","2"
20,88,96,"Low","High","High","Public","Postgraduate",68,"11-20","3","2","3"
19,98,87,"Medium","Medium","Medium","Private","High School",70,"11-20","2","3","2"
26,89,72,"High","Low","Medium","Public","College",69,"21-30","2","2","3"
33,68,88,"Medium","Low","Medium","Public","College",67,"30+","3","2","4"
17,78,86,"Medium","Low","Low","Public","College",63,"11-20","2","1","2"
12,63,63,"Low","Low","Medium","Private","High School",61,"11-20","1","1","2"
19,76,59,"Medium","Medium","Medium","Public","High School",66,"11-20","1","2","2"
35,90,92,"Low","Low","Medium","Private","High School",73,"30+","3","3","4"
15,75,91,"High","Medium","High","Public","College",67,"11-20","3","2","2"
30,73,100,"Medium","High","High","Public","High School",72,"21-30","3","3","4"
30,84,51,"Low","Low","Medium","Public","Postgraduate",69,"21-30","1","2","4"
17,95,77,"Medium","Medium","Medium","Public","High School",69,"11-20","2","2","2"
23,62,85,"Medium","Low","Medium","Public","College",63,"21-30","2","1","3"
30,75,79,"Low","Medium","Medium","Public","High School",67,"21-30","2","2","4"
18,66,86,"Medium","High","Medium","Public","High School",63,"11-20","2","1","2"
19,88,57,"Low","Medium","Low","Private","College",66,"11-20","1","2","2"
17,64,50,"Medium","Low","High","Public","High School",62,"11-20","1","1","2"
14,87,55,"Medium","Low","High","Private","Postgraduate",68,"11-20","1","2","2"
16,71,69,"Medium","Low","Medium","Public","Postgraduate",65,"11-20","2","1","2"
13,68,66,"Medium","Medium","Low","Public","College",59,"11-20","2","1","2"
20,97,94,"High","Medium","Medium","Public","College",72,"11-20","3","3","3"
15,61,54,"Medium","High","High","Private","Postgraduate",63,"11-20","1","1","2"
21,78,72,"Medium","Medium","High","Public","Postgraduate",68,"21-30","2","2","3"
11,61,98,"High","Medium","High","Public","High School",61,"11-20","3","1","2"
22,79,75,"Low","Low","High","Private","High School",65,"21-30","2","1","3"
25,80,57,"Low","Low","High","Public","High School",68,"21-30","1","2","3"
8,73,65,"High","Low","Medium","Public","College",61,"0-10","2","1","1"
22,65,81,"Medium","Low","","Private","Postgraduate",63,"21-30","2","1","3"
27,75,51,"High","Medium","Low","Public","Postgraduate",67,"21-30","1","2","3"
13,87,98,"Low","High","High","Public","Postgraduate",66,"11-20","3","2","2"
30,91,78,"High","Medium","Medium","Private","Postgraduate",75,"21-30","2","3","4"
23,81,85,"Low","Medium","Medium","Public","High School",68,"21-30","2","2","3"
16,84,75,"High","Medium","Medium","Public","High School",65,"11-20","2","1","2"
20,68,98,"High","Low","High","Public","High School",64,"11-20","3","1","3"
23,71,79,"Medium","Low","Medium","Public","",67,"21-30","2","2","3"
20,66,83,"Medium","Low","Medium","Private","College",64,"11-20","2","1","3"
23,70,93,"Medium","Low","High","Public","Postgraduate",67,"21-30","3","2","3"
14,69,93,"Low","Low","Medium","Private","High School",63,"11-20","3","1","2"
21,81,51,"Medium","Medium","Medium","Private","College",67,"21-30","1","2","3"
12,83,64,"Medium","High","Medium","Private","Postgraduate",65,"11-20","2","1","2"
19,98,62,"High","Low","High","Public","High School",70,"11-20","1","3","2"
15,68,50,"High","High","Low","Public","High School",62,"11-20","1","1","2"
16,86,94,"Medium","Low","High","Public","High School",69,"11-20","3","2","2"
27,93,66,"Medium","Medium","Medium","Public","College",70,"21-30","2","3","3"
27,82,67,"Low","Low","High","Private","High School",68,"21-30","2","2","3"
24,70,55,"Medium","Low","High","Public","Postgraduate",68,"21-30","1","2","3"
13,71,99,"Medium","Low","Medium","Public","Postgraduate",64,"11-20","3","1","2"
18,62,91,"High","Low","Medium","Private","High School",63,"11-20","3","1","2"
27,72,79,"Medium","High","High","Public","Postgraduate",68,"21-30","2","2","3"
21,90,89,"Low","Low","Low","Public","High School",67,"21-30","3","2","3"
34,62,89,"Low","Low","Medium","Private","College",68,"30+","3","2","4"
22,69,83,"Medium","Low","Medium","Public","College",66,"21-30","2","2","3"
21,88,59,"Low","Medium","Medium","Private","Postgraduate",67,"21-30","1","2","3"
18,91,86,"High","Medium","Medium","Public","High School",69,"11-20","2","2","2"
21,78,78,"Medium","High","Medium","Private","",68,"21-30","2","2","3"
19,88,86,"Medium","Medium","Medium","Public","College",70,"11-20","2","3","2"
24,76,77,"Medium","Medium","Medium","Private","Postgraduate",68,"21-30","2","2","3"
26,66,98,"Medium","Low","Medium","Public","College",66,"21-30","3","2","3"
15,76,81,"Medium","Low","Medium","Private","Postgraduate",67,"11-20","2","2","2"
12,83,79,"Medium","High","Low","Public","High School",65,"11-20","2","1","2"
9,98,92,"Medium","Medium","Medium","Public","High School",67,"0-10","3","2","1"
23,63,69,"High","Medium","Low","Public","High School",63,"21-30","2","1","3"
13,80,66,"High","Low","Medium","Public","High School",64,"11-20","2","1","2"
7,73,75,"Medium","Low","Medium","Public","College",64,"0-10","2","1","1"
22,80,79,"High","Medium","Medium","Private","College",66,"21-30","2","2","3"
35,61,61,"Low","Medium","Medium","Private","High School",68,"30+","1","2","4"
20,73,84,"High","Medium","Medium","Public","High School",67,"11-20","2","2","3"
25,93,90,"Low","Medium","Medium","Public","College",72,"21-30","3","3","3"
20,82,79,"Low","Low","Medium","Public","High School",67,"11-20","2","2","3"
19,78,76,"High","Medium","Low","Public","College",66,"11-20","2","2","2"
26,71,65,"Medium","Low","Medium","Public","College",66,"21-30","2","2","3"
18,72,95,"Medium","Medium","Medium","Public","High School",67,"11-20","3","2","2"
22,75,88,"Low","Low","Medium","Private","Postgraduate",65,"21-30","3","1","3"
22,93,74,"Low","Medium","High","Public","College",70,"21-30","2","3","3"
16,99,83,"Low","Low","High","Private","Postgraduate",69,"11-20","2","2","2"
26,78,67,"Low","High","High","Private","High School",69,"21-30","2","2","3"
19,76,53,"Medium","Medium","Medium","Public","College",66,"11-20","1","2","2"
15,94,60,"Medium","Medium","Medium","Public","High School",66,"11-20","1","2","2"
23,77,54,"Medium","Low","Medium","Public","College",67,"21-30","1","2","3"
15,82,75,"Medium","Medium","Low","Public","High School",67,"11-20","2","2","2"
20,69,81,"High","Medium","Medium","Public","High School",67,"11-20","2","2","3"
20,90,69,"Medium","High","High","Public","High School",72,"11-20","2","3","3"
27,81,77,"Low","Medium","High","Public","College",68,"21-30","2","2","3"
23,92,54,"High","Medium","Medium","Public","Postgraduate",70,"21-30","1","3","3"
20,91,88,"Medium","Low","Medium","Public","High School",69,"11-20","3","2","3"
25,69,52,"High","Low","Medium","Public","High School",65,"21-30","1","1","3"
28,89,82,"Medium","Medium","Medium","Public","Postgraduate",72,"21-30","2","3","3"
23,92,72,"Medium","Low","Medium","Public","College",69,"21-30","2","2","3"
20,74,59,"Low","High","Medium","Public","High School",68,"11-20","1","2","3"
12,67,76,"High","Low","Medium","Public","High School",62,"11-20","2","1","2"
14,60,89,"Low","Medium","Medium","Public","High School",60,"11-20","3","1","2"
18,78,71,"Low","Medium","Medium","Public","High School",67,"11-20","2","2","2"
16,74,68,"Low","Medium","Medium","Public","College",67,"11-20","2","2","2"
19,82,57,"Medium","Medium","Medium","Public","High School",67,"11-20","1","2","2"
20,68,80,"Low","Low","Medium","Private","High School",63,"11-20","2","1","3"
23,94,91,"High","Medium","Medium","Public","High School",71,"21-30","3","3","3"
20,70,78,"High","Medium","Medium","Private","College",66,"11-20","2","2","3"
23,69,58,"High","Medium","Medium","Public","Postgraduate",65,"21-30","1","1","3"
20,79,83,"High","Medium","Medium","Public","High School",69,"11-20","2","2","3"
8,80,52,"High","Medium","Medium","Public","High School",63,"0-10","1","1","1"
14,69,92,"High","Low","Low","Public","Postgraduate",64,"11-20","3","1","2"
19,71,96,"High","Low","Medium","Private","College",67,"11-20","3","2","2"
13,67,80,"High","Low","High","Public","High School",62,"11-20","2","1","2"
24,89,94,"Low","Medium","Medium","Public","High School",68,"21-30","3","2","3"
29,91,54,"Low","Low","","Public","Postgraduate",71,"21-30","1","3","3"
27,78,61,"Medium","Low","Medium","Public","High School",66,"21-30","1","2","3"
19,89,66,"Low","Low","Medium","Public","Postgraduate",69,"11-20","2","2","2"
29,89,89,"Low","Medium","High","Private","High School",71,"21-30","3","3","3"
21,66,74,"Medium","Medium","High","Private","High School",66,"21-30","2","2","3"
18,99,67,"Medium","Low","Medium","Public","Postgraduate",72,"11-20","2","3","2"
16,93,58,"Medium","High","High","Public","College",70,"11-20","1","3","2"
18,68,91,"High","Low","High","Private","Postgraduate",65,"11-20","3","1","2"
18,67,51,"Medium","Medium","High","Public","College",64,"11-20","1","1","2"
21,65,67,"Medium","Low","Medium","Public","College",63,"21-30","2","1","3"
21,66,62,"Low","Medium","Medium","Private","High School",63,"21-30","1","1","3"
20,90,56,"Medium","Medium","Medium","Public","High School",66,"11-20","1","2","3"
23,79,59,"Low","Low","High","Public","College",68,"21-30","1","2","3"
27,91,75,"Low","High","High","Public","College",74,"21-30","2","3","3"
26,90,71,"Low","High","Low","Private","College",71,"21-30","2","3","3"
11,84,76,"High","Low","High","Public","High School",67,"11-20","2","2","2"
5,87,86,"Medium","Medium","High","Public","Postgraduate",66,"0-10","2","2","1"
26,61,95,"Medium","Medium","Medium","Private","College",67,"21-30","3","2","3"
12,72,56,"High","Low","Medium","Public","High School",62,"11-20","1","1","2"
19,86,54,"Low","High","High","Private","Postgraduate",68,"11-20","1","2","2"
13,60,66,"Medium","Low","Medium","Public","Postgraduate",62,"11-20","2","1","2"
9,61,77,"Low","High","Medium","Private","High School",82,"0-10","2","3","1"
23,94,55,"High","Medium","Medium","Public","High School",70,"21-30","1","3","3"
25,87,86,"Medium","Medium","Low","Private","College",72,"21-30","2","3","3"
17,71,78,"Low","Medium","Medium","Public","College",64,"11-20","2","1","2"
4,88,87,"Low","Medium","High","Public","College",66,"0-10","2","2","1"
17,92,68,"High","Medium","Low","Private","College",68,"11-20","2","2","2"
22,72,70,"Low","High","Medium","Public","Postgraduate",64,"21-30","2","1","3"
11,61,90,"High","Medium","High","Public","High School",61,"11-20","3","1","2"
21,97,63,"Medium","Medium","Medium","Public","High School",69,"21-30","1","2","3"
20,74,69,"Low","High","High","Private","College",68,"11-20","2","2","3"
23,64,51,"Medium","Medium","Medium","Public","College",64,"21-30","1","1","3"
21,80,78,"Medium","Low","High","Private","High School",67,"21-30","2","2","3"
14,91,93,"Medium","Medium","Medium","Public","High School",67,"11-20","3","2","2"
27,69,51,"Medium","High","Medium","Public","High School",65,"21-30","1","1","3"
19,71,81,"Medium","Medium","High","Public","High School",68,"11-20","2","2","2"
20,70,92,"Medium","Medium","Low","Public","High School",67,"11-20","3","2","3"
14,100,75,"Low","Low","","Public","Postgraduate",67,"11-20","2","2","2"
17,68,66,"Medium","High","Medium","Public","High School",64,"11-20","2","1","2"
15,83,100,"Medium","Medium","Medium","Public","College",70,"11-20","3","3","2"
19,97,53,"Medium","Low","Low","Private","College",69,"11-20","1","2","2"
30,66,61,"Low","High","High","Private","High School",66,"21-30","1","2","4"
12,99,94,"Medium","Medium","Medium","Public","Postgraduate",69,"11-20","3","2","2"
10,98,65,"Medium","Low","High","Private","High School",66,"0-10","2","2","2"
29,95,91,"Low","Low","Medium","Public","High School",73,"21-30","3","3","3"
19,69,67,"Medium","High","High","Private","Postgraduate",66,"11-20","2","2","2"
16,85,91,"High","Medium","Medium","Public","Postgraduate",69,"11-20","3","2","2"
26,90,84,"Low","Medium","Medium","Public","High School",70,"21-30","2","3","3"
16,99,73,"High","Medium","Medium","Private","College",71,"11-20","2","3","2"
31,67,76,"Medium","Medium","High","Public","College",70,"30+","2","3","4"
24,91,59,"Medium","Low","Medium","Private","High School",69,"21-30","1","2","3"
17,74,56,"Medium","Medium","High","Private","High School",63,"11-20","1","1","2"
33,67,86,"Medium","Medium","High","Public","High School",71,"30+","2","3","4"
16,77,92,"Low","Medium","Medium","Public","College",67,"11-20","3","2","2"
24,92,86,"High","Medium","High","Public","High School",73,"21-30","2","3","3"
22,79,96,"Medium","High","Medium","Public","College",68,"21-30","3","2","3"
28,82,95,"Medium","High","Low","Public","High School",69,"21-30","3","2","3"
29,100,89,"Medium","Medium","Medium","Private","High School",76,"21-30","3","3","3"
20,76,95,"Medium","Low","High","Public","High School",68,"11-20","3","2","3"
15,85,58,"High","Low","Medium","Private","College",65,"11-20","1","1","2"
23,75,87,"Low","High","Low","Public","High School",66,"21-30","2","2","3"
16,76,88,"High","Low","Medium","Public","Postgraduate",65,"11-20","3","1","2"
32,88,58,"Low","Low","High","Private","High School",69,"30+","1","2","4"
21,98,95,"Medium","Medium","Medium","Public","High School",71,"21-30","3","3","3"
18,82,50,"Medium","High","Medium","Public","High School",66,"11-20","1","2","2"
21,91,72,"Medium","Low","Medium","Public","High School",69,"21-30","2","2","3"
12,64,51,"Low","Low","Medium","Public","College",59,"11-20","1","1","2"
14,68,76,"Medium","High","Medium","Public","High School",65,"11-20","2","1","2"
27,80,71,"High","Low","Low","Public","College",72,"21-30","2","3","3"
16,61,81,"Medium","Medium","Medium","Public","College",60,"11-20","2","1","2"
14,70,88,"Low","High","Medium","Private","College",64,"11-20","3","1","2"
23,81,88,"Low","Low","Medium","Public","Postgraduate",69,"21-30","3","2","3"
27,61,86,"Medium","Medium","High","Private","High School",70,"21-30","2","3","3"
24,71,55,"Low","High","Medium","Public","College",67,"21-30","1","2","3"
26,81,71,"Low","Medium","Medium","Private","High School",67,"21-30","2","2","3"
15,83,91,"Medium","Low","Medium","Private","College",64,"11-20","3","1","2"
11,97,83,"Low","Medium","High","Private","High School",68,"11-20","2","2","2"
29,86,84,"Low","Low","High","Private","High School",72,"21-30","2","3","3"
18,77,61,"Medium","Low","Medium","Private","High School",65,"11-20","1","1","2"
18,97,66,"Low","Medium","Medium","Public","College",70,"11-20","2","3","2"
28,91,98,"Low","Low","Medium","Private","Postgraduate",75,"21-30","3","3","3"
23,68,92,"Medium","Low","High","Private","High School",65,"21-30","3","1","3"
23,65,58,"Low","Low","Medium","Public","College",63,"21-30","1","1","3"
33,87,77,"Low","Low","Medium","Private","High School",71,"30+","2","3","4"
16,82,75,"Medium","Medium","Medium","Public","College",66,"11-20","2","2","2"
26,92,72,"Medium","Low","Medium","Private","High School",69,"21-30","2","2","3"
20,90,74,"Low","High","Low","Private","Postgraduate",68,"11-20","2","2","3"
22,85,82,"Medium","Medium","High","Public","Postgraduate",71,"21-30","2","3","3"
29,99,98,"High","Low","Low","Public","Postgraduate",77,"21-30","3","3","3"
23,81,94,"High","Medium","High","Public","College",70,"21-30","3","3","3"
23,65,94,"Medium","High","Medium","Public","College",66,"21-30","3","2","3"
26,93,85,"Low","High","High","Public","College",73,"21-30","2","3","3"
18,70,51,"Medium","Low","Medium","Private","College",62,"11-20","1","1","2"
15,91,72,"Low","Medium","Medium","Public","High School",65,"11-20","2","1","2"
14,98,76,"Medium","Low","Medium","Public","Postgraduate",71,"11-20","2","3","2"
8,88,92,"High","Low","Medium","Public","College",66,"0-10","3","2","1"
32,84,96,"Medium","Low","Medium","Public","High School",72,"30+","3","3","4"
13,78,73,"Medium","Medium","High","Private","High School",64,"11-20","2","1","2"
19,75,65,"Low","Low","Low","Private","High School",63,"11-20","2","1","2"
18,74,67,"Low","Low","Medium","Public","High School",63,"11-20","2","1","2"
22,85,79,"High","Medium","High","Public","High School",72,"21-30","2","3","3"
25,90,64,"Medium","Medium","High","Public","High School",71,"21-30","2","3","3"
25,87,96,"Low","Medium","Medium","Public","High School",72,"21-30","3","3","3"
17,68,71,"Medium","Medium","High","Private","High School",65,"11-20","2","1","2"
19,80,100,"Medium","Medium","Medium","Public","High School",67,"11-20","3","2","2"
22,92,55,"Low","Low","Medium","Public","High School",68,"21-30","1","2","3"
19,79,59,"Medium","Low","Medium","Private","Postgraduate",66,"11-20","1","2","2"
30,81,76,"Medium","High","Medium","Public","Postgraduate",72,"21-30","2","3","4"
23,91,93,"Medium","Low","Low","Public","High School",71,"21-30","3","3","3"
24,86,68,"Low","Low","High","Public","College",70,"21-30","2","3","3"
24,76,92,"Medium","Medium","Low","Public","Postgraduate",68,"21-30","3","2","3"
27,96,71,"Low","Low","Medium","Private","College",72,"21-30","2","3","3"
21,67,93,"High","Low","High","Public","College",66,"21-30","3","2","3"
12,100,64,"Medium","Medium","High","Public","High School",69,"11-20","2","2","2"
22,65,74,"High","Medium","Medium","Public","College",65,"21-30","2","1","3"
16,61,64,"Medium","Low","High","Public","High School",62,"11-20","2","1","2"
17,96,61,"Low","Low","High","Public","College",69,"11-20","1","2","2"
24,70,71,"Medium","Medium","Low","Public","High School",65,"21-30","2","1","3"
27,89,67,"Medium","Low","Low","Private","College",69,"21-30","2","2","3"
20,92,89,"Medium","Low","Medium","Public","High School",69,"11-20","3","2","3"
22,94,87,"Medium","Low","","Private","College",73,"21-30","2","3","3"
30,100,68,"Low","Medium","Medium","Private","Postgraduate",75,"21-30","2","3","4"
21,72,100,"Medium","Low","High","Private","College",70,"21-30","3","3","3"
36,88,99,"High","Low","Medium","Private","College",74,"30+","3","3","4"
23,65,96,"Medium","Low","Low","Public","High School",65,"21-30","3","1","3"
9,76,79,"Medium","Medium","Medium","Public","College",63,"0-10","2","1","1"
25,94,71,"Low","Medium","High","Public","College",74,"21-30","2","3","3"
22,75,66,"Low","Low","Medium","Private","Postgraduate",67,"21-30","2","2","3"
28,84,51,"Medium","Medium","Medium","Public","Postgraduate",71,"21-30","1","3","3"
24,80,82,"Medium","Low","High","Public","College",68,"21-30","2","2","3"
19,86,78,"Medium","Medium","Medium","Public","College",69,"11-20","2","2","2"
13,99,81,"Medium","Medium","Medium","Public","Postgraduate",71,"11-20","2","3","2"
19,62,79,"Low","Medium","Medium","Public","High School",66,"11-20","2","2","2"
15,83,57,"Low","Medium","Medium","Private","Postgraduate",65,"11-20","1","1","2"
17,95,85,"Low","Low","High","Private","College",66,"11-20","2","2","2"
24,79,68,"High","Low","Medium","Private","High School",65,"21-30","2","1","3"
30,63,76,"Medium","Medium","Medium","Public","Postgraduate",67,"21-30","2","2","4"
22,82,68,"High","Low","Medium","Private","Postgraduate",70,"21-30","2","3","3"
13,73,51,"Medium","Low","Medium","Public","Postgraduate",63,"11-20","1","1","2"
23,66,94,"Low","Medium","High","Private","Postgraduate",64,"21-30","3","1","3"
27,94,57,"Medium","Medium","Medium","Private","High School",71,"21-30","1","3","3"
16,81,79,"Medium","Low","High","Public","College",68,"11-20","2","2","2"
19,97,94,"Medium","High","Medium","Public","Postgraduate",72,"11-20","3","3","2"
20,92,61,"Medium","High","Medium","Public","College",71,"11-20","1","3","3"
15,88,71,"Medium","Low","Low","Private","Postgraduate",64,"11-20","2","1","2"
24,60,69,"Medium","Medium","High","Public","High School",64,"21-30","2","1","3"
19,77,54,"Low","High","Medium","Private","College",66,"11-20","1","2","2"
23,68,71,"High","Medium","","Public","High School",68,"21-30","2","2","3"
15,96,74,"Medium","Low","Low","Private","High School",68,"11-20","2","2","2"
17,67,51,"Medium","Low","Medium","Public","High School",65,"11-20","1","1","2"
24,71,74,"Medium","Medium","Medium","Private","High School",67,"21-30","2","2","3"
18,81,55,"Low","Low","Medium","Public","High School",64,"11-20","1","1","2"
30,71,95,"High","Medium","Medium","Public","College",70,"21-30","3","3","4"
18,68,83,"Low","Low","Medium","Public","College",65,"11-20","2","1","2"
21,84,53,"Low","Medium","High","Public","High School",65,"21-30","1","1","3"
26,64,91,"High","Medium","Medium","Public","High School",68,"21-30","3","2","3"
11,62,68,"Medium","High","Medium","Public","High School",61,"11-20","2","1","2"
9,75,61,"High","Medium","","Public","High School",63,"0-10","1","1","1"
11,89,63,"Medium","Medium","Medium","Public","College",65,"11-20","1","1","2"
28,82,80,"Medium","Low","Medium","Private","High School",69,"21-30","2","2","3"
17,77,54,"Low","Low","High","Public","College",64,"11-20","1","1","2"
35,83,53,"Medium","Low","Medium","Private","High School",69,"30+","1","2","4"
17,75,81,"Low","High","Medium","Public","Postgraduate",67,"11-20","2","2","2"
21,97,99,"High","Medium","High","Public","Postgraduate",74,"21-30","3","3","3"
29,62,74,"Medium","Low","Medium","Private","College",66,"21-30","2","2","3"
32,87,71,"Medium","High","Low","Public","College",72,"30+","2","3","4"
32,96,97,"Low","Low","Medium","Public","College",73,"30+","3","3","4"
27,92,62,"High","Medium","High","Public","College",73,"21-30","1","3","3"
26,67,62,"High","Medium","Medium","Public","High School",63,"21-30","1","1","3"
24,72,95,"Medium","Low","Medium","Public","Postgraduate",69,"21-30","3","2","3"
25,89,82,"High","Low","Medium","Public","Postgraduate",71,"21-30","2","3","3"
17,63,53,"High","Low","High","Public","College",63,"11-20","1","1","2"
15,92,84,"Medium","High","Low","Public","High School",69,"11-20","2","2","2"
20,89,91,"Low","Medium","Medium","Private","College",72,"11-20","3","3","3"
19,89,64,"Medium","Low","Medium","Public","Postgraduate",68,"11-20","2","2","2"
17,64,69,"Medium","Medium","Medium","Public","High School",62,"11-20","2","1","2"
24,89,60,"Medium","Low","Medium","Private","High School",68,"21-30","1","2","3"
26,87,82,"High","Low","Medium","Public","Postgraduate",71,"21-30","2","3","3"
21,93,83,"Low","High","High","Public","High School",67,"21-30","2","2","3"
29,62,53,"High","Low","Medium","Private","College",65,"21-30","1","1","3"
13,61,84,"High","Medium","High","Public","Postgraduate",60,"11-20","2","1","2"
19,75,83,"High","High","Medium","Public","High School",68,"11-20","2","2","2"
16,66,52,"Medium","Medium","Low","Public","High School",59,"11-20","1","1","2"
9,82,78,"Medium","High","Medium","Public","",64,"0-10","2","1","1"
20,97,81,"High","Low","Low","Public","High School",71,"11-20","2","3","3"
19,76,72,"Low","High","","Public","College",68,"11-20","2","2","2"
29,94,95,"Medium","Low","Medium","Public","College",70,"21-30","3","3","3"
24,60,66,"Medium","Medium","High","Public","College",62,"21-30","2","1","3"
14,67,53,"Medium","High","Medium","Public","College",62,"11-20","1","1","2"
31,61,84,"Medium","Medium","Medium","Private","High School",68,"30+","2","2","4"
27,73,80,"Low","Medium","Medium","Private","High School",68,"21-30","2","2","3"
23,96,99,"High","Low","Low","Public","High School",74,"21-30","3","3","3"
19,64,62,"Medium","High","Medium","Public","College",61,"11-20","1","1","2"
14,84,70,"Medium","Low","High","Public","College",67,"11-20","2","2","2"
18,78,73,"Medium","High","High","Public","High School",65,"11-20","2","1","2"
27,98,93,"Low","High","High","Public","High School",101,"21-30","3","3","3"
31,65,71,"Medium","Low","Medium","Public","High School",65,"30+","2","1","4"
29,68,89,"Medium","Medium","Medium","Private","College",67,"21-30","3","2","3"
17,61,58,"Low","Low","Medium","Public","High School",61,"11-20","1","1","2"
13,77,70,"Medium","Medium","High","Public","High School",64,"11-20","2","1","2"
21,71,58,"High","Medium","High","Public","College",64,"21-30","1","1","3"
9,95,97,"Medium","Low","Low","Public","College",67,"0-10","3","2","1"
22,84,59,"Medium","High","High","Private","College",69,"21-30","1","2","3"
19,85,71,"Low","Medium","High","Public","Postgraduate",69,"11-20","2","2","2"
17,81,54,"Medium","Low","Medium","Public","High School",67,"11-20","1","2","2"
10,64,96,"Medium","Medium","Medium","Public","High School",62,"0-10","3","1","2"
23,78,81,"Medium","Low","Medium","Private","High School",66,"21-30","2","2","3"
17,100,98,"Low","Medium","High","Public","College",72,"11-20","3","3","2"
13,93,52,"Low","Medium","Medium","Public","College",67,"11-20","1","2","2"
3,96,59,"Medium","Low","Medium","Public","College",66,"0-10","1","2","1"
20,93,69,"Medium","Low","Medium","Public","High School",67,"11-20","2","2","3"
31,64,81,"Low","Medium","Medium","Public","High School",67,"30+","2","2","4"
30,69,66,"Medium","Medium","Low","Public","Postgraduate",68,"21-30","2","2","4"
17,60,86,"Medium","Low","High","Public","High School",63,"11-20","2","1","2"
16,72,58,"Low","Medium","Medium","Public","High School",62,"11-20","1","1","2"
23,64,80,"Low","Medium","High","Public","College",65,"21-30","2","1","3"
14,79,70,"Medium","Low","Medium","Public","College",65,"11-20","2","1","2"
22,87,75,"Medium","Medium","High","Public","College",70,"21-30","2","3","3"
25,95,78,"Medium","Low","Medium","Public","High School",73,"21-30","2","3","3"
27,90,53,"Medium","Medium","High","Public","Postgraduate",73,"21-30","1","3","3"
19,98,96,"Medium","Low","Medium","Private","High School",68,"11-20","3","2","2"
19,62,89,"High","Medium","Medium","Public","High School",63,"11-20","3","1","2"
15,60,72,"High","High","High","Public","High School",62,"11-20","2","1","2"
15,86,77,"Medium","Medium","Medium","Public","Postgraduate",69,"11-20","2","2","2"
19,72,52,"Medium","Medium","Medium","Public","Postgraduate",66,"11-20","1","2","2"
22,70,75,"High","Medium","Medium","Private","Postgraduate",68,"21-30","2","2","3"
25,73,71,"Low","Low","Medium","Private","College",67,"21-30","2","2","3"
15,71,69,"Low","Low","High","Private","College",65,"11-20","2","1","2"
29,80,91,"High","High","Medium","Public","College",70,"21-30","3","3","3"
18,78,59,"High","High","High","Private","High School",64,"11-20","1","1","2"
20,80,59,"High","Medium","High","Private","High School",65,"11-20","1","1","3"
16,87,76,"High","Low","High","Private","Postgraduate",67,"11-20","2","2","2"
5,75,84,"Medium","High","Medium","Private","Postgraduate",62,"0-10","2","1","1"
25,70,51,"High","Low","Medium","Public","High School",66,"21-30","1","2","3"
24,67,77,"Low","High","Medium","Public","College",68,"21-30","2","2","3"
18,74,65,"High","Medium","High","Public","College",64,"11-20","2","1","2"
20,90,88,"Medium","Low","Medium","Public","High School",69,"11-20","3","2","3"
23,90,73,"Low","High","Medium","Private","High School",69,"21-30","2","2","3"
11,87,92,"Medium","Medium","Medium","Public","High School",67,"11-20","3","2","2"
17,69,70,"Low","Low","High","Public","College",61,"11-20","2","1","2"
25,84,91,"Low","Medium","Medium","Public","Postgraduate",70,"21-30","3","3","3"
12,83,86,"Low","High","Medium","Public","College",65,"11-20","2","1","2"
22,79,91,"Low","Low","Medium","Public","College",66,"21-30","3","2","3"
12,82,91,"Medium","Low","Medium","Public","Postgraduate",66,"11-20","3","2","2"
23,80,74,"Medium","Medium","Medium","Public","High School",69,"21-30","2","2","3"
20,83,68,"High","Medium","Medium","Public","High School",67,"11-20","2","2","3"
10,89,88,"Medium","High","Medium","Private","Postgraduate",71,"0-10","3","3","2"
27,64,68,"High","Low","High","Private","High School",68,"21-30","2","2","3"
16,90,54,"High","Medium","Medium","Public","High School",67,"11-20","1","2","2"
15,65,93,"Low","Low","Medium","Public","High School",63,"11-20","3","1","2"
21,63,70,"Low","High","High","Private","College",64,"21-30","2","1","3"
27,99,57,"Medium","Low","Medium","Public","College",73,"21-30","1","3","3"
14,98,82,"High","Low","Medium","Private","High School",69,"11-20","2","2","2"
20,62,94,"High","Medium","Medium","Public","High School",65,"11-20","3","1","3"
23,78,93,"Medium","Medium","High","Private","Postgraduate",70,"21-30","3","3","3"
24,67,78,"Low","Low","High","Public","High School",67,"21-30","2","2","3"
21,79,54,"High","Low","Medium","Public","Postgraduate",67,"21-30","1","2","3"
18,93,85,"Medium","Low","Medium","Public","High School",70,"11-20","2","3","2"
15,98,80,"Low","High","High","Public","Postgraduate",69,"11-20","2","2","2"
21,85,61,"High","Medium","Medium","Public","High School",68,"21-30","1","2","3"
14,74,95,"High","Low","High","Public","College",66,"11-20","3","2","2"
2,84,54,"Low","Low","Low","Public","",62,"0-10","1","1","1"
23,72,69,"Low","High","Medium","Public","High School",67,"21-30","2","2","3"
25,96,55,"High","Medium","High","Public","High School",71,"21-30","1","3","3"
6,95,96,"Medium","Low","Medium","Public","High School",68,"0-10","3","2","1"
14,82,52,"High","Low","Medium","Public","High School",66,"11-20","1","2","2"
24,73,71,"High","Low","Medium","Public","High School",64,"21-30","2","1","3"
32,72,93,"Low","Low","Medium","Private","Postgraduate",71,"30+","3","3","4"
20,61,63,"Medium","Medium","High","Public","College",61,"11-20","1","1","3"
16,93,55,"Medium","Low","Medium","Public","College",67,"11-20","1","2","2"
19,78,56,"Low","High","Medium","Public","College",65,"11-20","1","1","2"
28,73,70,"Low","Low","Medium","Private","College",66,"21-30","2","2","3"
16,79,71,"Medium","Low","High","Public","High School",68,"11-20","2","2","2"
15,93,86,"Medium","Low","Medium","Public","College",66,"11-20","2","2","2"
17,65,62,"Medium","Medium","Medium","Public","High School",63,"11-20","1","1","2"
14,94,85,"Low","High","Medium","Public","High School",66,"11-20","2","2","2"
21,96,100,"Medium","High","Medium","Private","College",73,"21-30","3","3","3"
30,98,93,"Medium","Low","Low","Private","High School",88,"21-30","3","3","4"
22,76,82,"High","Medium","High","Private","High School",67,"21-30","2","2","3"
18,69,97,"Medium","Medium","Medium","Public","College",69,"11-20","3","2","2"
18,75,100,"High","Low","Medium","Public","High School",67,"11-20","3","2","2"
11,73,79,"Medium","Low","High","Public","High School",64,"11-20","2","1","2"
25,67,64,"Medium","Low","Medium","Public","High School",64,"21-30","2","1","3"
20,84,96,"Low","Low","Medium","Public","High School",65,"11-20","3","1","3"
19,79,92,"High","Medium","High","Public","High School",68,"11-20","3","2","2"
39,95,54,"High","Medium","Medium","Private","High School",77,"30+","1","3","4"
22,61,97,"High","Low","High","Public","High School",63,"21-30","3","1","3"
15,86,68,"Medium","High","Medium","Public","College",69,"11-20","2","2","2"
17,91,66,"Medium","Medium","Low","Public","College",69,"11-20","2","2","2"
27,90,67,"Medium","Medium","Medium","Public","Postgraduate",70,"21-30","2","3","3"
21,95,66,"High","Medium","High","Public","College",73,"21-30","2","3","3"
11,89,76,"Medium","Medium","High","Public","Postgraduate",66,"11-20","2","2","2"
26,97,79,"High","Low","Low","Private","High School",71,"21-30","2","3","3"
16,73,71,"Medium","High","High","Public","College",66,"11-20","2","2","2"
31,80,71,"High","Low","High","Public","High School",71,"30+","2","3","4"
26,61,87,"Medium","High","High","Public","High School",66,"21-30","2","2","3"
17,60,50,"High","Low","High","Public","High School",63,"11-20","1","1","2"
28,70,97,"Medium","Low","Low","Public","High School",70,"21-30","3","3","3"
20,64,86,"Medium","Medium","Medium","Public","Postgraduate",66,"11-20","2","2","3"
25,70,85,"Medium","Medium","Medium","Public","High School",66,"21-30","2","2","3"
23,67,71,"High","Medium","Medium","Public","College",66,"21-30","2","2","3"
15,61,98,"Medium","Medium","Medium","Public","High School",62,"11-20","3","1","2"
16,96,50,"High","Medium","High","Public","College",69,"11-20","1","2","2"
26,60,54,"Low","Low","Medium","Private","Postgraduate",63,"21-30","1","1","3"
18,89,90,"Low","High","Medium","Public","Postgraduate",68,"11-20","3","2","2"
18,66,87,"Medium","Medium","Low","Private","High School",64,"11-20","2","1","2"
14,96,64,"High","Low","High","Public","Postgraduate",69,"11-20","2","2","2"
23,96,80,"Low","Low","High","Public","High School",71,"21-30","2","3","3"
32,86,77,"Medium","Medium","Low","Private","High School",71,"30+","2","3","4"
14,87,76,"Medium","Low","Medium","Private","College",66,"11-20","2","2","2"
20,60,80,"Low","High","Medium","Private","College",63,"11-20","2","1","3"
28,99,100,"Low","Medium","Medium","Public","High School",72,"21-30","3","3","3"
20,95,99,"Low","Low","Medium","Private","College",70,"11-20","3","3","3"
23,96,99,"Medium","High","Medium","Private","College",71,"21-30","3","3","3"
14,86,77,"Medium","High","Medium","Private","High School",65,"11-20","2","1","2"
23,74,66,"Low","High","Medium","Public","Postgraduate",65,"21-30","2","1","3"
19,96,78,"High","Low","Low","Public","High School",67,"11-20","2","2","2"
26,72,81,"High","Medium","High","Public","High School",68,"21-30","2","2","3"
27,83,66,"Medium","Medium","Medium","Public","College",70,"21-30","2","3","3"
36,64,82,"Medium","Medium","High","Private","High School",70,"30+","2","3","4"
23,97,81,"Low","Medium","High","Public","High School",72,"21-30","2","3","3"
22,66,95,"Medium","Low","Low","Public","College",65,"21-30","3","1","3"
21,69,62,"High","Low","Medium","Public","High School",65,"21-30","1","1","3"
18,82,85,"High","Medium","High","Private","Postgraduate",71,"11-20","2","3","2"
22,91,73,"Low","High","Medium","Public","Postgraduate",74,"21-30","2","3","3"
18,85,56,"Low","Low","Medium","Private","High School",64,"11-20","1","1","2"
21,69,66,"High","Medium","Medium","Private","High School",64,"21-30","2","1","3"
28,60,53,"Low","Low","Medium","Private","High School",65,"21-30","1","1","3"
14,90,66,"Medium","Medium","Medium","Public","College",67,"11-20","2","2","2"
27,99,53,"Low","Low","High","Public","College",73,"21-30","1","3","3"
28,92,96,"High","Medium","Low","Public","College",72,"21-30","3","3","3"
19,78,55,"Low","Medium","Medium","Public","College",65,"11-20","1","1","2"
7,96,91,"Medium","Low","Medium","Public","College",67,"0-10","3","2","1"
16,76,95,"Low","Medium","Medium","Public","High School",66,"11-20","3","2","2"
28,81,73,"Low","Medium","High","Public","Postgraduate",70,"21-30","2","3","3"
20,79,53,"Medium","Medium","Medium","Private","High School",66,"11-20","1","2","3"
14,78,80,"Low","Medium","Medium","Public","High School",66,"11-20","2","2","2"
17,91,62,"Low","High","Medium","Public","Postgraduate",68,"11-20","1","2","2"
25,81,59,"Low","Low","Medium","Public","College",68,"21-30","1","2","3"
23,73,78,"Low","High","Medium","Public","High School",67,"21-30","2","2","3"
19,70,68,"High","Low","Medium","Public","College",65,"11-20","2","1","2"
18,62,87,"Medium","Low","Medium","Public","College",64,"11-20","2","1","2"
18,83,80,"High","High","High","Public","College",70,"11-20","2","3","2"
14,69,91,"Medium","High","Medium","Public","College",63,"11-20","3","1","2"
30,66,53,"Low","Low","Medium","Public","High School",65,"21-30","1","1","4"
18,86,62,"Medium","Medium","Medium","Public","Postgraduate",67,"11-20","1","2","2"
27,87,78,"Low","Low","Medium","Private","High School",71,"21-30","2","3","3"
29,90,94,"Medium","Low","Low","Private","High School",73,"21-30","3","3","3"
26,80,91,"Low","Low","Medium","Private","High School",67,"21-30","3","2","3"
17,96,84,"Medium","Low","High","Private","College",72,"11-20","2","3","2"
22,97,79,"High","Medium","High","Public","High School",71,"21-30","2","3","3"
20,92,82,"High","Medium","Medium","Public","Postgraduate",72,"11-20","2","3","3"
15,85,61,"Medium","Medium","High","Public","High School",68,"11-20","1","2","2"
22,72,80,"Medium","Low","High","Public","College",65,"21-30","2","1","3"
13,99,75,"Low","Medium","Medium","Public","College",68,"11-20","2","2","2"
27,71,69,"Medium","High","Medium","Public","College",67,"21-30","2","2","3"
17,68,94,"High","High","Medium","Private","College",66,"11-20","3","2","2"
21,78,91,"Medium","Medium","Low","Private","High School",64,"21-30","3","1","3"
22,62,54,"Medium","Low","Medium","Private","Postgraduate",65,"21-30","1","1","3"
18,99,99,"Medium","Low","Medium","Public","High School",69,"11-20","3","2","2"
24,84,61,"Medium","Medium","Medium","Public","High School",68,"21-30","1","2","3"
17,82,61,"Medium","Medium","Medium","Public","Postgraduate",69,"11-20","1","2","2"
25,86,97,"Low","High","Medium","Private","High School",70,"21-30","3","3","3"
12,80,72,"Medium","High","Medium","Private","High School",65,"11-20","2","1","2"
21,61,90,"Low","Medium","Low","Public","High School",63,"21-30","3","1","3"
32,84,64,"Medium","Low","High","Private","College",71,"30+","2","3","4"
14,89,94,"Low","Low","Medium","Private","Postgraduate",68,"11-20","3","2","2"
16,77,92,"High","Low","High","Public","Postgraduate",70,"11-20","3","3","2"
23,90,76,"High","Medium","Low","Public","High School",72,"21-30","2","3","3"
21,69,85,"Medium","Low","Low","Public","College",64,"21-30","2","1","3"
22,69,98,"Low","Low","Medium","Public","Postgraduate",64,"21-30","3","1","3"
23,66,73,"High","High","Medium","Public","College",66,"21-30","2","2","3"
24,75,75,"High","Medium","High","Public","College",69,"21-30","2","2","3"
27,94,86,"Medium","Medium","Medium","Private","High School",71,"21-30","2","3","3"
22,93,69,"High","High","Low","Public","High School",69,"21-30","2","2","3"
19,75,98,"Low","Low","Medium","Public","Postgraduate",67,"11-20","3","2","2"
24,84,52,"Medium","Low","High","Public","High School",66,"21-30","1","2","3"
31,89,70,"Medium","Low","High","Public","High School",71,"30+","2","3","4"
19,70,86,"Low","High","Medium","Public","High School",63,"11-20","2","1","2"
14,67,71,"Medium","High","Medium","Public","College",62,"11-20","2","1","2"
27,99,63,"Medium","Medium","High","Public","High School",73,"21-30","1","3","3"
19,85,71,"Low","Medium","High","Public","High School",66,"11-20","2","2","2"
7,99,94,"Medium","High","High","Public","Postgraduate",72,"0-10","3","3","1"
25,74,77,"Low","Low","Medium","Public","Postgraduate",67,"21-30","2","2","3"
17,88,67,"Medium","Medium","High","Public","Postgraduate",65,"11-20","2","1","2"
19,69,84,"Medium","Medium","Medium","Public","High School",66,"11-20","2","2","2"
22,70,81,"Low","Medium","Medium","Public","Postgraduate",68,"21-30","2","2","3"
21,80,78,"Medium","Medium","High","Private","High School",69,"21-30","2","2","3"
24,73,70,"Medium","High","Medium","Public","Postgraduate",68,"21-30","2","2","3"
17,67,54,"Medium","Low","Medium","Public","High School",61,"11-20","1","1","2"
23,71,81,"Medium","Medium","High","Private","High School",68,"21-30","2","2","3"
18,61,71,"Low","High","High","Private","College",64,"11-20","2","1","2"
24,88,71,"Low","Low","High","Public","College",67,"21-30","2","2","3"
24,80,62,"High","High","Low","Public","High School",68,"21-30","1","2","3"
14,64,62,"Low","Medium","High","Public","High School",61,"11-20","1","1","2"
27,67,89,"Low","Low","Low","Public","Postgraduate",66,"21-30","3","2","3"
17,64,74,"Low","Medium","Low","Public","Postgraduate",64,"11-20","2","1","2"
25,85,55,"Low","High","Medium","Public","High School",67,"21-30","1","2","3"
22,64,52,"Low","High","Medium","Private","College",64,"21-30","1","1","3"
31,90,61,"Low","Low","Medium","Public","High School",72,"30+","1","3","4"
19,61,74,"Low","High","Medium","Public","Postgraduate",62,"11-20","2","1","2"
18,70,81,"Low","Low","Medium","Private","High School",63,"11-20","2","1","2"
20,96,57,"Low","Low","Medium","Private","High School",70,"11-20","1","3","3"
18,89,72,"Low","Medium","Medium","Public","College",69,"11-20","2","2","2"
25,63,54,"Medium","Medium","Low","Public","High School",64,"21-30","1","1","3"
10,93,52,"Medium","Medium","Medium","Public","Postgraduate",66,"0-10","1","2","2"
14,80,93,"Medium","Low","High","Private","High School",67,"11-20","3","2","2"
14,94,83,"Medium","Medium","Low","Public","Postgraduate",71,"11-20","2","3","2"
26,84,89,"Medium","Low","High","Private","High School",70,"21-30","3","3","3"
30,87,59,"Medium","Medium","Medium","Public","High School",69,"21-30","1","2","4"
19,100,66,"High","Low","Medium","Public","",68,"11-20","2","2","2"
19,69,72,"Medium","Low","Medium","Public","College",64,"11-20","2","1","2"
20,85,83,"Low","Medium","Medium","Public","College",70,"11-20","2","3","3"
27,78,77,"Medium","Medium","Low","Private","Postgraduate",69,"21-30","2","2","3"
14,62,78,"Medium","High","","Public","College",63,"11-20","2","1","2"
21,61,58,"Medium","Medium","Low","Public","High School",60,"21-30","1","1","3"
26,65,74,"Medium","Low","Medium","Public","High School",65,"21-30","2","1","3"
23,86,91,"Medium","Low","Medium","Public","High School",67,"21-30","3","2","3"
21,83,75,"Low","Medium","Medium","Public","College",66,"21-30","2","2","3"
26,82,60,"Medium","Low","Medium","Public","Postgraduate",68,"21-30","1","2","3"
4,61,71,"High","Low","Low","Public","Postgraduate",58,"0-10","2","1","1"
24,79,88,"Medium","Medium","Medium","Public","High School",67,"21-30","3","2","3"
16,97,57,"Low","Medium","Medium","Public","",68,"11-20","1","2","2"
9,76,79,"Medium","Low","Medium","Public","High School",62,"0-10","2","1","1"
23,85,98,"High","Low","Medium","Public","Postgraduate",69,"21-30","3","2","3"
28,91,69,"High","Medium","High","Private","High School",73,"21-30","2","3","3"
19,91,52,"Medium","Low","Medium","Public","High School",66,"11-20","1","2","2"
26,81,82,"Medium","Medium","Medium","Public","Postgraduate",67,"21-30","2","2","3"
30,94,52,"Medium","Medium","Low","Public","High School",71,"21-30","1","3","4"
28,76,60,"Medium","Low","Medium","Public","High School",66,"21-30","1","2","3"
30,96,52,"Medium","High","High","Public","College",74,"21-30","1","3","4"
24,70,59,"Low","Low","High","Public","High School",67,"21-30","1","2","3"
20,71,93,"High","Medium","High","Public","Postgraduate",68,"11-20","3","2","3"
10,62,87,"High","Low","High","Public","High School",61,"0-10","2","1","2"
19,92,67,"Medium","Medium","Medium","Private","High School",69,"11-20","2","2","2"
15,77,95,"Low","Low","Medium","Public","High School",65,"11-20","3","1","2"
33,69,83,"Medium","Medium","Low","Public","Postgraduate",71,"30+","2","3","4"
19,69,72,"Medium","Low","Low","Public","High School",61,"11-20","2","1","2"
21,96,53,"Medium","Low","High","Public","College",70,"21-30","1","3","3"
23,93,87,"Medium","Medium","Medium","Private","High School",70,"21-30","2","3","3"
20,82,69,"Low","Medium","Medium","Public","College",69,"11-20","2","2","3"
30,85,65,"High","Low","Medium","Public","High School",70,"21-30","2","3","4"
16,79,64,"Medium","Low","Low","Public","College",67,"11-20","2","2","2"
21,76,50,"Low","Low","Medium","Public","Postgraduate",63,"21-30","1","1","3"
16,97,87,"Medium","High","Medium","Public","High School",70,"11-20","2","3","2"
12,65,57,"Medium","High","High","Private","High School",61,"11-20","1","1","2"
16,77,76,"Low","Low","Medium","Public","Postgraduate",64,"11-20","2","1","2"
20,74,51,"High","Medium","Medium","Public","College",65,"11-20","1","1","3"
17,80,81,"Medium","Medium","High","Public","College",65,"11-20","2","1","2"
16,78,68,"High","Low","High","Private","Postgraduate",66,"11-20","2","2","2"
12,81,82,"Low","Medium","High","Public","High School",66,"11-20","2","2","2"
20,66,54,"Medium","Medium","Low","Public","Postgraduate",63,"11-20","1","1","3"
11,81,63,"Medium","Medium","Medium","Public","Postgraduate",66,"11-20","1","2","2"
25,70,56,"High","Low","Medium","Public","High School",64,"21-30","1","1","3"
20,67,82,"Medium","Low","High","Public","High School",65,"11-20","2","1","3"
11,63,55,"Low","High","Medium","Private","Postgraduate",62,"11-20","1","1","2"
18,91,81,"High","High","Medium","Public","High School",71,"11-20","2","3","2"
15,77,57,"Low","Low","Medium","Public","College",63,"11-20","1","1","2"
22,85,97,"High","Medium","High","Public","College",70,"21-30","3","3","3"
28,89,71,"Low","Low","Medium","Private","College",70,"21-30","2","3","3"
9,87,56,"Medium","Medium","High","Public","College",65,"0-10","1","1","1"
21,79,52,"Medium","Low","","Public","High School",66,"21-30","1","2","3"
19,76,66,"Medium","Medium","Medium","Private","College",66,"11-20","2","2","2"
24,75,95,"High","Medium","High","Public","College",68,"21-30","3","2","3"
21,86,57,"Medium","Low","Medium","Private","High School",68,"21-30","1","2","3"
15,80,90,"Medium","Medium","High","Private","High School",69,"11-20","3","2","2"
18,94,71,"Medium","High","Low","Public","College",71,"11-20","2","3","2"
15,95,90,"Low","Low","","Private","Postgraduate",69,"11-20","3","2","2"
26,67,94,"Medium","Medium","Medium","Public","College",68,"21-30","3","2","3"
20,65,100,"Medium","Low","High","Public","High School",67,"11-20","3","2","3"
31,85,53,"Medium","Low","High","Public","High School",72,"30+","1","3","4"
20,72,90,"High","Medium","Medium","Public","High School",68,"11-20","3","2","3"
16,61,53,"Low","High","Medium","Public","High School",60,"11-20","1","1","2"
11,96,66,"High","Low","Medium","Public","High School",68,"11-20","2","2","2"
9,69,82,"High","High","High","Public","High School",65,"0-10","2","1","1"
10,97,72,"High","Low","Medium","Public","Postgraduate",67,"0-10","2","2","2"
22,89,78,"Low","High","Medium","Private","High School",70,"21-30","2","3","3"
23,91,98,"High","Low","High","Private","High School",70,"21-30","3","3","3"
11,68,91,"Low","Low","High","Public","College",61,"11-20","3","1","2"
25,69,68,"Medium","High","High","Public","College",68,"21-30","2","2","3"
17,81,80,"High","Low","Medium","Public","Postgraduate",67,"11-20","2","2","2"
21,67,52,"Medium","Low","Medium","Public","High School",62,"21-30","1","1","3"
30,72,73,"Medium","High","Medium","Public","High School",66,"21-30","2","2","4"
25,73,80,"Medium","High","Medium","Public","High School",69,"21-30","2","2","3"
18,66,86,"Medium","Medium","Medium","Public","College",66,"11-20","2","2","2"
15,68,95,"Medium","High","Medium","Public","College",64,"11-20","3","1","2"
7,92,64,"High","Low","Low","Public","Postgraduate",66,"0-10","2","2","1"
16,67,95,"Low","Medium","Medium","Public","High School",63,"11-20","3","1","2"
19,61,83,"Low","Medium","Medium","Private","High School",62,"11-20","2","1","2"
14,85,54,"Low","High","Medium","Private","Postgraduate",65,"11-20","1","1","2"
19,99,69,"Low","High","Medium","Private","High School",68,"11-20","2","2","2"
20,73,74,"Low","Low","Low","Private","High School",65,"11-20","2","1","3"
19,65,68,"Low","Low","Low","Public","College",63,"11-20","2","1","2"
16,83,56,"Medium","Medium","Medium","Public","High School",68,"11-20","1","2","2"
21,96,78,"Low","High","Medium","Private","High School",72,"21-30","2","3","3"
23,91,57,"Medium","Low","Medium","Private","High School",69,"21-30","1","2","3"
13,85,96,"Low","Low","High","Public","Postgraduate",66,"11-20","3","2","2"
28,73,93,"High","Low","High","Private","College",68,"21-30","3","2","3"
19,82,74,"Medium","Medium","High","Public","High School",64,"11-20","2","1","2"
20,64,53,"Low","Low","Medium","Public","High School",61,"11-20","1","1","3"
24,87,78,"High","Low","Low","Public","Postgraduate",67,"21-30","2","2","3"
21,89,80,"Medium","Medium","Low","Public","Postgraduate",68,"21-30","2","2","3"
26,99,94,"High","Medium","Medium","Public","High School",74,"21-30","3","3","3"
22,70,53,"Medium","Medium","High","Public","High School",67,"21-30","1","2","3"
16,61,85,"Medium","Medium","Medium","Private","High School",64,"11-20","2","1","2"
22,82,78,"Medium","Medium","High","Public","High School",69,"21-30","2","2","3"
13,88,59,"Medium","Low","Medium","Private","High School",63,"11-20","1","1","2"
21,92,56,"Medium","Low","Medium","Private","High School",67,"21-30","1","2","3"
20,68,85,"Medium","Medium","Medium","Public","College",65,"11-20","2","1","3"
19,70,67,"Medium","Medium","Low","Public","Postgraduate",67,"11-20","2","2","2"
19,81,100,"Medium","Low","Medium","Private","Postgraduate",68,"11-20","3","2","2"
9,73,95,"Medium","Low","Medium","Private","Postgraduate",62,"0-10","3","1","1"
17,94,78,"Medium","Low","High","Public","College",70,"11-20","2","3","2"
21,79,82,"Medium","High","Medium","Public","High School",67,"21-30","2","2","3"
21,92,58,"Medium","High","Medium","Public","High School",89,"21-30","1","3","3"
14,83,95,"Low","Low","Medium","Private","High School",65,"11-20","3","1","2"
28,91,73,"Medium","Medium","Medium","Public","High School",69,"21-30","2","2","3"
15,73,76,"High","Low","Medium","Public","High School",64,"11-20","2","1","2"
26,93,94,"Medium","High","Medium","Private","High School",74,"21-30","3","3","3"
23,71,50,"Medium","High","Medium","Public","High School",64,"21-30","1","1","3"
16,82,75,"Medium","Low","Medium","Public","Postgraduate",64,"11-20","2","1","2"
31,69,81,"Medium","Medium","Medium","Private","College",67,"30+","2","2","4"
13,79,58,"High","Medium","Medium","Public","College",63,"11-20","1","1","2"
26,73,53,"Low","Medium","High","Private","High School",68,"21-30","1","2","3"
26,71,77,"Low","Medium","Medium","Public","Postgraduate",66,"21-30","2","2","3"
16,99,77,"High","Low","Medium","Public","High School",68,"11-20","2","2","2"
28,66,67,"Medium","High","Medium","Private","Postgraduate",68,"21-30","2","2","3"
18,91,94,"Medium","Low","Medium","Private","High School",69,"11-20","3","2","2"
22,99,65,"Medium","Low","Low","Public","Postgraduate",71,"21-30","2","3","3"
22,61,76,"Medium","High","Medium","Public","College",65,"21-30","2","1","3"
19,88,59,"Medium","Medium","Medium","Private","High School",67,"11-20","1","2","2"
25,70,51,"Medium","High","Medium","Public","College",65,"21-30","1","1","3"
25,62,71,"Medium","Low","High","Private","High School",65,"21-30","2","1","3"
10,76,76,"Medium","High","High","Public","Postgraduate",80,"0-10","2","3","2"
28,97,88,"High","Medium","Medium","Public","High School",74,"21-30","3","3","3"
10,60,72,"Low","Medium","Low","Public","High School",59,"0-10","2","1","2"
26,84,64,"Low","High","High","Public","High School",69,"21-30","2","2","3"
27,80,80,"Medium","High","Medium","Public","High School",66,"21-30","2","2","3"
13,95,69,"Medium","Low","Low","Public","Postgraduate",66,"11-20","2","2","2"
18,63,62,"Medium","High","Medium","Public","High School",65,"11-20","1","1","2"
13,87,96,"Low","Low","Low","Public","College",67,"11-20","3","2","2"
19,87,77,"Low","Low","Medium","Private","High School",69,"11-20","2","2","2"
18,87,60,"High","Medium","Medium","Public","High School",68,"11-20","1","2","2"
25,98,84,"Medium","Medium","High","Private","Postgraduate",73,"21-30","2","3","3"
28,93,90,"Medium","Low","Medium","Public","High School",71,"21-30","3","3","3"
28,62,88,"Medium","Low","High","Public","Postgraduate",67,"21-30","3","2","3"
17,79,80,"Low","High","High","Public","College",67,"11-20","2","2","2"
19,76,76,"Medium","High","High","Public","Postgraduate",66,"11-20","2","2","2"
10,72,89,"Medium","Medium","Medium","Public","College",63,"0-10","3","1","2"
15,78,85,"Medium","High","Medium","Public","High School",65,"11-20","2","1","2"
26,75,79,"Medium","High","Medium","Public","College",67,"21-30","2","2","3"
30,77,83,"Medium","Low","Low","Public","College",69,"21-30","2","2","4"
13,99,58,"Medium","Low","Medium","Public","High School",67,"11-20","1","2","2"
16,64,51,"High","High","High","Public","College",66,"11-20","1","2","2"
20,97,97,"Low","Medium","High","Private","High School",74,"11-20","3","3","3"
22,79,97,"Medium","High","","Public","College",69,"21-30","3","2","3"
15,85,89,"High","Medium","Medium","Public","College",66,"11-20","3","2","2"
23,93,69,"Low","Medium","Medium","Private","Postgraduate",69,"21-30","2","2","3"
17,74,58,"Low","High","Medium","Public","College",63,"11-20","1","1","2"
20,77,68,"Medium","Medium","High","Private","College",65,"11-20","2","1","3"
23,76,86,"Low","Low","Medium","Private","College",64,"21-30","2","1","3"
20,75,67,"High","Medium","Medium","Private","High School",64,"11-20","2","1","3"
17,97,90,"Low","Medium","Low","Public","High School",69,"11-20","3","2","2"
19,93,84,"Medium","Low","High","Public","High School",73,"11-20","2","3","2"
19,64,81,"High","Medium","Medium","Public","High School",62,"11-20","2","1","2"
18,64,97,"Low","Medium","Low","Private","College",62,"11-20","3","1","2"
18,77,95,"High","Medium","High","Private","Postgraduate",68,"11-20","3","2","2"
30,64,86,"Low","Medium","Medium","Private","Postgraduate",66,"21-30","2","2","4"
23,85,60,"High","Medium","Medium","Public","College",68,"21-30","1","2","3"
18,66,97,"Medium","Medium","Medium","Public","High School",66,"11-20","3","2","2"
24,81,61,"Low","Medium","Medium","Public","Postgraduate",69,"21-30","1","2","3"
18,60,69,"Medium","Medium","Medium","Public","Postgraduate",62,"11-20","2","1","2"
27,73,91,"Medium","High","Medium","Public","College",68,"21-30","3","2","3"
22,87,60,"Low","Medium","High","Public","College",67,"21-30","1","2","3"
19,79,82,"Medium","Low","Medium","Private","High School",65,"11-20","2","1","2"
23,99,73,"Medium","Low","Medium","Public","College",69,"21-30","2","2","3"
11,95,81,"High","Low","Low","Public","High School",67,"11-20","2","2","2"
13,74,98,"High","Medium","Medium","Public","Postgraduate",64,"11-20","3","1","2"
13,62,90,"Medium","High","High","Private","Postgraduate",62,"11-20","3","1","2"
21,94,65,"Low","High","High","Private","High School",71,"21-30","2","3","3"
30,96,53,"Medium","Medium","Medium","Private","High School",72,"21-30","1","3","4"
33,93,98,"Low","Medium","Medium","Public","High School",74,"30+","3","3","4"
24,65,79,"Low","Medium","High","Public","Postgraduate",66,"21-30","2","2","3"
23,100,59,"Medium","Medium","Medium","Public","High School",72,"21-30","1","3","3"
9,70,81,"Medium","High","High","Private","Postgraduate",65,"0-10","2","1","1"
17,89,52,"High","Low","Medium","Public","College",67,"11-20","1","2","2"
15,96,59,"High","Medium","High","Private","High School",70,"11-20","1","3","2"
16,69,82,"Medium","Low","High","Public","High School",62,"11-20","2","1","2"
19,96,70,"High","Low","Medium","Public","High School",66,"11-20","2","2","2"
17,72,66,"Medium","High","High","Public","College",65,"11-20","2","1","2"
8,99,83,"High","Medium","High","Public","Postgraduate",70,"0-10","2","3","1"
24,71,93,"Low","Medium","Medium","Private","College",69,"21-30","3","2","3"
14,98,84,"Low","High","Medium","Public","High School",70,"11-20","2","3","2"
21,62,73,"Medium","High","Medium","Private","College",66,"21-30","2","2","3"
32,88,83,"Low","Low","High","Private","Postgraduate",73,"30+","2","3","4"
14,81,85,"Low","Medium","High","Public","Postgraduate",69,"11-20","2","2","2"
5,79,89,"Low","Medium","Medium","Private","College",66,"0-10","3","2","1"
18,69,65,"Medium","Medium","Medium","Public","High School",65,"11-20","2","1","2"
27,88,56,"High","Low","Medium","Public","Postgraduate",70,"21-30","1","3","3"
32,68,84,"Medium","Medium","High","Private","Postgraduate",70,"30+","2","3","4"
13,82,56,"High","Low","High","Public","Postgraduate",67,"11-20","1","2","2"
23,70,73,"High","Low","Medium","Private","Postgraduate",68,"21-30","2","2","3"
17,98,62,"Low","Medium","Medium","Private","College",68,"11-20","1","2","2"
19,61,67,"Medium","Low","Medium","Public","College",61,"11-20","2","1","2"
36,68,74,"High","Medium","Medium","Public","High School",70,"30+","2","3","4"
11,70,95,"High","Low","High","Public","College",65,"11-20","3","1","2"
22,77,84,"Medium","High","Medium","Public","High School",66,"21-30","2","2","3"
23,69,59,"Medium","High","Medium","Public","Postgraduate",67,"21-30","1","2","3"
27,80,94,"High","High","Medium","Public","High School",69,"21-30","3","2","3"
21,95,75,"Medium","Low","Medium","Public","College",69,"21-30","2","2","3"
22,88,60,"Low","Low","Medium","Public","High School",67,"21-30","1","2","3"
18,83,76,"Medium","Medium","Low","Private","High School",66,"11-20","2","2","2"
22,64,60,"Medium","High","High","Private","High School",63,"21-30","1","1","3"
18,88,68,"Low","Medium","High","Public","High School",67,"11-20","2","2","2"
24,67,90,"Medium","Low","Medium","Public","College",64,"21-30","3","1","3"
18,91,83,"Medium","Low","Medium","Private","High School",68,"11-20","2","2","2"
22,70,74,"Low","Low","High","Public","",65,"21-30","2","1","3"
20,77,61,"Medium","Medium","Medium","Public","High School",65,"11-20","1","1","3"
27,74,64,"High","Low","Medium","Public","High School",65,"21-30","2","1","3"
20,94,99,"Medium","Medium","Medium","Public","College",70,"11-20","3","3","3"
9,65,67,"Medium","High","Medium","Public","High School",62,"0-10","2","1","1"
28,83,81,"Medium","Low","Medium","Public","High School",68,"21-30","2","2","3"
15,66,75,"Low","High","High","Public","College",62,"11-20","2","1","2"
16,88,51,"Medium","Medium","Medium","Public","College",68,"11-20","1","2","2"
16,96,97,"Medium","Medium","High","Private","College",72,"11-20","3","3","2"
28,77,54,"Low","High","Medium","Public","Postgraduate",70,"21-30","1","3","3"
7,80,83,"Low","Medium","Medium","Public","High School",62,"0-10","2","1","1"
39,97,91,"Medium","Low","Medium","Public","High School",79,"30+","3","3","4"
26,81,87,"Medium","High","High","Public","Postgraduate",73,"21-30","2","3","3"
21,80,90,"High","Low","Low","Public","College",68,"21-30","3","2","3"
20,83,87,"Low","High","Medium","Public","High School",68,"11-20","2","2","3"
22,88,72,"Medium","Low","High","Public","High School",69,"21-30","2","2","3"
23,64,95,"High","Low","Medium","Public","College",63,"21-30","3","1","3"
24,93,96,"Medium","High","Medium","Public","Postgraduate",74,"21-30","3","3","3"
23,77,72,"Medium","High","High","Public","College",69,"21-30","2","2","3"
21,63,74,"Medium","Low","Medium","Public","High School",61,"21-30","2","1","3"
19,91,74,"Low","Medium","Medium","Public","Postgraduate",69,"11-20","2","2","2"
19,75,64,"High","Low","Medium","Public","High School",64,"11-20","2","1","2"
19,64,56,"Low","Low","Medium","Public","Postgraduate",63,"11-20","1","1","2"
27,85,63,"Low","Low","Medium","Public","College",68,"21-30","1","2","3"
24,95,92,"Medium","Low","Medium","Public","High School",72,"21-30","3","3","3"
2,96,77,"Medium","Medium","","Public","High School",65,"0-10","2","1","1"
24,98,93,"Low","Low","Low","Public","College",69,"21-30","3","2","3"
21,95,87,"Low","Medium","Medium","Private","High School",70,"21-30","2","3","3"
20,60,67,"Low","Medium","Medium","Public","Postgraduate",63,"11-20","2","1","3"
18,75,59,"Low","Medium","Medium","Public","High School",62,"11-20","1","1","2"
27,93,78,"Low","Low","Medium","Public","Postgraduate",72,"21-30","2","3","3"
26,75,97,"Medium","Low","Medium","Public","High School",69,"21-30","3","2","3"
15,84,92,"Low","Medium","Medium","Public","High School",66,"11-20","3","2","2"
22,84,88,"Medium","Low","High","Private","Postgraduate",71,"21-30","3","3","3"
14,75,88,"Medium","Low","Medium","Private","College",62,"11-20","3","1","2"
12,96,76,"Medium","Medium","High","Public","High School",68,"11-20","2","2","2"
16,80,58,"Low","Medium","Medium","Public","High School",63,"11-20","1","1","2"
25,79,64,"Medium","Low","Medium","Public","College",66,"21-30","2","2","3"
26,100,79,"High","Medium","High","Public","College",75,"21-30","2","3","3"
23,80,66,"High","High","High","Private","College",69,"21-30","2","2","3"
24,67,89,"Medium","High","Low","Private","High School",68,"21-30","3","2","3"
23,81,69,"Medium","Medium","Medium","Public","High School",69,"21-30","2","2","3"
16,93,56,"Medium","Low","Medium","Public","High School",67,"11-20","1","2","2"
23,91,89,"Medium","Medium","Medium","Private","Postgraduate",73,"21-30","3","3","3"
25,92,85,"Low","Low","Medium","Public","College",71,"21-30","2","3","3"
25,88,63,"Medium","High","Medium","Public","High School",71,"21-30","1","3","3"
27,70,99,"High","Low","Medium","Private","High School",68,"21-30","3","2","3"
24,94,70,"Medium","High","Medium","Public","High School",70,"21-30","2","3","3"
22,96,84,"Low","High","High","Public","High School",71,"21-30","2","3","3"
26,68,96,"High","Medium","High","Public","High School",69,"21-30","3","2","3"
20,65,58,"Medium","Low","Medium","Private","High School",63,"11-20","1","1","3"
15,99,94,"Medium","Medium","Medium","Private","Postgraduate",71,"11-20","3","3","2"
19,95,85,"Medium","Low","Medium","Public","College",69,"11-20","2","2","2"
16,96,58,"Medium","High","Low","Public","Postgraduate",71,"11-20","1","3","2"
16,95,83,"Low","Low","High","Private","High School",68,"11-20","2","2","2"
19,82,94,"Medium","Medium","Medium","Public","High School",68,"11-20","3","2","2"
15,86,90,"Medium","Medium","High","Public","Postgraduate",66,"11-20","3","2","2"
18,82,88,"Medium","Low","Medium","Public","College",67,"11-20","3","2","2"
9,62,58,"Low","Medium","High","Private","College",59,"0-10","1","1","1"
21,90,60,"Medium","Low","Medium","Public","College",66,"21-30","1","2","3"
20,80,77,"Low","Medium","High","Private","High School",64,"11-20","2","1","3"
15,86,79,"Medium","Low","Medium","Public","High School",64,"11-20","2","1","2"
24,80,97,"Medium","Low","High","Private","High School",69,"21-30","3","2","3"
26,80,73,"High","Medium","Medium","Public","High School",69,"21-30","2","2","3"
10,67,65,"Medium","Medium","Medium","Public","High School",61,"0-10","2","1","2"
15,71,60,"Medium","Low","High","Private","High School",62,"11-20","1","1","2"
15,66,53,"Medium","Medium","High","Public","College",61,"11-20","1","1","2"
14,68,53,"High","Medium","High","Private","College",63,"11-20","1","1","2"
25,99,79,"Low","Low","Medium","Public","College",71,"21-30","2","3","3"
19,66,59,"Medium","Medium","Low","Public","Postgraduate",65,"11-20","1","1","2"
18,71,93,"Medium","Low","High","Private","College",68,"11-20","3","2","2"
8,84,80,"Medium","High","High","Public","High School",67,"0-10","2","2","1"
24,84,93,"High","Low","Medium","Public","High School",70,"21-30","3","3","3"
13,66,71,"Medium","Medium","Medium","Public","High School",64,"11-20","2","1","2"
20,92,80,"High","Medium","Medium","Private","College",71,"11-20","2","3","3"
22,91,76,"Low","Medium","Medium","Public","College",71,"21-30","2","3","3"
28,69,99,"Low","High","Medium","Private","High School",67,"21-30","3","2","3"
12,72,90,"Medium","High","Medium","Public","Postgraduate",63,"11-20","3","1","2"
2,98,80,"High","Low","High","Public","High School",66,"0-10","2","2","1"
21,93,80,"Medium","High","Medium","Public","High School",70,"21-30","2","3","3"
31,88,62,"Medium","Low","Medium","Private","High School",70,"30+","1","3","4"
27,63,87,"Medium","Low","High","Private","High School",67,"21-30","2","2","3"
21,77,99,"High","Medium","High","Public","Postgraduate",69,"21-30","3","2","3"
17,82,56,"Low","High","Medium","Public","High School",66,"11-20","1","2","2"
25,67,82,"Medium","Medium","Medium","Public","Postgraduate",67,"21-30","2","2","3"
14,78,76,"Medium","High","Medium","Public","College",65,"11-20","2","1","2"
23,84,93,"Medium","High","Medium","Public","Postgraduate",72,"21-30","3","3","3"
23,73,50,"Medium","Medium","Medium","Public","College",68,"21-30","1","2","3"
26,91,57,"Low","Medium","Medium","Public","College",72,"21-30","1","3","3"
37,94,52,"High","Low","Medium","Private","Postgraduate",76,"30+","1","3","4"
22,73,58,"Medium","Low","Medium","Public","College",65,"21-30","1","1","3"
17,94,85,"Medium","Medium","Low","Public","High School",68,"11-20","2","2","2"
20,64,57,"Medium","Low","High","Public","College",65,"11-20","1","1","3"
9,94,81,"Low","Low","High","Public","High School",66,"0-10","2","2","1"
16,66,93,"Medium","Low","Medium","Public","High School",63,"11-20","3","1","2"
18,63,52,"Medium","High","High","Public","Postgraduate",63,"11-20","1","1","2"
17,86,51,"Medium","Low","Medium","Private","Postgraduate",66,"11-20","1","2","2"
21,79,99,"Medium","Low","High","Public","High School",69,"21-30","3","2","3"
15,96,84,"High","Medium","Low","Public","Postgraduate",72,"11-20","2","3","2"
27,75,57,"Medium","High","Low","Public","High School",66,"21-30","1","2","3"
20,71,65,"Medium","Medium","Medium","Public","High School",64,"11-20","2","1","3"
20,80,99,"Low","Low","High","Private","High School",67,"11-20","3","2","3"
18,78,61,"Low","Low","Medium","Private","High School",67,"11-20","1","2","2"
21,74,88,"Medium","Medium","High","Public","College",66,"21-30","3","2","3"
25,88,62,"Low","Low","Medium","Public","High School",68,"21-30","1","2","3"
15,90,70,"Medium","Medium","Medium","Private","High School",65,"11-20","2","1","2"
16,94,94,"High","Low","High","Private","High School",71,"11-20","3","3","2"
18,99,51,"Medium","Medium","Low","Public","Postgraduate",71,"11-20","1","3","2"
12,71,65,"Medium","Medium","High","Private","High School",62,"11-20","2","1","2"
15,89,74,"Low","Medium","High","Public","College",69,"11-20","2","2","2"
17,76,81,"Low","High","Medium","Private","High School",65,"11-20","2","1","2"
25,87,51,"Low","Medium","Medium","Public","Postgraduate",70,"21-30","1","3","3"
22,79,71,"Medium","Low","","Private","College",66,"21-30","2","2","3"
21,100,67,"Medium","High","Medium","Public","High School",70,"21-30","2","3","3"
25,89,51,"Low","Medium","High","Private","Postgraduate",70,"21-30","1","3","3"
19,98,68,"Medium","Low","Medium","Private","High School",69,"11-20","2","2","2"
22,93,97,"Medium","Medium","Medium","Public","High School",71,"21-30","3","3","3"
19,96,64,"Medium","Medium","Medium","Public","High School",69,"11-20","2","2","2"
22,93,79,"Medium","Medium","High","Public","Postgraduate",73,"21-30","2","3","3"
17,78,65,"Low","Medium","High","Public","High School",65,"11-20","2","1","2"
5,70,55,"Medium","Low","Medium","Public","High School",62,"0-10","1","1","1"
19,75,64,"Medium","High","Low","Public","Postgraduate",67,"11-20","2","2","2"
29,61,74,"High","Medium","Medium","Public","Postgraduate",65,"21-30","2","1","3"
26,81,65,"Low","Medium","Medium","Public","High School",65,"21-30","2","1","3"
26,80,81,"Medium","Medium","Medium","Public","College",70,"21-30","2","3","3"
27,81,97,"Low","Medium","Medium","Public","College",70,"21-30","3","3","3"
21,99,53,"Medium","Medium","Low","Public","Postgraduate",71,"21-30","1","3","3"
21,96,86,"Low","Low","High","Public","College",71,"21-30","2","3","3"
16,66,50,"Low","Medium","High","Public","High School",62,"11-20","1","1","2"
18,75,50,"Medium","Low","Medium","Public","Postgraduate",65,"11-20","1","1","2"
24,77,57,"Medium","Medium","High","Public","College",84,"21-30","1","3","3"
27,74,74,"Medium","Medium","High","Public","College",68,"21-30","2","2","3"
19,92,52,"Medium","High","Medium","Public","High School",70,"11-20","1","3","2"
17,81,86,"Medium","Medium","Medium","Private","Postgraduate",68,"11-20","2","2","2"
20,83,51,"Medium","Low","High","Public","Postgraduate",67,"11-20","1","2","3"
24,94,75,"Low","Low","High","Public","High School",69,"21-30","2","2","3"
11,92,84,"Medium","Low","Low","Public","High School",68,"11-20","2","2","2"
6,65,62,"Medium","Low","Low","Public","High School",59,"0-10","1","1","1"
17,89,79,"Medium","Medium","Medium","Public","College",67,"11-20","2","2","2"
13,77,63,"Low","High","Low","Public","High School",63,"11-20","1","1","2"
17,72,61,"Low","Medium","Medium","Public","High School",65,"11-20","1","1","2"
19,62,91,"Low","Low","Medium","Public","College",63,"11-20","3","1","2"
17,79,67,"Low","Low","Medium","Private","High School",64,"11-20","2","1","2"
29,74,91,"High","Low","High","Public","College",72,"21-30","3","3","3"
22,70,61,"High","Low","Medium","Public","College",63,"21-30","1","1","3"
22,88,68,"Medium","Medium","Medium","Public","High School",66,"21-30","2","2","3"
24,91,55,"Low","Medium","Low","Private","College",67,"21-30","1","2","3"
13,70,75,"High","High","Medium","Public","Postgraduate",66,"11-20","2","2","2"
26,62,69,"Medium","Medium","High","Public","College",66,"21-30","2","2","3"
20,94,50,"Low","Low","High","Private","Postgraduate",68,"11-20","1","2","3"
24,60,73,"Medium","Low","Medium","Private","Postgraduate",66,"21-30","2","2","3"
14,97,54,"Medium","Medium","Medium","Public","College",68,"11-20","1","2","2"
11,85,92,"Low","Medium","Medium","Public","High School",65,"11-20","3","1","2"
25,73,75,"Low","Medium","Medium","Private","College",67,"21-30","2","2","3"
22,70,85,"Medium","High","Medium","Private","High School",64,"21-30","2","1","3"
15,60,91,"Low","Low","Medium","Private","College",59,"11-20","3","1","2"
15,69,53,"Low","High","Medium","Private","High School",60,"11-20","1","1","2"
27,66,67,"Low","High","High","Public","College",65,"21-30","2","1","3"
13,84,51,"High","Low","Medium","Public","High School",64,"11-20","1","1","2"
30,67,52,"Medium","Low","Medium","Public","High School",66,"21-30","1","2","4"
15,81,52,"Medium","Medium","Medium","Public","Postgraduate",65,"11-20","1","1","2"
24,84,74,"Medium","Medium","High","Public","High School",69,"21-30","2","2","3"
18,72,73,"Medium","Medium","Medium","Private","High School",66,"11-20","2","2","2"
24,61,53,"Medium","Low","High","Private","College",65,"21-30","1","1","3"
17,61,63,"Low","Medium","Medium","Public","College",62,"11-20","1","1","2"
19,61,62,"Medium","Medium","Medium","Public","High School",60,"11-20","1","1","2"
20,90,65,"Low","Low","High","Public","College",68,"11-20","2","2","3"
14,73,82,"Medium","Medium","Medium","Public","High School",64,"11-20","2","1","2"
24,92,85,"High","Medium","Medium","Public","College",73,"21-30","2","3","3"
17,77,67,"Low","Low","Medium","Public","College",64,"11-20","2","1","2"
19,78,89,"Medium","Medium","Medium","Public","",69,"11-20","3","2","2"
14,81,71,"Low","Low","High","Public","Postgraduate",63,"11-20","2","1","2"
5,89,76,"High","Medium","Medium","Public","College",65,"0-10","2","1","1"
19,71,57,"Medium","Medium","High","Public","High School",65,"11-20","1","1","2"
34,65,62,"High","Medium","High","Public","High School",67,"30+","1","2","4"
25,82,86,"Medium","Low","Low","Public","High School",67,"21-30","2","2","3"
20,73,99,"Low","Medium","Medium","Private","High School",66,"11-20","3","2","3"
18,78,85,"High","Low","High","Private","Postgraduate",68,"11-20","2","2","2"
20,86,53,"Medium","Low","High","Public","High School",65,"11-20","1","1","3"
23,80,57,"Medium","Low","Medium","Public","Postgraduate",66,"21-30","1","2","3"
13,85,72,"Medium","Low","Medium","Public","College",66,"11-20","2","2","2"
27,82,87,"Low","Low","High","Public","High School",69,"21-30","2","2","3"
24,90,58,"Medium","Low","Medium","Private","Postgraduate",70,"21-30","1","3","3"
24,88,88,"Medium","Medium","High","Private","Postgraduate",71,"21-30","3","3","3"
23,81,78,"High","Low","Low","Public","High School",70,"21-30","2","3","3"
20,87,89,"Low","Medium","Medium","Public","High School",68,"11-20","3","2","3"
24,95,78,"Medium","Low","High","Public","Postgraduate",73,"21-30","2","3","3"
24,77,80,"High","Low","High","Public","High School",68,"21-30","2","2","3"
18,77,62,"Low","High","Medium","Private","College",66,"11-20","1","2","2"
17,91,86,"Low","Medium","Medium","Public","Postgraduate",67,"11-20","2","2","2"
21,83,92,"Low","Medium","Medium","Private","High School",66,"21-30","3","2","3"
29,63,94,"Medium","Medium","High","Private","Postgraduate",69,"21-30","3","2","3"
13,96,51,"Medium","Low","Low","Public","Postgraduate",67,"11-20","1","2","2"
11,61,81,"High","Medium","Low","Public","High School",61,"11-20","2","1","2"
21,90,99,"Medium","Low","Medium","Private","College",70,"21-30","3","3","3"
20,90,79,"Medium","Low","Medium","Public","High School",70,"11-20","2","3","3"
21,98,59,"High","Medium","Medium","Public","College",70,"21-30","1","3","3"
21,62,94,"Low","Low","High","Private","College",64,"21-30","3","1","3"
19,84,63,"Medium","Low","Medium","Public","College",65,"11-20","1","1","2"
29,77,52,"Medium","Low","Medium","Public","College",70,"21-30","1","3","3"
10,73,72,"Low","Low","High","Public","College",62,"0-10","2","1","2"
15,64,55,"High","Medium","Low","Public","College",64,"11-20","1","1","2"
19,83,56,"Medium","Medium","Low","Private","College",67,"11-20","1","2","2"
10,79,73,"High","Low","Low","Public","High School",63,"0-10","2","1","2"
19,64,81,"High","Medium","High","Public","High School",62,"11-20","2","1","2"
30,84,95,"Medium","High","High","Public","College",72,"21-30","3","3","4"
20,90,85,"High","Low","High","Private","College",69,"11-20","2","2","3"
21,91,92,"Medium","Low","Medium","Private","High School",72,"21-30","3","3","3"
12,96,71,"High","Medium","Medium","Private","College",68,"11-20","2","2","2"
16,76,66,"Low","Medium","Medium","Private","Postgraduate",64,"11-20","2","1","2"
18,98,80,"Low","Low","Medium","Private","College",72,"11-20","2","3","2"
18,95,85,"Low","Low","High","Public","College",73,"11-20","2","3","2"
28,72,78,"Low","Medium","Low","Private","College",67,"21-30","2","2","3"
23,66,63,"Medium","Low","Medium","Public","College",64,"21-30","1","1","3"
13,77,68,"Low","High","Medium","Private","High School",65,"11-20","2","1","2"
21,76,72,"Low","Low","High","Public","High School",67,"21-30","2","2","3"
23,83,51,"Low","Medium","High","Public","College",68,"21-30","1","2","3"
27,83,94,"Medium","Low","High","Public","High School",72,"21-30","3","3","3"
29,90,76,"Low","Medium","Low","Public","High School",71,"21-30","2","3","3"
14,80,88,"Medium","Medium","Medium","Private","High School",66,"11-20","3","2","2"
15,64,59,"Low","Low","Medium","Public","High School",59,"11-20","1","1","2"
12,94,78,"Medium","Medium","High","Public","High School",68,"11-20","2","2","2"
19,72,96,"Low","Low","Low","Public","High School",64,"11-20","3","1","2"
23,99,61,"Low","High","High","Private","High School",70,"21-30","1","3","3"
26,65,67,"Medium","High","Medium","Private","High School",65,"21-30","2","1","3"
20,98,69,"High","High","High","Public","College",72,"11-20","2","3","3"
18,64,69,"Medium","High","Medium","Public","College",66,"11-20","2","2","2"
21,69,80,"High","Medium","High","Public","College",68,"21-30","2","2","3"
15,62,70,"Medium","Low","Medium","Private","College",62,"11-20","2","1","2"
33,88,84,"Medium","Low","Medium","Public","High School",70,"30+","2","3","4"
10,94,74,"High","High","Medium","Public","College",70,"0-10","2","3","2"
21,77,58,"Medium","Low","High","Public","College",64,"21-30","1","1","3"
32,97,97,"Low","Low","High","Public","College",76,"30+","3","3","4"
20,84,62,"High","Medium","Medium","Public","College",67,"11-20","1","2","3"
19,85,78,"Low","Low","High","Private","College",69,"11-20","2","2","2"
18,94,53,"Medium","Medium","High","Public","High School",68,"11-20","1","2","2"
19,72,96,"Low","Medium","High","Public","Postgraduate",67,"11-20","3","2","2"
28,74,96,"Low","High","High","Private","High School",69,"21-30","3","2","3"
7,96,68,"Medium","Low","High","Public","High School",67,"0-10","2","2","1"
29,96,56,"Low","Low","High","Private","High School",73,"21-30","1","3","3"
11,99,88,"High","Medium","Low","Private","College",71,"11-20","3","3","2"
18,96,63,"Medium","Low","Medium","Private","Postgraduate",70,"11-20","1","3","2"
17,65,85,"Medium","Low","Medium","Private","",65,"11-20","2","1","2"
24,93,96,"Medium","Medium","Medium","Public","Postgraduate",73,"21-30","3","3","3"
10,76,80,"Medium","Low","High","Public","Postgraduate",65,"0-10","2","1","2"
23,100,93,"Medium","Low","Medium","Private","Postgraduate",73,"21-30","3","3","3"
32,79,61,"Medium","Low","High","Public","College",70,"30+","1","3","4"
12,82,96,"High","Low","Low","Private","College",66,"11-20","3","2","2"
21,81,61,"High","Medium","Low","Public","High School",66,"21-30","1","2","3"
16,73,61,"Low","Low","High","Private","High School",64,"11-20","1","1","2"
23,63,94,"High","Medium","Medium","Public","Postgraduate",68,"21-30","3","2","3"
20,96,78,"Medium","High","High","Public","High School",70,"11-20","2","3","3"
16,92,90,"High","High","Medium","Private","High School",72,"11-20","3","3","2"
23,66,90,"Medium","Low","Medium","Public","High School",66,"21-30","3","2","3"
31,91,82,"Medium","Medium","High","Public","High School",74,"30+","2","3","4"
19,85,59,"Low","Medium","High","Private","College",67,"11-20","1","2","2"
24,76,85,"Medium","Low","Medium","Private","Postgraduate",71,"21-30","2","3","3"
12,70,53,"Medium","Low","Medium","Public","High School",60,"11-20","1","1","2"
14,94,60,"Medium","High","Medium","Public","College",68,"11-20","1","2","2"
23,88,82,"Medium","Medium","Medium","Private","College",69,"21-30","2","2","3"
29,82,95,"Medium","Medium","High","Public","College",74,"21-30","3","3","3"
22,84,89,"Medium","Medium","Medium","Public","High School",71,"21-30","3","3","3"
18,64,67,"High","Low","Medium","Private","College",63,"11-20","2","1","2"
20,79,91,"High","Low","Medium","Private","College",66,"11-20","3","2","3"
12,68,98,"Medium","Medium","High","Private","High School",65,"11-20","3","1","2"
24,68,67,"High","Low","High","Private","High School",60,"21-30","2","1","3"
25,86,59,"Medium","Low","Medium","Public","High School",69,"21-30","1","2","3"
17,96,60,"Medium","Low","Medium","Public","College",69,"11-20","1","2","2"
17,76,70,"Low","High","Medium","Public","Postgraduate",67,"11-20","2","2","2"
22,68,53,"High","Medium","Medium","Public","High School",65,"21-30","1","1","3"
17,86,74,"Medium","Low","High","Private","College",70,"11-20","2","3","2"
20,95,87,"Low","Low","Medium","Private","Postgraduate",71,"11-20","2","3","3"
33,90,77,"Medium","Medium","High","Public","Postgraduate",73,"30+","2","3","4"
19,95,99,"Medium","Low","Medium","Public","Postgraduate",70,"11-20","3","3","2"
18,81,73,"High","Medium","High","Public","High School",67,"11-20","2","2","2"
16,90,51,"Medium","High","Medium","Public","High School",67,"11-20","1","2","2"
24,66,74,"Medium","High","High","Public","College",65,"21-30","2","1","3"
19,74,96,"Medium","High","Medium","Public","College",69,"11-20","3","2","2"
16,76,55,"Medium","Low","","Public","Postgraduate",65,"11-20","1","1","2"
28,80,61,"Low","Low","Medium","Private","College",68,"21-30","1","2","3"
29,97,86,"Medium","Medium","Medium","Public","College",74,"21-30","2","3","3"
16,95,65,"High","Medium","Medium","Private","College",68,"11-20","2","2","2"
9,65,88,"Low","Low","Medium","Public","College",61,"0-10","3","1","1"
26,67,71,"High","Low","Medium","Public","Postgraduate",67,"21-30","2","2","3"
16,74,90,"Medium","Low","Medium","Private","High School",66,"11-20","3","2","2"
25,72,78,"Low","Medium","High","Public","High School",69,"21-30","2","2","3"
8,85,54,"Low","Low","High","Private","High School",62,"0-10","1","1","1"
25,96,69,"Low","Low","Medium","Public","High School",71,"21-30","2","3","3"
13,98,67,"Medium","Medium","Medium","Private","Postgraduate",71,"11-20","2","3","2"
24,86,91,"Low","Low","High","Private","College",72,"21-30","3","3","3"
20,94,81,"Low","Medium","High","Public","High School",69,"11-20","2","2","3"
14,81,89,"Medium","Low","High","Private","College",67,"11-20","3","2","2"
18,68,69,"Medium","Low","High","Public","High School",63,"11-20","2","1","2"
24,81,85,"Medium","Medium","High","Public","College",68,"21-30","2","2","3"
21,82,53,"Low","High","Medium","Public","Postgraduate",69,"21-30","1","2","3"
24,90,52,"Low","Low","Medium","Public","College",65,"21-30","1","1","3"
32,69,64,"Medium","Medium","Medium","Public","Postgraduate",70,"30+","2","3","4"
11,75,89,"Medium","High","High","Private","College",65,"11-20","3","1","2"
30,75,77,"Medium","Low","Medium","Public","High School",67,"21-30","2","2","4"
21,98,70,"Medium","Low","High","Public","College",72,"21-30","2","3","3"
15,78,95,"High","High","High","Public","High School",69,"11-20","3","2","2"
12,90,75,"Low","Medium","Medium","Public","Postgraduate",69,"11-20","2","2","2"
19,90,81,"Medium","High","High","Public","College",71,"11-20","2","3","2"
26,71,99,"Medium","Medium","High","Public","High School",67,"21-30","3","2","3"
19,83,76,"Low","Low","Low","Public","Postgraduate",65,"11-20","2","1","2"
29,96,89,"Medium","Low","High","Public","High School",70,"21-30","3","3","3"
11,79,71,"Low","Medium","Medium","Private","College",63,"11-20","2","1","2"
20,98,52,"Medium","Medium","Medium","Private","College",71,"11-20","1","3","3"
12,69,92,"Low","Medium","Medium","Public","College",64,"11-20","3","1","2"
22,63,97,"High","Medium","Medium","Private","High School",69,"21-30","3","2","3"
25,96,72,"Low","Low","Medium","Private","High School",69,"21-30","2","2","3"
17,94,75,"Medium","Low","High","Public","Postgraduate",70,"11-20","2","3","2"
4,100,71,"Low","Low","Medium","Private","High School",64,"0-10","2","1","1"
21,87,100,"Low","Low","Medium","Public","High School",70,"21-30","3","3","3"
23,97,95,"Medium","Medium","High","Private","Postgraduate",74,"21-30","3","3","3"
22,93,52,"Medium","Low","Medium","Public","College",69,"21-30","1","2","3"
27,94,89,"Medium","Low","Medium","Private","College",73,"21-30","3","3","3"
14,83,80,"Medium","Medium","High","Private","College",66,"11-20","2","2","2"
24,75,51,"High","Medium","High","Public","High School",67,"21-30","1","2","3"
27,97,72,"Medium","Low","Medium","Public","College",76,"21-30","2","3","3"
9,77,57,"Low","Medium","Low","Public","High School",61,"0-10","1","1","1"
22,82,94,"High","Medium","Medium","Public","High School",68,"21-30","3","2","3"
17,78,51,"High","Low","Medium","Private","High School",63,"11-20","1","1","2"
20,83,94,"Medium","Low","Medium","Public","High School",67,"11-20","3","2","3"
22,79,97,"Low","High","Medium","Public","High School",66,"21-30","3","2","3"
17,62,54,"Low","Medium","High","Public","College",62,"11-20","1","1","2"
16,95,86,"Medium","Low","High","Private","High School",69,"11-20","2","2","2"
20,78,77,"Medium","Medium","Medium","Private","High School",67,"11-20","2","2","3"
13,84,98,"Low","Medium","Medium","Public","College",66,"11-20","3","2","2"
13,66,90,"Medium","Low","Medium","Public","High School",63,"11-20","3","1","2"
24,60,85,"Low","High","Medium","Public","Postgraduate",64,"21-30","2","1","3"
13,70,96,"High","Medium","Medium","Private","Postgraduate",64,"11-20","3","1","2"
24,88,58,"Medium","Low","High","Public","High School",67,"21-30","1","2","3"
23,64,69,"High","High","Medium","Public","High School",66,"21-30","2","2","3"
10,96,92,"Medium","Low","Low","Public","High School",68,"0-10","3","2","2"
16,69,55,"Medium","Medium","High","Public","High School",62,"11-20","1","1","2"
27,68,97,"Low","Medium","Medium","Public","College",68,"21-30","3","2","3"
14,67,87,"Medium","Medium","Medium","Private","High School",63,"11-20","2","1","2"
17,61,72,"Low","Medium","High","Public","High School",62,"11-20","2","1","2"
23,91,67,"High","Low","Medium","Public","College",72,"21-30","2","3","3"
25,95,57,"Low","Low","Medium","Public","High School",69,"21-30","1","2","3"
18,85,55,"High","Medium","High","Public","High School",67,"11-20","1","2","2"
16,68,71,"Medium","High","High","Private","High School",65,"11-20","2","1","2"
29,71,92,"Low","Low","Medium","Public","High School",69,"21-30","3","2","3"
30,79,77,"Medium","Low","Medium","Public","High School",72,"21-30","2","3","4"
26,98,73,"Medium","Low","Low","Public","High School",70,"21-30","2","3","3"
21,70,66,"Medium","Medium","Low","Public","College",91,"21-30","2","3","3"
15,89,58,"Low","Low","Medium","Public","High School",65,"11-20","1","1","2"
15,78,100,"Low","Low","Medium","Public","High School",62,"11-20","3","1","2"
23,72,51,"Medium","Low","Medium","Private","College",65,"21-30","1","1","3"
23,78,66,"Medium","Medium","High","Public","College",67,"21-30","2","2","3"
28,63,88,"High","Medium","High","Public","High School",67,"21-30","3","2","3"
24,92,76,"Medium","High","Medium","Public","High School",72,"21-30","2","3","3"
11,70,66,"Low","Medium","High","Public","High School",60,"11-20","2","1","2"
26,89,100,"Low","Medium","Low","Public","High School",69,"21-30","3","2","3"
14,63,81,"Low","Medium","Low","Private","High School",61,"11-20","2","1","2"
18,98,65,"Medium","High","Medium","Private","Postgraduate",70,"11-20","2","3","2"
22,68,92,"High","High","Medium","Public","High School",68,"21-30","3","2","3"
32,95,58,"Medium","Medium","Medium","Private","High School",75,"30+","1","3","4"
39,92,73,"Medium","Medium","Medium","Public","Postgraduate",75,"30+","2","3","4"
24,99,92,"Low","High","Medium","Private","High School",72,"21-30","3","3","3"
19,79,99,"High","Low","Medium","Private","College",66,"11-20","3","2","2"
23,89,69,"Low","Medium","Medium","Public","High School",71,"21-30","2","3","3"
25,75,57,"High","Low","High","Public","College",70,"21-30","1","3","3"
18,67,78,"Low","Medium","Medium","Public","High School",63,"11-20","2","1","2"
31,78,97,"Low","Medium","High","Public","High School",72,"30+","3","3","4"
21,67,83,"Medium","Low","High","Private","High School",65,"21-30","2","1","3"
23,99,80,"Low","Low","Low","Private","High School",71,"21-30","2","3","3"
24,64,65,"Medium","Medium","Medium","Public","College",65,"21-30","2","1","3"
23,84,80,"Medium","Medium","High","Private","College",69,"21-30","2","2","3"
25,85,94,"Medium","Medium","High","Public","High School",71,"21-30","3","3","3"
16,82,69,"Medium","Low","Medium","Public","College",68,"11-20","2","2","2"
17,86,62,"Low","Medium","High","Public","High School",66,"11-20","1","2","2"
13,65,74,"Low","High","Medium","Public","High School",60,"11-20","2","1","2"
23,82,69,"Medium","High","Medium","Public","High School",68,"21-30","2","2","3"
25,71,73,"Medium","Low","Medium","Private","High School",67,"21-30","2","2","3"
23,98,55,"Medium","High","High","Private","High School",71,"21-30","1","3","3"
30,90,67,"High","Medium","Medium","Private","High School",74,"21-30","2","3","4"
20,99,91,"Medium","Medium","Low","Public","High School",70,"11-20","3","3","3"
24,62,70,"Low","Low","Medium","Public","College",63,"21-30","2","1","3"
13,71,98,"Medium","Medium","Medium","Public","College",64,"11-20","3","1","2"
18,68,85,"High","Low","Medium","Public","High School",66,"11-20","2","2","2"
24,60,68,"Medium","Medium","Low","Public","Postgraduate",64,"21-30","2","1","3"
25,70,63,"Medium","Medium","High","Private","College",69,"21-30","1","2","3"
18,87,84,"Medium","Medium","Low","Private","Postgraduate",71,"11-20","2","3","2"
20,69,65,"Medium","Low","Medium","Public","High School",64,"11-20","2","1","3"
11,80,96,"Low","Low","High","Public","High School",65,"11-20","3","1","2"
18,96,56,"Low","Medium","Medium","Private","College",69,"11-20","1","2","2"
25,88,51,"Medium","Medium","Low","Public","High School",68,"21-30","1","2","3"
23,76,61,"Medium","Medium","Low","Public","High School",68,"21-30","1","2","3"
23,75,80,"High","Low","High","Private","High School",68,"21-30","2","2","3"
20,78,92,"Low","Medium","Medium","Public","High School",65,"11-20","3","1","3"
20,67,59,"Low","Medium","Medium","Private","College",65,"11-20","1","1","3"
16,85,79,"Low","High","Medium","Private","College",66,"11-20","2","2","2"
24,75,57,"Medium","Medium","Medium","Public","Postgraduate",66,"21-30","1","2","3"
23,94,78,"Medium","High","High","Public","High School",71,"21-30","2","3","3"
23,90,51,"Medium","Low","High","Public","High School",68,"21-30","1","2","3"
17,84,78,"Low","High","High","Public","College",65,"11-20","2","1","2"
7,75,76,"Medium","Medium","Low","Private","College",63,"0-10","2","1","1"
27,68,52,"Medium","Medium","Low","Private","Postgraduate",66,"21-30","1","2","3"
17,91,84,"Medium","Low","High","Public","College",71,"11-20","2","3","2"
15,79,79,"Medium","Low","Medium","Private","College",65,"11-20","2","1","2"
24,69,81,"Low","Medium","Medium","Private","High School",68,"21-30","2","2","3"
18,68,76,"High","High","Medium","Public","Postgraduate",66,"11-20","2","2","2"
26,67,86,"Medium","Low","Medium","Public","High School",64,"21-30","2","1","3"
24,91,76,"High","Low","Low","Public","College",70,"21-30","2","3","3"
24,69,96,"Medium","High","Medium","Public","College",70,"21-30","3","3","3"
12,81,97,"Low","Low","","Private","High School",66,"11-20","3","2","2"
27,78,86,"Medium","Medium","","Public","High School",70,"21-30","2","3","3"
22,83,96,"Medium","Medium","High","Public","College",71,"21-30","3","3","3"
18,95,96,"Medium","Medium","High","Private","High School",70,"11-20","3","3","2"
21,95,63,"Medium","Low","Medium","Private","Postgraduate",70,"21-30","1","3","3"
9,78,100,"Low","Medium","Medium","Public","High School",66,"0-10","3","2","1"
22,61,63,"Low","Low","Medium","Public","Postgraduate",64,"21-30","1","1","3"
14,77,51,"Low","Low","Medium","Public","College",66,"11-20","1","2","2"
12,84,98,"High","Low","Medium","Public","High School",68,"11-20","3","2","2"
11,82,61,"Low","Medium","Medium","Public","High School",61,"11-20","1","1","2"
27,86,79,"Medium","Low","High","Private","College",72,"21-30","2","3","3"
16,66,99,"Medium","Low","High","Private","High School",66,"11-20","3","2","2"
29,86,52,"Medium","Low","Medium","Public","College",68,"21-30","1","2","3"
17,67,63,"High","Low","High","Public","College",61,"11-20","1","1","2"
10,90,80,"Low","Medium","Medium","Public","High School",67,"0-10","2","2","2"
13,74,88,"Low","Low","Medium","Private","College",66,"11-20","3","2","2"
27,88,90,"Medium","Medium","Medium","Public","Postgraduate",74,"21-30","3","3","3"
19,62,94,"Medium","High","Low","Public","Postgraduate",66,"11-20","3","2","2"
17,76,58,"Medium","Medium","Medium","Private","Postgraduate",67,"11-20","1","2","2"
21,88,69,"Medium","Medium","Medium","Private","College",71,"21-30","2","3","3"
23,69,86,"High","Medium","High","Public","College",66,"21-30","2","2","3"
27,92,86,"High","Low","Low","Private","High School",71,"21-30","2","3","3"
29,85,65,"High","Low","Medium","Private","Postgraduate",72,"21-30","2","3","3"
18,84,65,"Medium","Medium","Medium","Public","High School",66,"11-20","2","2","2"
12,74,66,"Low","Low","Medium","Public","High School",62,"11-20","2","1","2"
18,79,95,"Low","Low","High","Public","High School",66,"11-20","3","2","2"
22,84,95,"Medium","Low","High","Public","High School",69,"21-30","3","2","3"
14,79,51,"Medium","Medium","High","Public","",64,"11-20","1","1","2"
14,88,66,"Medium","Medium","High","Public","High School",69,"11-20","2","2","2"
22,77,70,"Medium","Medium","Medium","Private","Postgraduate",69,"21-30","2","2","3"
20,68,99,"High","Low","Medium","Public","College",64,"11-20","3","1","3"
20,69,97,"Medium","Medium","High","Public","College",68,"11-20","3","2","3"
15,60,81,"Low","Low","High","Public","High School",63,"11-20","2","1","2"
19,72,52,"Low","Low","Medium","Public","High School",64,"11-20","1","1","2"
14,90,60,"Medium","Medium","Medium","Public","Postgraduate",69,"11-20","1","2","2"
25,92,72,"Medium","Medium","Medium","Public","High School",71,"21-30","2","3","3"
26,68,98,"Low","Medium","Medium","Private","College",67,"21-30","3","2","3"
9,98,55,"Low","Low","Medium","Public","High School",67,"0-10","1","2","1"
14,80,90,"High","Low","High","Public","College",66,"11-20","3","2","2"
11,97,60,"Medium","Medium","Low","Private","High School",67,"11-20","1","2","2"
16,88,75,"Low","Medium","Medium","Public","Postgraduate",68,"11-20","2","2","2"
19,89,88,"Low","Medium","High","Public","High School",69,"11-20","3","2","2"
11,63,85,"High","Low","High","Public","High School",62,"11-20","2","1","2"
14,69,89,"High","High","High","Private","High School",66,"11-20","3","2","2"
14,60,91,"Medium","Low","High","Private","Postgraduate",63,"11-20","3","1","2"
21,89,65,"Medium","Low","Low","Public","College",67,"21-30","2","2","3"
20,74,68,"High","Medium","","Public","High School",68,"11-20","2","2","3"
16,91,91,"Low","Medium","Medium","Public","High School",66,"11-20","3","2","2"
21,74,52,"Medium","Medium","Medium","Private","High School",66,"21-30","1","2","3"
17,93,76,"Low","Low","Medium","Private","High School",67,"11-20","2","2","2"
18,65,96,"Medium","High","Medium","Private","High School",66,"11-20","3","2","2"
30,67,94,"Medium","Medium","Medium","Public","College",69,"21-30","3","2","4"
28,74,90,"High","Medium","Medium","Public","Postgraduate",72,"21-30","3","3","3"
12,76,51,"Medium","Low","Medium","Private","High School",60,"11-20","1","1","2"
25,74,94,"High","Low","Medium","Public","High School",68,"21-30","3","2","3"
25,91,96,"Medium","Medium","Medium","Public","High School",72,"21-30","3","3","3"
13,64,83,"Low","High","Medium","Public","High School",64,"11-20","2","1","2"
25,74,65,"High","High","Medium","Public","High School",65,"21-30","2","1","3"
29,93,74,"Medium","Medium","High","Private","High School",76,"21-30","2","3","3"
13,63,88,"Medium","Low","Medium","Private","High School",59,"11-20","3","1","2"
14,98,91,"Low","Low","Medium","Public","High School",67,"11-20","3","2","2"
26,99,67,"Medium","Medium","Medium","Private","High School",73,"21-30","2","3","3"
22,64,66,"Low","Medium","Medium","Public","College",64,"21-30","2","1","3"
23,72,87,"Low","Medium","Low","Public","High School",67,"21-30","2","2","3"
22,75,84,"Low","High","Medium","Public","College",69,"21-30","2","2","3"
22,91,76,"Medium","Low","High","Public","College",69,"21-30","2","2","3"
12,84,71,"Medium","Medium","Medium","Public","College",67,"11-20","2","2","2"
26,86,83,"Medium","Low","Medium","Public","High School",72,"21-30","2","3","3"
27,90,52,"Low","Low","High","Public","College",86,"21-30","1","3","3"
19,65,54,"Medium","Low","High","Private","High School",62,"11-20","1","1","2"
20,93,79,"Medium","Medium","Low","Public","Postgraduate",69,"11-20","2","2","3"
11,88,61,"Low","Medium","Medium","Public","Postgraduate",68,"11-20","1","2","2"
23,83,89,"Low","Medium","Medium","Public","High School",99,"21-30","3","3","3"
23,96,89,"Medium","Low","Medium","Private","College",70,"21-30","3","3","3"
20,88,85,"Medium","Medium","Medium","Public","High School",68,"11-20","2","2","3"
27,68,95,"Low","Medium","Medium","Public","High School",67,"21-30","3","2","3"
18,77,57,"Low","Low","High","Public","Postgraduate",66,"11-20","1","2","2"
23,80,63,"Low","High","Medium","Private","High School",66,"21-30","1","2","3"
14,62,63,"Medium","Low","Medium","Public","College",62,"11-20","1","1","2"
20,98,89,"High","High","Medium","Public","College",72,"11-20","3","3","3"
19,65,76,"Medium","Medium","Medium","Public","Postgraduate",64,"11-20","2","1","2"
21,88,63,"Low","Medium","Medium","Public","High School",68,"21-30","1","2","3"
18,80,57,"Medium","Low","Low","Public","Postgraduate",66,"11-20","1","2","2"
19,61,95,"High","Medium","Medium","Private","College",68,"11-20","3","2","2"
25,97,85,"High","High","Medium","Public","Postgraduate",75,"21-30","2","3","3"
17,94,76,"High","Low","High","Public","College",67,"11-20","2","2","2"
10,81,98,"Medium","Low","Medium","Public","College",65,"0-10","3","1","2"
30,69,92,"Medium","Medium","Low","Public","High School",68,"21-30","3","2","4"
28,65,59,"High","Low","Medium","Private","High School",67,"21-30","1","2","3"
12,75,75,"High","Low","Medium","Private","College",63,"11-20","2","1","2"
24,70,74,"Low","Medium","High","Public","High School",67,"21-30","2","2","3"
17,80,92,"Medium","Low","Medium","Private","Postgraduate",67,"11-20","3","2","2"
22,99,57,"High","Medium","High","Public","College",73,"21-30","1","3","3"
22,83,73,"High","Low","Medium","Public","High School",67,"21-30","2","2","3"
19,96,82,"Medium","High","Medium","Public","Postgraduate",71,"11-20","2","3","2"
15,86,97,"Medium","Medium","Medium","Public","High School",67,"11-20","3","2","2"
16,79,95,"Medium","High","Medium","Public","College",68,"11-20","3","2","2"
15,94,77,"Medium","High","High","Private","College",68,"11-20","2","2","2"
15,79,80,"Medium","High","Medium","Private","High School",66,"11-20","2","2","2"
20,95,93,"Low","Low","High","Public","High School",68,"11-20","3","2","3"
16,72,87,"Medium","Medium","Low","Private","High School",63,"11-20","2","1","2"
24,65,94,"Medium","Medium","Medium","Public","Postgraduate",68,"21-30","3","2","3"
29,94,95,"Medium","Medium","Medium","Public","High School",74,"21-30","3","3","3"
17,83,92,"Low","Low","Medium","Public","",65,"11-20","3","1","2"
21,96,50,"Medium","Low","Low","Private","Postgraduate",69,"21-30","1","2","3"
23,98,66,"Medium","Low","Medium","Public","High School",70,"21-30","2","3","3"
23,62,70,"High","Medium","High","Public","College",65,"21-30","2","1","3"
20,80,84,"Medium","Medium","Medium","Public","College",68,"11-20","2","2","3"
24,75,65,"Medium","Medium","Medium","Public","College",65,"21-30","2","1","3"
23,85,66,"Low","High","High","Public","College",68,"21-30","2","2","3"
13,92,70,"Low","Low","Medium","Public","High School",68,"11-20","2","2","2"
25,71,98,"Low","Low","Medium","Public","Postgraduate",66,"21-30","3","2","3"
25,82,72,"High","High","Medium","Public","College",70,"21-30","2","3","3"
15,88,57,"Medium","High","Medium","Private","High School",66,"11-20","1","2","2"
20,65,50,"Medium","Low","Medium","Public","High School",64,"11-20","1","1","3"
24,93,62,"Medium","Low","Medium","Public","College",70,"21-30","1","3","3"
19,84,97,"Low","High","Medium","Public","High School",68,"11-20","3","2","2"
26,98,98,"Low","Low","Low","Public","College",74,"21-30","3","3","3"
34,74,76,"Medium","Low","High","Public","College",71,"30+","2","3","4"
15,64,82,"Low","Low","Medium","Public","High School",61,"11-20","2","1","2"
12,80,90,"Medium","Low","Medium","Public","High School",64,"11-20","3","1","2"
22,63,53,"High","High","Medium","Public","Postgraduate",64,"21-30","1","1","3"
24,99,69,"Medium","Medium","Medium","Private","High School",73,"21-30","2","3","3"
19,62,82,"Medium","Low","High","Public","College",62,"11-20","2","1","2"
29,90,95,"Medium","High","High","Public","High School",71,"21-30","3","3","3"
12,81,86,"Medium","Medium","High","Public","Postgraduate",68,"11-20","2","2","2"
24,75,68,"High","Medium","Medium","Public","Postgraduate",67,"21-30","2","2","3"
16,63,95,"High","Medium","","Public","College",63,"11-20","3","1","2"
30,85,83,"Medium","Medium","Medium","Public","College",71,"21-30","2","3","4"
32,83,92,"Low","High","Medium","Public","High School",72,"30+","3","3","4"
15,71,69,"High","Medium","High","Public","Postgraduate",66,"11-20","2","2","2"
17,96,50,"Low","Medium","Medium","Private","High School",67,"11-20","1","2","2"
25,72,58,"Medium","Low","Medium","Public","College",66,"21-30","1","2","3"
18,78,96,"Medium","High","Medium","Public","College",68,"11-20","3","2","2"
20,82,52,"Low","Medium","Medium","Private","College",64,"11-20","1","1","3"
20,64,80,"High","Medium","Medium","Private","High School",65,"11-20","2","1","3"
8,97,70,"High","Low","Low","Public","High School",66,"0-10","2","2","1"
20,75,71,"High","Medium","High","Public","College",69,"11-20","2","2","3"
16,63,70,"Low","Medium","High","Private","College",64,"11-20","2","1","2"
17,75,53,"Medium","Low","High","Public","College",65,"11-20","1","1","2"
29,84,56,"High","Low","High","Public","Postgraduate",72,"21-30","1","3","3"
12,81,53,"Low","Medium","High","Private","College",65,"11-20","1","1","2"
25,88,53,"Medium","Medium","High","Public","College",70,"21-30","1","3","3"
18,62,54,"Medium","Medium","High","Private","Postgraduate",64,"11-20","1","1","2"
18,71,85,"Low","Low","Low","Public","High School",62,"11-20","2","1","2"
25,93,56,"High","Low","Low","Private","High School",69,"21-30","1","2","3"
22,63,63,"Low","Medium","Low","Public","Postgraduate",62,"21-30","1","1","3"
23,94,83,"Medium","Low","Medium","Private","High School",69,"21-30","2","2","3"
26,64,56,"Medium","Medium","Medium","Public","High School",66,"21-30","1","2","3"
18,93,96,"Medium","Medium","Low","Public","High School",71,"11-20","3","3","2"
16,74,74,"Low","Low","Low","Private","High School",66,"11-20","2","2","2"
13,84,98,"Medium","Low","Low","Public","High School",64,"11-20","3","1","2"
15,66,60,"High","High","Medium","Private","High School",63,"11-20","1","1","2"
38,63,52,"High","Medium","Medium","Private","College",69,"30+","1","2","4"
27,69,80,"Medium","Medium","High","Public","High School",68,"21-30","2","2","3"
12,65,66,"Medium","Medium","High","Public","High School",63,"11-20","2","1","2"
12,72,79,"High","High","Medium","Public","College",64,"11-20","2","1","2"
23,81,74,"Medium","Low","Medium","Public","Postgraduate",66,"21-30","2","2","3"
23,84,73,"Medium","High","Medium","Public","High School",71,"21-30","2","3","3"
23,92,93,"High","High","Medium","Public","High School",72,"21-30","3","3","3"
18,86,60,"Medium","Low","High","Private","College",88,"11-20","1","3","2"
19,84,75,"Low","Low","Medium","Public","College",66,"11-20","2","2","2"
22,76,71,"Medium","Low","High","Private","High School",65,"21-30","2","1","3"
21,79,84,"Low","Medium","Medium","Private","High School",66,"21-30","2","2","3"
7,77,53,"High","Low","Medium","Private","College",62,"0-10","1","1","1"
19,94,76,"Medium","Low","High","Private","High School",68,"11-20","2","2","2"
15,69,74,"High","Low","Medium","Private","Postgraduate",65,"11-20","2","1","2"
21,60,99,"Low","Low","Low","Private","High School",62,"21-30","3","1","3"
38,86,88,"High","Low","High","Public","High School",74,"30+","3","3","4"
22,68,58,"Medium","Medium","Medium","Public","Postgraduate",64,"21-30","1","1","3"
18,96,75,"High","Medium","High","Public","",72,"11-20","2","3","2"
26,94,89,"Medium","Low","Medium","Public","High School",70,"21-30","3","3","3"
23,63,76,"Medium","Medium","High","Public","High School",65,"21-30","2","1","3"
23,64,68,"Low","Low","High","Public","High School",66,"21-30","2","2","3"
24,80,69,"Low","Medium","High","Private","College",67,"21-30","2","2","3"
32,84,68,"Medium","Low","Medium","Public","High School",73,"30+","2","3","4"
13,71,51,"Low","High","Medium","Public","College",65,"11-20","1","1","2"
23,89,87,"Medium","Medium","High","Private","College",74,"21-30","2","3","3"
14,84,81,"Medium","High","Medium","Public","College",66,"11-20","2","2","2"
23,73,63,"Medium","High","Medium","Public","High School",67,"21-30","1","2","3"
14,61,82,"Low","Low","Medium","Public","High School",58,"11-20","2","1","2"
17,90,65,"Medium","Low","High","Public","Postgraduate",71,"11-20","2","3","2"
18,69,62,"High","Medium","Low","Public","High School",63,"11-20","1","1","2"
26,93,87,"Medium","Medium","High","Public","College",73,"21-30","2","3","3"
26,77,90,"Medium","Medium","Medium","Private","High School",68,"21-30","3","2","3"
13,83,81,"Medium","Low","Medium","Public","College",66,"11-20","2","2","2"
20,95,89,"Medium","Low","Medium","Public","High School",68,"11-20","3","2","3"
16,95,68,"Low","Medium","High","Public","High School",66,"11-20","2","2","2"
12,75,54,"Low","Medium","High","Public","High School",62,"11-20","1","1","2"
19,68,80,"Medium","Medium","Medium","Public","High School",78,"11-20","2","3","2"
18,91,63,"Medium","Medium","Medium","Public","College",68,"11-20","1","2","2"
35,77,89,"Medium","High","Medium","Public","College",77,"30+","3","3","4"
23,68,68,"Medium","Medium","Medium","Public","College",65,"21-30","2","1","3"
12,96,84,"Low","High","Medium","Public","Postgraduate",73,"11-20","2","3","2"
17,68,78,"Medium","Low","Low","Public","College",64,"11-20","2","1","2"
26,61,91,"Medium","High","High","Private","College",67,"21-30","3","2","3"
33,61,92,"Medium","Medium","Medium","Public","High School",69,"30+","3","2","4"
10,85,53,"High","Low","Medium","Private","High School",60,"0-10","1","1","2"
9,86,65,"High","Medium","Medium","Public","College",66,"0-10","2","2","1"
31,72,94,"High","Low","Low","Public","High School",70,"30+","3","3","4"
22,73,70,"Low","Low","Medium","Public","College",66,"21-30","2","2","3"
15,74,76,"Medium","Medium","Low","Public","High School",64,"11-20","2","1","2"
23,87,59,"Medium","High","Low","Public","College",70,"21-30","1","3","3"
4,62,78,"High","High","","Public","High School",58,"0-10","2","1","1"
20,97,63,"Medium","Low","","Public","College",69,"11-20","1","2","3"
22,69,91,"Low","High","High","Private","High School",64,"21-30","3","1","3"
26,100,60,"Medium","Medium","Medium","Public","High School",72,"21-30","1","3","3"
14,67,68,"Low","Low","Medium","Public","High School",60,"11-20","2","1","2"
21,91,55,"High","High","Medium","Private","High School",70,"21-30","1","3","3"
14,69,79,"Medium","High","Medium","Public","Postgraduate",62,"11-20","2","1","2"
22,63,97,"Medium","High","High","Public","High School",66,"21-30","3","2","3"
15,95,59,"Low","Medium","","Private","High School",66,"11-20","1","2","2"
18,94,51,"Medium","Low","Medium","Public","College",65,"11-20","1","1","2"
14,76,71,"Medium","Low","Medium","Public","High School",64,"11-20","2","1","2"
24,88,87,"Medium","High","Low","Private","High School",72,"21-30","2","3","3"
25,82,99,"High","Low","High","Public","High School",71,"21-30","3","3","3"
19,94,53,"Medium","Medium","Medium","Public","High School",68,"11-20","1","2","2"
20,73,89,"Medium","Medium","High","Public","High School",68,"11-20","3","2","3"
11,81,68,"High","High","Medium","Private","Postgraduate",64,"11-20","2","1","2"
18,79,58,"Medium","Medium","High","Public","High School",65,"11-20","1","1","2"
20,74,60,"Medium","Low","Medium","Public","High School",64,"11-20","1","1","3"
36,96,96,"Medium","Low","High","Public","College",75,"30+","3","3","4"
13,67,90,"Medium","Low","Medium","Private","High School",61,"11-20","3","1","2"
29,66,66,"Medium","Medium","Medium","Private","Postgraduate",68,"21-30","2","2","3"
26,83,97,"Low","Low","High","Public","College",70,"21-30","3","3","3"
22,86,55,"Medium","High","Low","Private","Postgraduate",71,"21-30","1","3","3"
31,68,66,"Low","Low","Medium","Public","High School",66,"30+","2","2","4"
22,76,83,"Low","Low","Medium","Public","College",66,"21-30","2","2","3"
22,98,100,"Low","Low","Medium","Public","High School",70,"21-30","3","3","3"
20,70,73,"Medium","Low","Medium","Public","High School",62,"11-20","2","1","3"
27,87,91,"Low","High","Medium","Public","High School",72,"21-30","3","3","3"
27,90,96,"High","Medium","Medium","Public","High School",72,"21-30","3","3","3"
16,78,50,"Medium","Low","Medium","Private","College",63,"11-20","1","1","2"
12,98,64,"Medium","Low","Medium","Public","College",69,"11-20","2","2","2"
19,89,55,"Medium","Medium","High","Public","Postgraduate",68,"11-20","1","2","2"
15,78,89,"Low","Medium","Medium","Public","High School",67,"11-20","3","2","2"
20,83,78,"High","Low","Medium","Private","College",71,"11-20","2","3","3"
27,88,55,"Low","Low","Medium","Public","High School",67,"21-30","1","2","3"
17,84,71,"Low","Medium","Medium","Private","High School",62,"11-20","2","1","2"
20,95,76,"Medium","Low","High","Private","High School",69,"11-20","2","2","3"
20,74,85,"Medium","Low","Medium","Public","High School",67,"11-20","2","2","3"
25,72,89,"Medium","Low","High","Public","Postgraduate",71,"21-30","3","3","3"
7,69,54,"High","Medium","High","Public","High School",87,"0-10","1","3","1"
16,62,74,"Medium","High","High","Private","High School",62,"11-20","2","1","2"
21,62,58,"Medium","Low","High","Public","College",64,"21-30","1","1","3"
27,95,88,"High","Medium","Medium","Private","High School",74,"21-30","3","3","3"
17,87,83,"Medium","Low","High","Public","College",69,"11-20","2","2","2"
9,86,86,"Medium","Low","High","Public","High School",65,"0-10","2","1","1"
24,85,54,"Medium","Medium","Low","Public","College",66,"21-30","1","2","3"
16,94,76,"Low","Medium","Medium","Public","Postgraduate",70,"11-20","2","3","2"
13,79,92,"Medium","Medium","Medium","Public","High School",68,"11-20","3","2","2"
16,95,86,"Medium","High","Medium","Public","College",70,"11-20","2","3","2"
19,74,93,"High","Medium","Medium","Public","High School",68,"11-20","3","2","2"
16,97,60,"Medium","Low","High","Public","High School",69,"11-20","1","2","2"
7,88,64,"Low","Medium","High","Public","Postgraduate",66,"0-10","2","2","1"
25,70,72,"Medium","Low","Low","Public","College",65,"21-30","2","1","3"
28,83,76,"Medium","Medium","Medium","Public","College",71,"21-30","2","3","3"
24,81,63,"Medium","Low","Medium","Public","High School",66,"21-30","1","2","3"
13,66,69,"Low","Low","Medium","Private","High School",61,"11-20","2","1","2"
19,84,84,"Medium","Medium","High","Public","Postgraduate",69,"11-20","2","2","2"
20,73,82,"Low","Medium","High","Private","College",65,"11-20","2","1","3"
24,62,56,"Medium","Medium","Medium","Private","College",63,"21-30","1","1","3"
24,98,99,"High","Low","High","Public","Postgraduate",73,"21-30","3","3","3"
16,86,78,"Low","Low","Medium","Private","Postgraduate",68,"11-20","2","2","2"
20,95,74,"Medium","High","Low","Public","High School",70,"11-20","2","3","3"
23,87,98,"Medium","Medium","Medium","Public","College",72,"21-30","3","3","3"
29,74,57,"Medium","Medium","Medium","Private","High School",68,"21-30","1","2","3"
24,81,77,"Medium","High","Medium","Private","High School",68,"21-30","2","2","3"
25,87,90,"Medium","Low","Medium","Public","High School",71,"21-30","3","3","3"
21,98,70,"Medium","Medium","Medium","Public","High School",68,"21-30","2","2","3"
28,70,87,"High","Low","Medium","Public","Postgraduate",70,"21-30","2","3","3"
22,95,95,"Medium","Low","High","Private","High School",70,"21-30","3","3","3"
15,97,63,"Low","Medium","Medium","Public","High School",69,"11-20","1","2","2"
28,87,62,"High","Low","High","Public","High School",73,"21-30","1","3","3"
24,97,68,"Low","Medium","High","Public","College",72,"21-30","2","3","3"
17,76,71,"Medium","Medium","High","Public","Postgraduate",67,"11-20","2","2","2"
17,98,56,"Medium","Low","Low","Private","High School",69,"11-20","1","2","2"
22,88,62,"Medium","High","Medium","Private","College",68,"21-30","1","2","3"
23,62,94,"Medium","Medium","Low","Private","Postgraduate",64,"21-30","3","1","3"
21,96,78,"Low","Medium","High","Private","High School",71,"21-30","2","3","3"
22,79,63,"Medium","Medium","High","Public","High School",68,"21-30","1","2","3"
30,78,97,"Medium","Low","Low","Private","High School",70,"21-30","3","3","4"
26,83,89,"Medium","Low","Medium","Private","High School",72,"21-30","3","3","3"
21,66,68,"High","Low","Medium","Public","High School",65,"21-30","2","1","3"
26,79,88,"Medium","Low","High","Public","College",70,"21-30","3","3","3"
14,93,80,"Low","Low","Medium","Private","Postgraduate",69,"11-20","2","2","2"
22,61,84,"Low","Medium","Medium","Public","Postgraduate",64,"21-30","2","1","3"
31,71,66,"Medium","Low","Medium","Private","High School",67,"30+","2","2","4"
19,60,60,"High","Low","Medium","Public","College",65,"11-20","1","1","2"
15,77,63,"Medium","Medium","Medium","Public","High School",62,"11-20","1","1","2"
16,89,54,"Medium","Low","High","Private","College",68,"11-20","1","2","2"
13,92,74,"High","Low","Medium","Private","College",68,"11-20","2","2","2"
15,98,70,"Low","Medium","High","Private","High School",68,"11-20","2","2","2"
18,84,50,"Medium","High","High","Private","Postgraduate",68,"11-20","1","2","2"
12,70,93,"Medium","Low","High","Public","High School",62,"11-20","3","1","2"
20,97,84,"Low","Medium","Medium","Public","High School",72,"11-20","2","3","3"
25,91,72,"Medium","Medium","High","Private","College",69,"21-30","2","2","3"
15,83,98,"Low","Low","High","Public","High School",68,"11-20","3","2","2"
29,88,97,"Medium","Low","High","Public","College",71,"21-30","3","3","3"
23,97,55,"Medium","Medium","Low","Public","High School",69,"21-30","1","2","3"
26,88,81,"Medium","High","Medium","Public","High School",71,"21-30","2","3","3"
16,75,91,"Low","Low","Low","Public","High School",65,"11-20","3","1","2"
25,89,59,"Medium","Low","Medium","Public","High School",68,"21-30","1","2","3"
13,62,56,"Low","Low","High","Public","High School",60,"11-20","1","1","2"
25,75,63,"Low","High","Medium","Private","High School",68,"21-30","1","2","3"
21,76,64,"Medium","Medium","Medium","Public","High School",66,"21-30","2","2","3"
23,67,98,"Low","Low","Medium","Private","High School",66,"21-30","3","2","3"
13,61,89,"Low","Low","Medium","Private","High School",62,"11-20","3","1","2"
15,65,53,"Medium","Low","Medium","Public","College",61,"11-20","1","1","2"
24,86,89,"Low","Low","Medium","Public","Postgraduate",69,"21-30","3","2","3"
14,92,58,"High","High","Low","Public","High School",69,"11-20","1","2","2"
23,100,68,"Medium","High","High","Private","Postgraduate",74,"21-30","2","3","3"
12,74,66,"Low","Low","Medium","Public","High School",62,"11-20","2","1","2"
25,84,64,"Medium","Low","Medium","Public","College",67,"21-30","2","2","3"
13,97,65,"High","Low","Medium","Private","High School",69,"11-20","2","2","2"
23,67,88,"Medium","Low","Medium","Private","High School",66,"21-30","3","2","3"
24,89,63,"Medium","High","Medium","Private","College",72,"21-30","1","3","3"
16,90,90,"Medium","High","Medium","Public","High School",69,"11-20","3","2","2"
23,64,55,"Medium","Medium","Medium","Public","High School",65,"21-30","1","1","3"
22,94,80,"Low","High","Medium","Private","Postgraduate",72,"21-30","2","3","3"
17,93,93,"Low","Medium","Medium","Private","High School",69,"11-20","3","2","2"
14,61,54,"Medium","Low","Medium","Public","High School",60,"11-20","1","1","2"
8,64,82,"High","High","Medium","Public","Postgraduate",61,"0-10","2","1","1"
22,62,76,"Medium","Medium","Low","Public","High School",63,"21-30","2","1","3"
11,73,67,"Medium","Medium","High","Private","Postgraduate",63,"11-20","2","1","2"
21,80,55,"High","High","High","Public","Postgraduate",68,"21-30","1","2","3"
18,81,84,"Low","Medium","Medium","Private","College",68,"11-20","2","2","2"
24,71,65,"Medium","Low","Medium","Private","High School",65,"21-30","2","1","3"
18,96,67,"Medium","High","Medium","Public","High School",71,"11-20","2","3","2"
18,75,86,"Low","Low","Medium","Private","High School",64,"11-20","2","1","2"
24,62,97,"Medium","Medium","Medium","Private","Postgraduate",65,"21-30","3","1","3"
22,72,67,"Low","Medium","Medium","Public","College",67,"21-30","2","2","3"
22,81,87,"Low","Low","Medium","Public","High School",67,"21-30","2","2","3"
23,76,98,"Medium","Low","High","Public","College",67,"21-30","3","2","3"
11,71,55,"Medium","Low","Medium","Public","College",87,"11-20","1","3","2"
25,65,76,"High","High","Medium","Private","High School",67,"21-30","2","2","3"
24,93,51,"High","Medium","Medium","Private","High School",72,"21-30","1","3","3"
14,100,91,"High","Low","High","Public","High School",69,"11-20","3","2","2"
19,73,64,"Low","High","Medium","Public","College",65,"11-20","2","1","2"
20,75,67,"Low","Low","Medium","Private","High School",66,"11-20","2","2","3"
19,85,84,"Low","Medium","Medium","Private","Postgraduate",70,"11-20","2","3","2"
22,89,89,"Medium","Medium","Medium","Private","High School",71,"21-30","3","3","3"
29,76,70,"Low","Low","Low","Public","College",67,"21-30","2","2","3"
26,96,83,"Medium","Medium","High","Public","High School",72,"21-30","2","3","3"
12,82,98,"Medium","Low","High","Public","High School",63,"11-20","3","1","2"
24,78,94,"Low","Low","High","Public","High School",67,"21-30","3","2","3"
28,86,85,"Medium","Low","High","Public","High School",72,"21-30","2","3","3"
22,98,97,"Low","High","Medium","Private","Postgraduate",72,"21-30","3","3","3"
27,92,94,"Medium","Low","Medium","Private","College",70,"21-30","3","3","3"
32,62,86,"Low","Low","Medium","Public","High School",67,"30+","2","2","4"
26,73,96,"High","Medium","High","Private","High School",68,"21-30","3","2","3"
21,79,91,"High","Low","Medium","Public","High School",67,"21-30","3","2","3"
26,73,75,"Low","Low","Medium","Public","College",70,"21-30","2","3","3"
21,88,75,"High","Medium","High","Private","Postgraduate",67,"21-30","2","2","3"
20,93,50,"Medium","High","High","Public","College",71,"11-20","1","3","3"
18,89,52,"Medium","High","High","Public","Postgraduate",69,"11-20","1","2","2"
29,100,87,"Medium","Low","Medium","Public","College",74,"21-30","2","3","3"
15,71,78,"Medium","Medium","Medium","Private","High School",63,"11-20","2","1","2"
29,95,88,"Medium","Medium","High","Public","High School",72,"21-30","3","3","3"
23,91,97,"Low","Low","Medium","Public","College",71,"21-30","3","3","3"
12,74,73,"Medium","Low","Medium","Public","High School",64,"11-20","2","1","2"
22,89,54,"Medium","High","Medium","Public","High School",69,"21-30","1","2","3"
7,64,81,"Medium","Low","Low","Private","Postgraduate",62,"0-10","2","1","1"
24,92,55,"Medium","Medium","Medium","Public","College",69,"21-30","1","2","3"
25,81,81,"Low","Low","Medium","Public","High School",68,"21-30","2","2","3"
16,72,76,"High","Low","Low","Public","High School",67,"11-20","2","2","2"
21,86,86,"High","Medium","Medium","Public","Postgraduate",71,"21-30","2","3","3"
32,86,68,"Low","Medium","Medium","Public","High School",70,"30+","2","3","4"
17,68,57,"Medium","Medium","Low","Public","High School",63,"11-20","1","1","2"
14,61,62,"Medium","High","Medium","Public","College",60,"11-20","1","1","2"
29,77,84,"Medium","Low","High","Public","College",69,"21-30","2","2","3"
32,83,74,"Medium","Low","Medium","Public","College",71,"30+","2","3","4"
20,95,77,"Medium","High","High","Public","High School",69,"11-20","2","2","3"
26,97,66,"Medium","Medium","Medium","Public","College",73,"21-30","2","3","3"
28,81,92,"Medium","High","Medium","Public","College",73,"21-30","3","3","3"
16,90,100,"Medium","Low","Medium","Public","High School",68,"11-20","3","2","2"
17,78,66,"Medium","Low","Medium","Public","College",67,"11-20","2","2","2"
27,90,86,"High","Medium","Medium","Public","College",74,"21-30","2","3","3"
30,68,59,"Medium","Low","Medium","Public","College",68,"21-30","1","2","4"
23,75,87,"Low","Medium","High","Public","College",69,"21-30","2","2","3"
15,85,72,"Medium","Low","High","Private","College",69,"11-20","2","2","2"
32,61,80,"Medium","Low","Medium","Public","College",68,"30+","2","2","4"
17,89,62,"Medium","Low","High","Public","High School",66,"11-20","1","2","2"
18,93,93,"Medium","Low","High","Public","Postgraduate",69,"11-20","3","2","2"
22,76,59,"Medium","Low","Medium","Public","College",66,"21-30","1","2","3"
29,78,96,"High","Low","Medium","Public","College",72,"21-30","3","3","3"
25,94,53,"Low","Medium","Medium","Public","",69,"21-30","1","2","3"
22,91,64,"Medium","Low","High","Public","High School",68,"21-30","2","2","3"
23,72,78,"Medium","Low","Medium","Private","High School",66,"21-30","2","2","3"
20,73,93,"High","Low","High","Public","High School",65,"11-20","3","1","3"
23,87,79,"High","Low","High","Public","Postgraduate",71,"21-30","2","3","3"
5,83,61,"Medium","Low","Medium","Public","High School",61,"0-10","1","1","1"
18,66,93,"Medium","Low","Medium","Public","College",63,"11-20","3","1","2"
21,72,80,"Low","Medium","Medium","Public","High School",66,"21-30","2","2","3"
13,96,62,"Medium","High","Medium","Private","Postgraduate",69,"11-20","1","2","2"
22,88,78,"Medium","Medium","High","Private","High School",71,"21-30","2","3","3"
19,99,84,"High","High","Medium","Public","High School",73,"11-20","2","3","2"
31,91,84,"Low","Low","Medium","Public","High School",72,"30+","2","3","4"
29,98,86,"Low","Medium","Medium","Private","High School",73,"21-30","2","3","3"
17,69,95,"Medium","Low","High","Private","High School",65,"11-20","3","1","2"
19,91,91,"Medium","High","High","Public","High School",71,"11-20","3","3","2"
20,61,80,"Medium","Low","High","Public","High School",65,"11-20","2","1","3"
17,87,52,"Low","Medium","Medium","Public","College",67,"11-20","1","2","2"
21,79,87,"Medium","Low","High","Public","Postgraduate",69,"21-30","2","2","3"
15,74,99,"Low","Low","Medium","Private","College",63,"11-20","3","1","2"
13,94,65,"High","Medium","Medium","Public","Postgraduate",68,"11-20","2","2","2"
24,94,80,"High","Low","Medium","Public","High School",70,"21-30","2","3","3"
24,61,88,"Low","Low","Medium","Private","High School",64,"21-30","3","1","3"
15,84,82,"Medium","High","Low","Private","High School",64,"11-20","2","1","2"
25,75,96,"High","Low","Medium","Private","College",68,"21-30","3","2","3"
16,77,74,"Medium","High","Low","Private","College",65,"11-20","2","1","2"
22,93,77,"Medium","High","Medium","Public","High School",70,"21-30","2","3","3"
25,72,52,"Low","Medium","Medium","Private","Postgraduate",66,"21-30","1","2","3"
20,98,95,"Low","Low","Medium","Public","High School",70,"11-20","3","3","3"
23,67,63,"High","Low","High","Private","High School",66,"21-30","1","2","3"
17,87,99,"Medium","Low","Medium","Private","Postgraduate",69,"11-20","3","2","2"
19,87,60,"High","Medium","Low","Private","High School",69,"11-20","1","2","2"
19,70,63,"Medium","Low","Medium","Private","College",64,"11-20","1","1","2"
16,73,74,"Low","Low","High","Public","High School",64,"11-20","2","1","2"
19,93,83,"Medium","Medium","Medium","Public","High School",69,"11-20","2","2","2"
11,90,72,"High","Medium","Medium","Public","High School",67,"11-20","2","2","2"
17,73,68,"Low","Medium","Medium","Public","College",63,"11-20","2","1","2"
18,81,77,"Low","Medium","High","Public","College",67,"11-20","2","2","2"
18,62,98,"Low","Medium","Medium","Private","College",65,"11-20","3","1","2"
19,68,98,"Low","Low","Medium","Public","High School",64,"11-20","3","1","2"
20,79,66,"Low","High","Medium","Public","College",68,"11-20","2","2","3"
23,63,84,"High","High","Medium","Public","High School",64,"21-30","2","1","3"
25,94,86,"Low","Low","Medium","Private","College",70,"21-30","2","3","3"
16,89,83,"High","Low","High","Public","Postgraduate",70,"11-20","2","3","2"
13,98,56,"Medium","High","Low","Public","College",67,"11-20","1","2","2"
14,88,77,"Medium","Medium","Medium","Public","College",69,"11-20","2","2","2"
17,98,88,"Medium","Low","High","Private","High School",70,"11-20","3","3","2"
18,82,60,"Medium","Medium","High","Public","College",69,"11-20","1","2","2"
15,84,67,"Medium","Medium","High","Private","College",65,"11-20","2","1","2"
12,99,60,"Medium","Low","Low","Public","High School",66,"11-20","1","2","2"
17,86,94,"Medium","Medium","Medium","Public","High School",70,"11-20","3","3","2"
21,61,93,"Low","Low","High","Private","High School",63,"21-30","3","1","3"
24,89,58,"Medium","High","","Public","High School",69,"21-30","1","2","3"
17,96,88,"Medium","Low","Low","Private","Postgraduate",74,"11-20","3","3","2"
18,92,68,"Low","High","High","Private","High School",70,"11-20","2","3","2"
14,83,84,"Medium","Low","Medium","Public","High School",66,"11-20","2","2","2"
20,87,75,"Medium","Low","Medium","Public","Postgraduate",68,"11-20","2","2","3"
15,100,74,"Medium","Medium","Medium","Public","High School",67,"11-20","2","2","2"
23,64,94,"Low","Medium","Medium","Private","High School",66,"21-30","3","2","3"
9,87,82,"Medium","Low","Medium","Public","College",65,"0-10","2","1","1"
18,71,62,"Medium","High","High","Public","College",66,"11-20","1","2","2"
22,86,56,"Medium","High","Medium","Private","High School",69,"21-30","1","2","3"
21,84,97,"Medium","Low","Low","Public","High School",67,"21-30","3","2","3"
36,66,58,"High","Medium","Medium","Public","College",69,"30+","1","2","4"
22,68,87,"High","Medium","Medium","Public","Postgraduate",66,"21-30","2","2","3"
14,85,75,"High","High","Medium","Public","High School",64,"11-20","2","1","2"
19,65,57,"Low","Medium","Medium","Public","High School",61,"11-20","1","1","2"
9,71,89,"Medium","Low","Medium","Public","High School",61,"0-10","3","1","1"
20,93,95,"Low","Medium","High","Public","College",70,"11-20","3","3","3"
15,73,56,"Medium","Medium","Medium","Public","Postgraduate",65,"11-20","1","1","2"
25,80,53,"Medium","Medium","Medium","Private","College",67,"21-30","1","2","3"
17,98,92,"Medium","High","Medium","Private","College",69,"11-20","3","2","2"
19,69,75,"Medium","Medium","Low","Public","High School",63,"11-20","2","1","2"
16,76,84,"High","High","High","Public","High School",66,"11-20","2","2","2"
30,84,72,"Medium","Medium","Medium","Public","High School",73,"21-30","2","3","4"
18,90,71,"High","Low","Medium","Public","High School",68,"11-20","2","2","2"
31,96,65,"High","Low","Medium","Private","High School",74,"30+","2","3","4"
25,97,78,"Medium","Medium","Medium","Public","High School",70,"21-30","2","3","3"
23,91,58,"Medium","Medium","Medium","Public","High School",68,"21-30","1","2","3"
22,69,86,"Low","High","Medium","Public","High School",67,"21-30","2","2","3"
22,61,77,"Low","Medium","Medium","Public","Postgraduate",65,"21-30","2","1","3"
8,75,92,"Medium","High","High","Public","High School",66,"0-10","3","2","1"
18,66,96,"Medium","Low","Medium","Public","High School",64,"11-20","3","1","2"
25,88,95,"Low","High","High","Public","High School",72,"21-30","3","3","3"
20,86,80,"High","Medium","Medium","Public","College",70,"11-20","2","3","3"
12,62,66,"Medium","Low","Medium","Private","College",60,"11-20","2","1","2"
20,93,68,"Medium","Low","Low","Public","High School",68,"11-20","2","2","3"
30,70,83,"Medium","High","Medium","Private","Postgraduate",71,"21-30","2","3","4"
27,77,86,"Low","High","Medium","Public","High School",68,"21-30","2","2","3"
20,87,58,"Low","Low","Medium","Public","Postgraduate",67,"11-20","1","2","3"
26,77,100,"Low","Low","High","Private","High School",70,"21-30","3","3","3"
18,78,55,"High","High","Medium","Public","High School",65,"11-20","1","1","2"
10,63,80,"Medium","Low","Medium","Public","College",60,"0-10","2","1","2"
14,76,77,"Low","High","Medium","Public","College",65,"11-20","2","1","2"
29,91,80,"Low","Low","High","Public","High School",70,"21-30","2","3","3"
18,97,77,"Medium","Low","Low","Private","Postgraduate",69,"11-20","2","2","2"
19,77,53,"Medium","Low","Medium","Private","High School",64,"11-20","1","1","2"
18,77,100,"Medium","High","High","Private","High School",67,"11-20","3","2","2"
31,88,99,"Low","High","Low","Public","Postgraduate",73,"30+","3","3","4"
30,98,76,"High","Low","Medium","Public","College",74,"21-30","2","3","4"
33,71,60,"Medium","Medium","Medium","Public","High School",67,"30+","1","2","4"
19,78,59,"Medium","High","Medium","Public","High School",66,"11-20","1","2","2"
22,92,53,"Medium","High","Medium","Public","High School",69,"21-30","1","2","3"
11,84,81,"Low","Low","Medium","Private","High School",64,"11-20","2","1","2"
29,64,74,"Medium","High","Medium","Public","Postgraduate",69,"21-30","2","2","3"
13,85,71,"Medium","Low","Medium","Public","High School",66,"11-20","2","2","2"
21,67,76,"Medium","Medium","High","Private","High School",65,"21-30","2","1","3"
13,80,94,"High","Medium","Medium","Private","High School",67,"11-20","3","2","2"
16,81,54,"Medium","Medium","High","Public","Postgraduate",67,"11-20","1","2","2"
15,95,77,"High","Low","Medium","Private","High School",68,"11-20","2","2","2"
16,78,85,"Medium","Medium","Medium","Public","High School",65,"11-20","2","1","2"
17,71,99,"Low","Medium","Medium","Public","Postgraduate",66,"11-20","3","2","2"
17,69,87,"Low","Low","Medium","Public","College",65,"11-20","2","1","2"
25,95,77,"High","Low","High","Public","Postgraduate",71,"21-30","2","3","3"
13,67,88,"Medium","Low","Medium","Public","College",63,"11-20","3","1","2"
21,77,100,"Low","High","High","Public","College",70,"21-30","3","3","3"
27,67,94,"High","High","Low","Public","College",70,"21-30","3","3","3"
17,91,54,"High","Low","Medium","Public","College",67,"11-20","1","2","2"
16,79,79,"High","High","High","Public","High School",68,"11-20","2","2","2"
19,74,89,"Medium","High","Medium","Public","High School",63,"11-20","3","1","2"
27,74,84,"Low","High","Medium","Private","College",70,"21-30","2","3","3"
21,94,71,"Low","Low","High","Private","Postgraduate",69,"21-30","2","2","3"
17,82,66,"Medium","Medium","Low","Public","High School",66,"11-20","2","2","2"
23,89,81,"Medium","Low","High","Public","Postgraduate",70,"21-30","2","3","3"
13,96,71,"Low","Medium","Low","Public","High School",68,"11-20","2","2","2"
24,96,70,"Medium","High","Medium","Public","High School",70,"21-30","2","3","3"
22,73,92,"Medium","Low","Medium","Public","Postgraduate",67,"21-30","3","2","3"
18,98,66,"Medium","Medium","Medium","Private","Postgraduate",69,"11-20","2","2","2"
15,61,82,"Medium","Medium","High","Public","Postgraduate",64,"11-20","2","1","2"
15,75,94,"Low","Low","Medium","Public","High School",62,"11-20","3","1","2"
23,96,81,"Medium","Low","Medium","Private","Postgraduate",71,"21-30","2","3","3"
27,71,75,"Medium","Medium","High","Private","High School",69,"21-30","2","2","3"
16,71,52,"Low","High","High","Public","High School",62,"11-20","1","1","2"
23,72,84,"High","Medium","Medium","Public","High School",66,"21-30","2","2","3"
7,84,100,"Low","Low","Medium","Private","High School",64,"0-10","3","1","1"
16,78,90,"Medium","Low","Medium","Public","Postgraduate",66,"11-20","3","2","2"
20,89,82,"Medium","High","High","Public","College",72,"11-20","2","3","3"
15,96,73,"Medium","Medium","Medium","Private","College",71,"11-20","2","3","2"
14,87,61,"Medium","Low","Medium","Public","High School",65,"11-20","1","1","2"
16,68,85,"Medium","Medium","Medium","Public","College",65,"11-20","2","1","2"
22,97,59,"Medium","Low","Medium","Public","High School",70,"21-30","1","3","3"
19,71,94,"High","High","Medium","Private","High School",68,"11-20","3","2","2"
7,66,68,"High","Low","Medium","Public","College",57,"0-10","2","1","1"
7,64,70,"High","Low","Low","Public","High School",59,"0-10","2","1","1"
16,83,61,"Medium","Medium","High","Public","College",64,"11-20","1","1","2"
23,65,74,"Medium","Medium","High","Private","College",67,"21-30","2","2","3"
4,66,84,"Low","Low","High","Public","Postgraduate",60,"0-10","2","1","1"
17,72,65,"Low","Low","High","Public","Postgraduate",67,"11-20","2","2","2"
17,71,85,"Low","Low","Low","Private","College",65,"11-20","2","1","2"
28,84,81,"Medium","Medium","High","Public","College",71,"21-30","2","3","3"
18,93,69,"Medium","Low","Medium","Public","College",67,"11-20","2","2","2"
22,90,66,"Low","Low","Medium","Public","Postgraduate",69,"21-30","2","2","3"
21,70,93,"High","Low","Medium","Public","College",68,"21-30","3","2","3"
7,70,51,"Medium","High","Medium","Private","High School",59,"0-10","1","1","1"
25,99,86,"Low","Medium","Medium","Public","College",75,"21-30","2","3","3"
21,60,71,"Low","Medium","Low","Public","High School",59,"21-30","2","1","3"
23,95,86,"Low","Medium","High","Public","High School",71,"21-30","2","3","3"
44,68,75,"Low","Medium","High","Private","High School",71,"30+","2","3","4"
7,98,54,"High","Medium","High","Private","High School",66,"0-10","1","2","1"
30,74,99,"Medium","High","Medium","Private","High School",69,"21-30","3","2","4"
18,78,54,"Low","Low","High","Public","College",65,"11-20","1","1","2"
22,88,58,"Low","Low","Medium","Private","College",68,"21-30","1","2","3"
20,84,71,"Medium","Low","High","Private","High School",68,"11-20","2","2","3"
17,73,97,"High","Medium","High","Public","High School",67,"11-20","3","2","2"
17,82,65,"Medium","Medium","Medium","Public","High School",68,"11-20","2","2","2"
22,89,78,"Medium","Medium","Medium","Public","",68,"21-30","2","2","3"
11,62,76,"High","High","Medium","Private","High School",88,"11-20","2","3","2"
25,60,67,"Medium","Medium","High","Public","College",66,"21-30","2","2","3"
18,78,85,"High","Low","Low","Public","College",67,"11-20","2","2","2"
13,65,75,"Low","Medium","High","Private","High School",63,"11-20","2","1","2"
17,87,79,"Medium","Low","Medium","Public","High School",68,"11-20","2","2","2"
28,69,61,"Low","Medium","High","Public","High School",65,"21-30","1","1","3"
17,77,96,"Medium","Low","Low","Private","College",67,"11-20","3","2","2"
22,68,56,"Medium","Medium","Medium","Private","Postgraduate",67,"21-30","1","2","3"
16,82,85,"Medium","High","Medium","Public","High School",67,"11-20","2","2","2"
25,65,94,"Low","Low","High","Public","High School",64,"21-30","3","1","3"
24,61,54,"Medium","Low","Medium","Public","",61,"21-30","1","1","3"
31,62,51,"Medium","Medium","Medium","Public","College",65,"30+","1","1","4"
19,98,67,"High","Medium","Medium","Private","High School",70,"11-20","2","3","2"
24,66,89,"Medium","Medium","High","Public","College",67,"21-30","3","2","3"
21,88,86,"Medium","Low","Medium","Private","High School",68,"21-30","2","2","3"
28,63,91,"Medium","Low","Medium","Private","High School",65,"21-30","3","1","3"
16,64,70,"Low","High","High","Private","High School",63,"11-20","2","1","2"
24,80,100,"Medium","High","High","Public","Postgraduate",72,"21-30","3","3","3"
19,79,68,"Medium","High","High","Public","College",68,"11-20","2","2","2"
20,98,90,"Medium","Medium","Medium","Public","",73,"11-20","3","3","3"
21,98,68,"High","Medium","Medium","Public","College",71,"21-30","2","3","3"
22,91,61,"Medium","Low","High","Public","Postgraduate",70,"21-30","1","3","3"
19,84,67,"Low","Medium","Low","Public","Postgraduate",68,"11-20","2","2","2"
21,78,60,"Medium","High","Medium","Public","High School",68,"21-30","1","2","3"
29,74,56,"Low","Low","High","Public","Postgraduate",68,"21-30","1","2","3"
26,98,68,"Medium","Low","Medium","Private","Postgraduate",71,"21-30","2","3","3"
25,84,57,"Low","Medium","Medium","Public","College",70,"21-30","1","3","3"
17,83,75,"Medium","Medium","Medium","Public","High School",67,"11-20","2","2","2"
15,69,52,"Medium","High","Medium","Public","College",61,"11-20","1","1","2"
26,62,72,"Low","Medium","Medium","Public","College",64,"21-30","2","1","3"
25,98,98,"Medium","Medium","Medium","Public","Postgraduate",72,"21-30","3","3","3"
29,73,68,"Low","Low","High","Private","High School",67,"21-30","2","2","3"
16,78,57,"High","Medium","Medium","Public","College",65,"11-20","1","1","2"
19,65,65,"High","High","Medium","Public","College",64,"11-20","2","1","2"
10,93,90,"Medium","Low","Medium","Private","High School",66,"0-10","3","2","2"
18,61,66,"Medium","Medium","High","Public","High School",62,"11-20","2","1","2"
26,93,69,"Medium","Low","Medium","Public","High School",70,"21-30","2","3","3"
17,66,89,"Medium","Medium","High","Public","High School",64,"11-20","3","1","2"
24,95,63,"Low","Low","Medium","Public","High School",70,"21-30","1","3","3"
19,89,74,"Medium","Low","Medium","Public","High School",66,"11-20","2","2","2"
22,67,53,"Medium","Medium","High","Public","High School",62,"21-30","1","1","3"
13,83,59,"High","Low","Medium","Private","High School",63,"11-20","1","1","2"
21,73,60,"High","Medium","Medium","Public","College",66,"21-30","1","2","3"
2,67,73,"Low","Low","Medium","Private","College",58,"0-10","2","1","1"
19,94,91,"Medium","Low","Medium","Public","High School",70,"11-20","3","3","2"
10,76,68,"Medium","High","Low","Private","College",63,"0-10","2","1","2"
27,76,69,"High","Medium","High","Public","",70,"21-30","2","3","3"
25,67,65,"Medium","Low","Medium","Public","High School",65,"21-30","2","1","3"
23,75,66,"Medium","Medium","Low","Public","High School",67,"21-30","2","2","3"
29,95,70,"Medium","Low","Medium","Private","Postgraduate",73,"21-30","2","3","3"
14,75,95,"Medium","Medium","Medium","Public","College",82,"11-20","3","3","2"
30,98,51,"High","Low","Medium","Public","High School",71,"21-30","1","3","4"
26,98,81,"Low","Low","Medium","Public","Postgraduate",73,"21-30","2","3","3"
19,66,94,"Low","High","Medium","Public","High School",65,"11-20","3","1","2"
27,67,71,"Medium","Low","High","Public","High School",67,"21-30","2","2","3"
13,95,83,"Low","Low","High","Public","College",67,"11-20","2","2","2"
15,76,79,"Medium","Medium","Medium","Public","Postgraduate",69,"11-20","2","2","2"
16,60,67,"Low","Low","Medium","Public","High School",61,"11-20","2","1","2"
17,71,57,"Medium","Medium","High","Private","High School",64,"11-20","1","1","2"
14,84,61,"Low","High","Medium","Public","College",64,"11-20","1","1","2"
27,92,53,"Low","Low","Medium","Public","College",68,"21-30","1","2","3"
18,65,88,"Medium","Medium","Medium","Private","College",62,"11-20","3","1","2"
22,64,77,"High","Medium","Medium","Public","High School",66,"21-30","2","2","3"
17,97,89,"Medium","Low","Medium","Public","College",70,"11-20","3","3","2"
9,90,65,"Low","Medium","Medium","Public","High School",67,"0-10","2","2","1"
22,84,90,"Medium","Medium","Medium","Public","College",70,"21-30","3","3","3"
9,91,65,"High","Medium","Medium","Public","High School",65,"0-10","2","1","1"
20,77,56,"Medium","Medium","High","Public","College",65,"11-20","1","1","3"
12,90,77,"Medium","Medium","Medium","Public","Postgraduate",70,"11-20","2","3","2"
32,75,97,"High","Medium","Medium","Private","College",72,"30+","3","3","4"
25,70,71,"Low","Low","Medium","Public","College",65,"21-30","2","1","3"
21,89,76,"Medium","Medium","Medium","Public","High School",71,"21-30","2","3","3"
28,77,73,"Low","Medium","High","Private","College",71,"21-30","2","3","3"
15,99,73,"High","High","High","Public","Postgraduate",72,"11-20","2","3","2"
23,74,61,"Low","Medium","Low","Public","Postgraduate",64,"21-30","1","1","3"
21,97,71,"High","High","High","Public","College",72,"21-30","2","3","3"
22,97,75,"Medium","Medium","Medium","Private","Postgraduate",71,"21-30","2","3","3"
28,70,87,"Low","Low","Medium","Public","High School",66,"21-30","2","2","3"
24,92,57,"Medium","Medium","Medium","Private","College",71,"21-30","1","3","3"
22,77,79,"High","Medium","Low","Public","High School",67,"21-30","2","2","3"
10,97,83,"Low","Low","High","Public","Postgraduate",69,"0-10","2","2","2"
14,78,69,"High","Medium","Medium","Public","College",67,"11-20","2","2","2"
19,90,77,"Medium","High","Medium","Public","Postgraduate",71,"11-20","2","3","2"
21,79,86,"Low","High","","Private","High School",66,"21-30","2","2","3"
13,69,73,"Low","Medium","Low","Private","High School",62,"11-20","2","1","2"
34,68,67,"High","Medium","Medium","Private","High School",67,"30+","2","2","4"
29,77,91,"High","Low","Medium","Public","Postgraduate",70,"21-30","3","3","3"
24,90,99,"High","Low","Medium","Public","College",72,"21-30","3","3","3"
20,84,61,"Medium","Medium","Medium","Private","High School",69,"11-20","1","2","3"
19,88,94,"High","Medium","Medium","Public","High School",70,"11-20","3","3","2"
14,71,77,"Medium","Medium","Medium","Public","High School",64,"11-20","2","1","2"
20,79,72,"Low","Medium","Medium","Public","High School",65,"11-20","2","1","3"
22,62,95,"Medium","Medium","Medium","Public","High School",66,"21-30","3","2","3"
13,93,96,"High","High","Medium","Private","High School",68,"11-20","3","2","2"
22,100,64,"Medium","Low","Medium","Private","College",72,"21-30","2","3","3"
19,76,68,"Medium","High","Medium","Public","High School",65,"11-20","2","1","2"
9,60,93,"Medium","Low","High","Private","High School",60,"0-10","3","1","1"
15,67,75,"Medium","High","High","Public","Postgraduate",63,"11-20","2","1","2"
18,86,64,"Low","Low","High","Public","High School",66,"11-20","2","2","2"
31,84,98,"Low","Medium","Medium","Public","Postgraduate",73,"30+","3","3","4"
23,92,61,"Low","Low","Medium","Public","College",71,"21-30","1","3","3"
12,70,81,"Low","Low","Medium","Public","High School",59,"11-20","2","1","2"
23,91,71,"Medium","Low","High","Public","High School",70,"21-30","2","3","3"
11,88,73,"Low","Medium","Low","Private","College",63,"11-20","2","1","2"
26,73,55,"Medium","Medium","Low","Public","Postgraduate",67,"21-30","1","2","3"
17,82,63,"Medium","Low","Medium","Private","College",65,"11-20","1","1","2"
19,66,58,"Medium","Medium","Low","Public","College",64,"11-20","1","1","2"
28,78,87,"Low","Low","Medium","Public","Postgraduate",71,"21-30","2","3","3"
12,95,85,"Medium","High","Medium","Public","College",70,"11-20","2","3","2"
12,77,90,"Medium","Medium","Low","Public","High School",63,"11-20","3","1","2"
16,94,85,"Medium","Low","High","Public","High School",68,"11-20","2","2","2"
26,84,56,"Medium","Medium","Medium","Public","College",67,"21-30","1","2","3"
11,68,99,"Medium","High","Medium","Public","Postgraduate",66,"11-20","3","2","2"
3,83,59,"Low","Medium","High","Public","High School",63,"0-10","1","1","1"
17,80,68,"Medium","Medium","Medium","Private","College",65,"11-20","2","1","2"
23,76,85,"Low","Low","Medium","Public","High School",66,"21-30","2","2","3"
27,65,57,"Medium","Low","Low","Public","Postgraduate",65,"21-30","1","1","3"
17,77,59,"Medium","Medium","High","Private","High School",65,"11-20","1","1","2"
18,63,94,"Medium","Medium","High","Public","High School",63,"11-20","3","1","2"
27,64,67,"Medium","Low","Medium","Public","High School",65,"21-30","2","1","3"
9,77,83,"Medium","Low","High","Private","High School",62,"0-10","2","1","1"
18,72,93,"Medium","Medium","Medium","Public","College",66,"11-20","3","2","2"
21,97,99,"Medium","High","Medium","Public","Postgraduate",71,"21-30","3","3","3"
23,75,61,"High","Low","Medium","Public","High School",64,"21-30","1","1","3"
17,90,56,"Low","Medium","Medium","Private","College",67,"11-20","1","2","2"
20,81,87,"Medium","High","Medium","Private","High School",68,"11-20","2","2","3"
5,88,59,"Medium","Low","Medium","Public","College",63,"0-10","1","1","1"
16,70,79,"High","High","High","Public","College",64,"11-20","2","1","2"
23,98,77,"Medium","Low","High","Public","Postgraduate",74,"21-30","2","3","3"
14,81,78,"Medium","High","High","Public","Postgraduate",68,"11-20","2","2","2"
20,93,82,"Low","Medium","High","Public","High School",68,"11-20","2","2","3"
23,75,93,"Medium","Medium","Low","Public","Postgraduate",69,"21-30","3","2","3"
18,64,64,"Medium","Low","Medium","Public","High School",61,"11-20","2","1","2"
21,87,78,"High","Low","Medium","Private","High School",69,"21-30","2","2","3"
14,60,67,"Low","High","High","Public","High School",61,"11-20","2","1","2"
19,79,66,"Low","High","Medium","Public","High School",67,"11-20","2","2","2"
24,68,51,"Medium","Low","Low","Private","High School",63,"21-30","1","1","3"
21,85,80,"Medium","Low","High","Public","College",68,"21-30","2","2","3"
16,99,99,"Low","Low","Medium","Private","College",68,"11-20","3","2","2"
21,79,88,"Low","High","Medium","Public","High School",67,"21-30","3","2","3"
24,93,62,"High","High","Medium","Private","College",69,"21-30","1","2","3"
8,80,86,"Medium","Low","Medium","Public","High School",64,"0-10","2","1","1"
27,80,65,"Low","Low","Medium","Public","Postgraduate",67,"21-30","2","2","3"
18,97,88,"Low","High","Medium","Public","High School",70,"11-20","3","3","2"
23,96,93,"Low","Low","Medium","Public","High School",72,"21-30","3","3","3"
27,91,67,"Medium","High","High","Private","High School",71,"21-30","2","3","3"
12,72,50,"High","Low","Medium","Public","College",62,"11-20","1","1","2"
16,82,65,"High","Low","Medium","Private","Postgraduate",67,"11-20","2","2","2"
18,69,60,"Medium","Low","Medium","Public","College",64,"11-20","1","1","2"
15,78,81,"Medium","Medium","Low","Public","High School",64,"11-20","2","1","2"
30,79,65,"Medium","Low","Medium","Public","Postgraduate",70,"21-30","2","3","4"
15,93,52,"Medium","Low","Medium","Public","College",68,"11-20","1","2","2"
17,96,77,"Medium","Medium","Medium","Public","Postgraduate",70,"11-20","2","3","2"
21,77,94,"Low","Medium","High","Public","High School",65,"21-30","3","1","3"
13,61,73,"Low","High","Medium","Public","High School",59,"11-20","2","1","2"
18,94,69,"Medium","Medium","High","Public","High School",69,"11-20","2","2","2"
22,67,59,"High","Low","High","Public","Postgraduate",67,"21-30","1","2","3"
18,85,69,"Medium","Low","Medium","Private","High School",68,"11-20","2","2","2"
19,61,67,"Low","Medium","Medium","Public","College",62,"11-20","2","1","2"
17,76,100,"Low","High","Medium","Private","High School",65,"11-20","3","1","2"
11,99,52,"Medium","High","High","Private","College",69,"11-20","1","2","2"
22,64,62,"Medium","Low","Medium","Private","Postgraduate",65,"21-30","1","1","3"
31,77,53,"High","Medium","Medium","Public","High School",68,"30+","1","2","4"
20,72,93,"Medium","Low","High","Public","High School",68,"11-20","3","2","3"
21,96,71,"High","Medium","Medium","Public","High School",71,"21-30","2","3","3"
24,95,90,"Medium","Low","Low","Public","High School",71,"21-30","3","3","3"
12,70,85,"High","High","Medium","Public","Postgraduate",66,"11-20","2","2","2"
30,63,96,"Medium","Low","Medium","Private","Postgraduate",71,"21-30","3","3","4"
21,85,51,"Low","Low","Medium","Public","College",66,"21-30","1","2","3"
30,73,60,"Medium","Low","Low","Private","High School",66,"21-30","1","2","4"
16,87,85,"Medium","Medium","High","Public","High School",69,"11-20","2","2","2"
31,61,79,"Medium","Low","Low","Public","High School",65,"30+","2","1","4"
25,65,85,"Medium","Low","Medium","Public","Postgraduate",66,"21-30","2","2","3"
23,87,79,"Medium","Medium","Medium","Public","High School",67,"21-30","2","2","3"
21,68,79,"Low","High","High","Private","Postgraduate",66,"21-30","2","2","3"
19,94,97,"Medium","Medium","Medium","Public","High School",69,"11-20","3","2","2"
27,62,96,"Medium","Low","Medium","Public","High School",66,"21-30","3","2","3"
21,69,52,"Low","Low","Medium","Public","Postgraduate",64,"21-30","1","1","3"
8,100,71,"Medium","Low","High","Public","Postgraduate",70,"0-10","2","3","1"
13,77,76,"Low","Medium","Low","Private","College",62,"11-20","2","1","2"
19,88,68,"High","Low","Low","Public","High School",67,"11-20","2","2","2"
22,67,52,"Medium","Medium","Low","Public","College",60,"21-30","1","1","3"
20,84,74,"Low","High","Medium","Public","Postgraduate",66,"11-20","2","2","3"
27,89,99,"Medium","Medium","High","Public","High School",72,"21-30","3","3","3"
8,73,54,"Medium","Medium","Medium","Public","High School",63,"0-10","1","1","1"
21,93,91,"Low","High","Medium","Public","Postgraduate",69,"21-30","3","2","3"
9,84,60,"High","Low","Medium","Private","College",66,"0-10","1","2","1"
25,76,79,"Medium","Medium","Medium","Public","College",69,"21-30","2","2","3"
19,82,69,"Low","Medium","Medium","Private","College",68,"11-20","2","2","2"
23,83,67,"Medium","Low","Low","Public","High School",66,"21-30","2","2","3"
15,67,94,"Low","High","Low","Private","Postgraduate",63,"11-20","3","1","2"
28,76,99,"High","Medium","Medium","Public","High School",70,"21-30","3","3","3"
26,74,69,"Medium","Low","High","Public","Postgraduate",68,"21-30","2","2","3"
24,76,82,"Medium","Medium","Medium","Public","College",68,"21-30","2","2","3"
19,90,78,"Medium","Low","Medium","Private","High School",67,"11-20","2","2","2"
23,79,54,"Low","Low","Medium","Public","High School",67,"21-30","1","2","3"
16,98,52,"Medium","Low","High","Public","College",69,"11-20","1","2","2"
25,72,89,"Low","Low","High","Public","High School",68,"21-30","3","2","3"
30,77,70,"Medium","Medium","High","Public","High School",67,"21-30","2","2","4"
26,91,65,"Low","Medium","High","Public","High School",70,"21-30","2","3","3"
16,82,99,"Low","Medium","Medium","Public","Postgraduate",70,"11-20","3","3","2"
22,82,54,"Medium","Medium","Medium","Public","College",66,"21-30","1","2","3"
12,62,63,"High","Low","Medium","Private","High School",61,"11-20","1","1","2"
23,76,93,"Medium","Low","Medium","Public","College",68,"21-30","3","2","3"
23,71,71,"Low","Low","Low","Public","Postgraduate",64,"21-30","2","1","3"
9,100,79,"Medium","Low","Medium","Public","Postgraduate",66,"0-10","2","2","1"
13,72,52,"Medium","High","High","Private","High School",65,"11-20","1","1","2"
18,95,96,"Medium","Medium","Low","Public","Postgraduate",73,"11-20","3","3","2"
18,87,57,"Medium","High","High","Public","High School",66,"11-20","1","2","2"
13,74,61,"Medium","Low","Medium","Public","High School",65,"11-20","1","1","2"
22,82,58,"Medium","Medium","Medium","Public","College",68,"21-30","1","2","3"
22,94,75,"Low","Low","High","Public","High School",69,"21-30","2","2","3"
19,95,91,"High","Medium","High","Public","College",72,"11-20","3","3","2"
15,66,63,"Medium","Medium","Medium","Private","High School",63,"11-20","1","1","2"
26,74,57,"Medium","Medium","Medium","Private","High School",65,"21-30","1","1","3"
30,73,70,"Low","Medium","Medium","Public","College",69,"21-30","2","2","4"
17,62,99,"Medium","Medium","Medium","Private","High School",62,"11-20","3","1","2"
16,84,51,"Low","Medium","Medium","Public","Postgraduate",66,"11-20","1","2","2"
23,94,75,"Medium","Low","Medium","Private","Postgraduate",69,"21-30","2","2","3"
18,75,83,"Medium","Low","Medium","Public","Postgraduate",67,"11-20","2","2","2"
19,90,90,"Low","Low","Medium","Public","College",94,"11-20","3","3","2"
24,85,87,"High","Medium","Medium","Private","High School",71,"21-30","2","3","3"
9,75,54,"Low","Low","Medium","Public","High School",61,"0-10","1","1","1"
28,66,73,"Medium","Low","Medium","Public","College",68,"21-30","2","2","3"
20,88,54,"Low","High","Low","Public","High School",66,"11-20","1","2","3"
18,94,81,"Medium","High","Low","Public","High School",71,"11-20","2","3","2"
19,87,54,"Low","Low","High","Public","High School",66,"11-20","1","2","2"
20,61,52,"Medium","Low","Low","Private","Postgraduate",60,"11-20","1","1","3"
10,69,65,"Low","Medium","Medium","Private","High School",60,"0-10","2","1","2"
29,63,97,"High","Medium","High","Public","High School",66,"21-30","3","2","3"
20,83,85,"Medium","High","High","Public","College",67,"11-20","2","2","3"
23,90,50,"Low","Medium","Medium","Private","High School",67,"21-30","1","2","3"
26,64,64,"Medium","High","Medium","Public","High School",64,"21-30","2","1","3"
14,94,51,"Medium","Medium","High","Public","College",66,"11-20","1","2","2"
23,82,65,"High","Medium","High","Public","High School",68,"21-30","2","2","3"
18,88,84,"Medium","Medium","High","Public","Postgraduate",70,"11-20","2","3","2"
25,99,88,"Medium","Low","Medium","Private","College",75,"21-30","3","3","3"
7,63,90,"Medium","Low","Medium","Private","High School",86,"0-10","3","3","1"
19,96,95,"High","Medium","High","Private","College",73,"11-20","3","3","2"
16,65,68,"Medium","High","Medium","Public","High School",61,"11-20","2","1","2"
23,76,93,"Medium","Medium","Medium","Private","High School",68,"21-30","3","2","3"
23,94,86,"Medium","Low","High","Public","College",70,"21-30","2","3","3"
16,96,77,"High","High","High","Public","High School",71,"11-20","2","3","2"
16,80,98,"High","Medium","High","Private","Postgraduate",71,"11-20","3","3","2"
19,84,97,"High","Medium","Medium","Public","College",68,"11-20","3","2","2"
15,88,95,"Medium","Low","Medium","Public","High School",70,"11-20","3","3","2"
25,93,60,"Low","Medium","Medium","Public","College",70,"21-30","1","3","3"
18,65,60,"Low","Medium","High","Private","High School",62,"11-20","1","1","2"
3,92,95,"High","Medium","Medium","Public","Postgraduate",67,"0-10","3","2","1"
18,79,70,"High","Medium","Medium","Public","College",68,"11-20","2","2","2"
14,78,90,"Medium","Medium","Medium","Public","Postgraduate",68,"11-20","3","2","2"
10,77,84,"Low","Low","High","Private","High School",64,"0-10","2","1","2"
13,80,88,"Medium","High","High","Public","Postgraduate",68,"11-20","3","2","2"
21,98,51,"Medium","Medium","Medium","Public","High School",69,"21-30","1","2","3"
28,82,71,"Low","Medium","High","Public","High School",70,"21-30","2","3","3"
22,98,93,"Medium","Low","Medium","Public","High School",73,"21-30","3","3","3"
16,67,74,"Medium","High","High","Public","Postgraduate",66,"11-20","2","2","2"
23,89,85,"Low","Low","Medium","Public","Postgraduate",68,"21-30","2","2","3"
17,92,88,"High","High","Medium","Public","High School",68,"11-20","3","2","2"
16,87,56,"Low","Medium","High","Private","Postgraduate",65,"11-20","1","1","2"
13,84,58,"High","Low","Low","Public","Postgraduate",66,"11-20","1","2","2"
9,83,86,"Medium","Low","Medium","Public","College",62,"0-10","2","1","1"
18,94,53,"Low","Medium","High","Private","High School",67,"11-20","1","2","2"
21,93,67,"High","Medium","High","Public","Postgraduate",73,"21-30","2","3","3"
19,65,96,"Medium","Medium","High","Private","Postgraduate",65,"11-20","3","1","2"
18,94,79,"High","High","Medium","Private","High School",70,"11-20","2","3","2"
14,77,96,"Medium","Medium","Medium","Public","Postgraduate",68,"11-20","3","2","2"
24,70,65,"Medium","Medium","Low","Private","High School",67,"21-30","2","2","3"
12,95,82,"High","Low","Medium","Public","High School",66,"11-20","2","2","2"
25,77,64,"Low","Low","Medium","Public","College",65,"21-30","2","1","3"
14,92,56,"Low","Medium","Medium","Public","High School",66,"11-20","1","2","2"
15,71,100,"Low","Low","Low","Public","High School",66,"11-20","3","2","2"
11,60,59,"High","Low","Medium","Public","College",60,"11-20","1","1","2"
17,80,59,"Medium","High","High","Public","College",66,"11-20","1","2","2"
26,64,92,"Low","Low","High","Private","College",68,"21-30","3","2","3"
23,90,90,"Low","Low","Medium","Public","High School",72,"21-30","3","3","3"
26,71,99,"Medium","Medium","Medium","Public","College",68,"21-30","3","2","3"
23,78,54,"High","Low","Medium","Public","Postgraduate",67,"21-30","1","2","3"
13,63,55,"High","Medium","Low","Public","Postgraduate",62,"11-20","1","1","2"
18,71,72,"High","High","High","Public","College",66,"11-20","2","2","2"
15,91,80,"Medium","Low","Medium","Private","Postgraduate",69,"11-20","2","2","2"
28,66,52,"Low","Low","High","Public","High School",64,"21-30","1","1","3"
13,86,58,"Medium","Medium","Medium","Private","High School",63,"11-20","1","1","2"
25,97,85,"Medium","High","Medium","Public","",74,"21-30","2","3","3"
25,87,83,"Medium","Medium","High","Private","College",72,"21-30","2","3","3"
31,92,54,"Medium","Low","Medium","Private","College",71,"30+","1","3","4"
18,64,97,"Medium","Medium","Medium","Public","High School",64,"11-20","3","1","2"
24,70,63,"Low","Low","Medium","Public","High School",65,"21-30","1","1","3"
34,96,94,"High","Medium","High","Public","High School",75,"30+","3","3","4"
16,89,96,"Medium","Medium","Low","Public","College",69,"11-20","3","2","2"
11,86,75,"Medium","Medium","Low","Public","Postgraduate",65,"11-20","2","1","2"
9,87,71,"Low","Low","High","Public","College",60,"0-10","2","1","1"
24,77,64,"Medium","High","Medium","Public","High School",69,"21-30","2","2","3"
9,62,90,"High","High","Medium","Public","College",65,"0-10","3","1","1"
18,91,60,"Low","High","High","Private","High School",67,"11-20","1","2","2"
23,87,81,"Low","Medium","High","Private","High School",70,"21-30","2","3","3"
21,79,78,"Low","Low","High","Public","College",66,"21-30","2","2","3"
23,96,62,"Medium","Low","High","Public","High School",69,"21-30","1","2","3"
21,73,99,"Medium","Medium","High","Public","Postgraduate",69,"21-30","3","2","3"
28,72,92,"Low","Medium","Medium","Public","High School",68,"21-30","3","2","3"
14,95,51,"Medium","Medium","Medium","Private","College",70,"11-20","1","3","2"
16,92,71,"High","Low","Medium","Private","High School",66,"11-20","2","2","2"
15,81,68,"Low","Medium","High","Public","High School",65,"11-20","2","1","2"
25,65,94,"Medium","Low","High","Public","College",65,"21-30","3","1","3"
25,69,63,"Medium","High","Medium","Private","High School",65,"21-30","1","1","3"
23,86,100,"Medium","Low","High","Public","Postgraduate",69,"21-30","3","2","3"
27,75,60,"Medium","Medium","Medium","Public","Postgraduate",69,"21-30","1","2","3"
13,93,62,"Low","Low","Medium","Private","High School",65,"11-20","1","1","2"
30,98,83,"High","Low","High","Public","High School",76,"21-30","2","3","4"
29,92,58,"Low","Medium","Low","Private","College",72,"21-30","1","3","3"
24,75,94,"Medium","Medium","High","Public","High School",67,"21-30","3","2","3"
31,92,55,"Medium","Low","High","Public","High School",74,"30+","1","3","4"
10,74,99,"High","Medium","High","Public","College",66,"0-10","3","2","2"
17,67,94,"Medium","Low","Low","Private","High School",66,"11-20","3","2","2"
16,61,92,"High","High","High","Public","High School",66,"11-20","3","2","2"
24,75,70,"High","High","High","Public","College",71,"21-30","2","3","3"
14,96,76,"Medium","Low","High","Public","High School",66,"11-20","2","2","2"
25,70,73,"High","Low","Low","Public","Postgraduate",65,"21-30","2","1","3"
28,68,99,"Medium","High","Medium","Public","High School",69,"21-30","3","2","3"
24,99,52,"Low","Low","High","Public","High School",69,"21-30","1","2","3"
22,61,69,"Low","Low","High","Public","",63,"21-30","2","1","3"
14,91,98,"High","High","High","Public","High School",68,"11-20","3","2","2"
15,73,68,"Medium","High","Medium","Public","",64,"11-20","2","1","2"
27,61,70,"Medium","Low","Low","Public","College",64,"21-30","2","1","3"
25,97,82,"High","Low","High","Public","College",73,"21-30","2","3","3"
20,66,95,"High","High","Medium","Public","High School",66,"11-20","3","2","3"
17,82,65,"Low","Low","Medium","Private","High School",67,"11-20","2","2","2"
8,71,97,"Medium","Medium","Medium","Private","High School",63,"0-10","3","1","1"
14,63,64,"High","Low","Medium","Public","High School",61,"11-20","2","1","2"
31,62,91,"High","High","High","Public","High School",71,"30+","3","3","4"
12,65,64,"Medium","Medium","Medium","Public","College",61,"11-20","2","1","2"
21,63,54,"Low","Medium","Medium","Private","College",62,"21-30","1","1","3"
26,90,91,"Medium","High","High","Private","High School",74,"21-30","3","3","3"
12,79,73,"Medium","Medium","Medium","Private","High School",65,"11-20","2","1","2"
21,74,70,"Low","Low","High","Public","High School",64,"21-30","2","1","3"
26,77,71,"Medium","Medium","High","Public","Postgraduate",66,"21-30","2","2","3"
20,97,81,"Medium","Medium","Medium","Public","High School",72,"11-20","2","3","3"
37,96,63,"Medium","Medium","High","Private","High School",76,"30+","1","3","4"
10,89,62,"Medium","Low","Medium","Public","Postgraduate",67,"0-10","1","2","2"
26,95,74,"Low","Low","Medium","Private","High School",71,"21-30","2","3","3"
19,73,52,"Medium","Medium","Medium","Public","High School",65,"11-20","1","1","2"
25,75,82,"Medium","Medium","High","Private","Postgraduate",68,"21-30","2","2","3"
23,85,91,"Low","Low","High","Public","High School",68,"21-30","3","2","3"
16,85,86,"Low","High","High","Private","High School",67,"11-20","2","2","2"
21,79,73,"Medium","Low","Low","Public","High School",64,"21-30","2","1","3"
9,76,78,"Low","Medium","Medium","Public","Postgraduate",60,"0-10","2","1","1"
24,99,51,"Low","Low","Medium","Public","",70,"21-30","1","3","3"
22,93,96,"High","High","Low","Private","College",73,"21-30","3","3","3"
24,77,78,"Low","High","High","Private","High School",69,"21-30","2","2","3"
26,89,66,"Medium","Low","Medium","Public","College",70,"21-30","2","3","3"
22,71,65,"Low","Low","Medium","Public","College",64,"21-30","2","1","3"
21,64,83,"High","Low","Low","Public","High School",64,"21-30","2","1","3"
15,74,79,"Medium","High","Medium","Public","College",65,"11-20","2","1","2"
16,76,59,"Low","Low","Medium","Public","College",62,"11-20","1","1","2"
27,61,70,"Medium","Medium","Medium","Public","High School",64,"21-30","2","1","3"
29,93,84,"Medium","High","Medium","Public","College",72,"21-30","2","3","3"
19,74,65,"High","Low","High","Public","High School",64,"11-20","2","1","2"
20,83,75,"Medium","Medium","Medium","Public","High School",67,"11-20","2","2","3"
15,63,63,"Low","High","High","Private","College",64,"11-20","1","1","2"
27,67,54,"Medium","Medium","Low","Private","High School",61,"21-30","1","1","3"
24,96,69,"Medium","Low","Medium","Public","High School",72,"21-30","2","3","3"
32,84,87,"Medium","Medium","Medium","Public","High School",70,"30+","2","3","4"
15,98,61,"Medium","Low","Medium","Public","High School",70,"11-20","1","3","2"
18,100,88,"Medium","Medium","Medium","Public","College",71,"11-20","3","3","2"
21,75,83,"Low","Medium","Medium","Public","College",68,"21-30","2","2","3"
24,72,75,"Medium","High","Medium","Private","College",68,"21-30","2","2","3"
19,94,99,"Medium","Low","Medium","Public","High School",70,"11-20","3","3","2"
15,100,94,"High","Medium","High","Public","College",73,"11-20","3","3","2"
25,85,78,"Low","Medium","High","Public","High School",69,"21-30","2","2","3"
24,92,78,"High","Medium","Medium","Public","High School",71,"21-30","2","3","3"
15,91,64,"Low","Low","High","Public","High School",64,"11-20","2","1","2"
28,74,96,"Low","Medium","Medium","Private","High School",68,"21-30","3","2","3"
27,83,95,"Medium","High","Low","Private","High School",69,"21-30","3","2","3"
21,93,87,"Medium","Low","High","Public","High School",70,"21-30","2","3","3"
20,88,56,"Medium","Low","Medium","Public","",67,"11-20","1","2","3"
23,61,85,"Medium","Medium","High","Private","High School",66,"21-30","2","2","3"
15,73,63,"Medium","Medium","Medium","Public","Postgraduate",65,"11-20","1","1","2"
20,66,59,"Low","Medium","Medium","Public","College",66,"11-20","1","2","3"
7,69,88,"Medium","Low","High","Private","Postgraduate",61,"0-10","3","1","1"
25,96,98,"Medium","Low","Medium","Public","High School",71,"21-30","3","3","3"
11,61,55,"Medium","High","Low","Public","High School",60,"11-20","1","1","2"
29,69,58,"Medium","Low","Low","Public","College",66,"21-30","1","2","3"
18,72,61,"Low","Medium","Medium","Private","College",61,"11-20","1","1","2"
19,85,98,"High","Medium","Medium","Public","High School",68,"11-20","3","2","2"
16,81,85,"High","Low","Medium","Public","College",68,"11-20","2","2","2"
18,69,84,"Medium","Low","Medium","Public","High School",65,"11-20","2","1","2"
29,67,75,"Medium","Low","Medium","Public","High School",65,"21-30","2","1","3"
5,69,77,"Medium","Low","High","Public","College",60,"0-10","2","1","1"
28,80,65,"Low","Low","Medium","Private","College",67,"21-30","2","2","3"
22,71,58,"Medium","Low","Medium","Public","College",65,"21-30","1","1","3"
13,98,89,"High","High","Medium","Public","High School",70,"11-20","3","3","2"
14,79,74,"Medium","Medium","Medium","Public","High School",64,"11-20","2","1","2"
30,62,63,"Medium","Low","High","Public","High School",68,"21-30","1","2","4"
14,89,82,"High","Medium","Medium","Public","College",69,"11-20","2","2","2"
13,73,60,"High","High","High","Public","College",65,"11-20","1","1","2"
27,86,74,"Medium","High","High","Private","High School",71,"21-30","2","3","3"
22,71,60,"Low","Medium","High","Public","High School",65,"21-30","1","1","3"
14,83,88,"Low","High","Medium","Public","High School",65,"11-20","3","1","2"
21,91,66,"High","Medium","Medium","Public","College",68,"21-30","2","2","3"
14,97,72,"High","Low","Low","Public","High School",66,"11-20","2","2","2"
27,70,88,"Medium","High","Medium","Public","High School",65,"21-30","3","1","3"
26,73,83,"Low","Medium","Medium","Public","College",71,"21-30","2","3","3"
23,79,70,"Medium","Medium","High","Public","Postgraduate",68,"21-30","2","2","3"
22,97,54,"Medium","High","Medium","Public","College",70,"21-30","1","3","3"
31,96,96,"Low","Low","High","Private","College",74,"30+","3","3","4"
20,64,50,"High","Low","Medium","Private","High School",62,"11-20","1","1","3"
13,65,87,"Low","Medium","Medium","Public","High School",61,"11-20","2","1","2"
23,80,97,"Medium","Medium","Medium","Private","High School",70,"21-30","3","3","3"
33,64,65,"Medium","Medium","","Public","College",65,"30+","2","1","4"
14,74,54,"High","Low","Low","Public","High School",62,"11-20","1","1","2"
18,66,62,"Medium","High","Medium","Public","High School",65,"11-20","1","1","2"
22,85,66,"Low","Low","Medium","Private","College",68,"21-30","2","2","3"
20,98,73,"Medium","Medium","Low","Private","High School",70,"11-20","2","3","3"
14,100,76,"Low","Medium","Medium","Private","Postgraduate",68,"11-20","2","2","2"
27,75,86,"Medium","Medium","Medium","Private","Postgraduate",69,"21-30","2","2","3"
34,84,95,"Medium","Low","Medium","Private","Postgraduate",73,"30+","3","3","4"
21,94,73,"Medium","Medium","Medium","Private","College",71,"21-30","2","3","3"
15,65,87,"Medium","Low","High","Private","High School",63,"11-20","2","1","2"
11,88,56,"Low","Medium","Medium","Public","College",66,"11-20","1","2","2"
22,76,66,"Low","Low","High","Private","Postgraduate",67,"21-30","2","2","3"
27,68,56,"Medium","Low","High","Public","",64,"21-30","1","1","3"
23,76,85,"Medium","Medium","Low","Public","High School",66,"21-30","2","2","3"
20,63,95,"Medium","High","High","Public","College",69,"11-20","3","2","3"
16,88,94,"High","Medium","Medium","Private","College",72,"11-20","3","3","2"
13,70,66,"Medium","Medium","Medium","Public","High School",63,"11-20","2","1","2"
25,72,62,"Medium","Low","Medium","Public","High School",67,"21-30","1","2","3"
25,65,64,"Medium","Medium","Medium","Private","College",64,"21-30","2","1","3"
11,95,64,"High","Low","Medium","Public","High School",68,"11-20","2","2","2"
30,80,54,"High","High","Medium","Public","High School",71,"21-30","1","3","4"
23,83,57,"Medium","Medium","High","Public","High School",67,"21-30","1","2","3"
28,83,61,"Medium","Low","Medium","Private","Postgraduate",67,"21-30","1","2","3"
12,76,50,"Medium","Medium","High","Public","College",64,"11-20","1","1","2"
12,68,52,"Low","High","High","Public","College",63,"11-20","1","1","2"
19,90,85,"Medium","Medium","Medium","Public","College",72,"11-20","2","3","2"
23,65,81,"Low","Low","Medium","Public","High School",63,"21-30","2","1","3"
31,64,97,"Low","Medium","Medium","Private","High School",67,"30+","3","2","4"
24,88,70,"Medium","Low","Medium","Private","Postgraduate",68,"21-30","2","2","3"
19,68,72,"High","Low","High","Private","College",64,"11-20","2","1","2"
14,72,53,"Medium","Medium","Medium","Public","Postgraduate",65,"11-20","1","1","2"
27,79,58,"High","Medium","Medium","Private","Postgraduate",68,"21-30","1","2","3"
14,78,85,"Medium","Low","Medium","Private","High School",66,"11-20","2","2","2"
30,88,62,"High","Low","Medium","Private","College",73,"21-30","1","3","4"
18,85,89,"Medium","High","Medium","Private","High School",68,"11-20","3","2","2"
30,86,85,"High","Medium","Medium","Private","Postgraduate",72,"21-30","2","3","4"
24,89,87,"Medium","High","Medium","Public","High School",70,"21-30","2","3","3"
19,72,85,"High","Low","Medium","Private","College",66,"11-20","2","2","2"
17,73,85,"High","Medium","Medium","Public","College",66,"11-20","2","2","2"
18,78,77,"Medium","Medium","High","Private","College",66,"11-20","2","2","2"
23,72,84,"Low","Low","Medium","Public","High School",65,"21-30","2","1","3"
20,99,76,"High","Low","Medium","Public","College",71,"11-20","2","3","3"
16,93,60,"Medium","Medium","Medium","Public","High School",66,"11-20","1","2","2"
19,67,61,"High","Medium","","Private","College",63,"11-20","1","1","2"
20,60,70,"Medium","Low","Medium","Public","Postgraduate",63,"11-20","2","1","3"
7,62,51,"Low","Medium","Low","Public","College",58,"0-10","1","1","1"
23,70,94,"Low","Medium","High","Public","",68,"21-30","3","2","3"
14,65,63,"Medium","Low","Medium","Public","High School",61,"11-20","1","1","2"
13,81,53,"Low","Low","Medium","Public","High School",65,"11-20","1","1","2"
10,94,71,"Medium","High","Medium","Public","High School",67,"0-10","2","2","2"
9,89,91,"Medium","High","Low","Public","Postgraduate",67,"0-10","3","2","1"
12,69,70,"Medium","Medium","Medium","Private","High School",62,"11-20","2","1","2"
16,76,63,"High","Low","Medium","Public","High School",86,"11-20","1","3","2"
32,80,77,"Low","Medium","Medium","Public","College",71,"30+","2","3","4"
17,92,79,"Medium","Low","Medium","Public","Postgraduate",70,"11-20","2","3","2"
21,94,88,"Medium","Medium","Medium","Public","College",71,"21-30","3","3","3"
22,96,90,"High","Low","Medium","Public","College",71,"21-30","3","3","3"
21,80,85,"Low","High","Medium","Public","College",70,"21-30","2","3","3"
20,88,50,"Medium","Low","Medium","Public","High School",67,"11-20","1","2","3"
13,64,50,"High","Medium","Low","Public","High School",60,"11-20","1","1","2"
29,83,99,"Medium","Medium","High","Public","College",73,"21-30","3","3","3"
31,70,63,"High","Medium","Medium","Public","High School",67,"30+","1","2","4"
10,77,64,"High","Low","Medium","Private","College",62,"0-10","2","1","2"
14,85,87,"High","Medium","Medium","Public","College",67,"11-20","2","2","2"
18,70,79,"Medium","Medium","High","Public","College",65,"11-20","2","1","2"
14,62,73,"Medium","Low","Medium","Public","High School",61,"11-20","2","1","2"
23,60,56,"Low","Low","Medium","Private","High School",61,"21-30","1","1","3"
16,61,54,"Low","Low","Medium","Private","High School",60,"11-20","1","1","2"
33,60,85,"Low","Low","Low","Public","High School",68,"30+","2","2","4"
27,64,56,"Low","Low","High","Public","College",65,"21-30","1","1","3"
21,70,72,"Low","Medium","Low","Public","Postgraduate",67,"21-30","2","2","3"
26,69,87,"Low","Medium","Low","Public","Postgraduate",67,"21-30","2","2","3"
27,99,96,"Low","High","Medium","Private","College",74,"21-30","3","3","3"
17,72,94,"Low","Medium","Medium","Public","High School",64,"11-20","3","1","2"
15,65,93,"Low","Low","Low","Private","College",64,"11-20","3","1","2"
20,82,68,"Medium","Low","High","Public","High School",67,"11-20","2","2","3"
25,94,96,"High","Medium","Medium","Public","High School",74,"21-30","3","3","3"
21,87,84,"High","Low","Low","Private","College",69,"21-30","2","2","3"
11,72,94,"High","Low","Low","Public","High School",62,"11-20","3","1","2"
15,82,54,"Medium","Medium","Medium","Public","College",66,"11-20","1","2","2"
20,89,52,"Low","Medium","Medium","Public","College",69,"11-20","1","2","3"
20,89,71,"Medium","Medium","Medium","Public","Postgraduate",68,"11-20","2","2","3"
32,87,91,"Medium","High","Medium","Public","High School",74,"30+","3","3","4"
12,95,70,"Medium","Medium","High","Public","High School",68,"11-20","2","2","2"
23,95,94,"High","Medium","Medium","Public","High School",73,"21-30","3","3","3"
29,83,62,"Low","High","Medium","Public","College",70,"21-30","1","3","3"
34,77,52,"Medium","Medium","Medium","Private","High School",69,"30+","1","2","4"
18,86,88,"Medium","Medium","High","Public","College",68,"11-20","3","2","2"
23,93,81,"High","Low","Medium","Private","College",71,"21-30","2","3","3"
23,60,72,"Low","High","Medium","Public","College",64,"21-30","2","1","3"
21,100,92,"Low","Low","Low","Public","Postgraduate",71,"21-30","3","3","3"
19,67,91,"Medium","Low","High","Public","High School",65,"11-20","3","1","2"
23,79,66,"High","High","Medium","Private","Postgraduate",68,"21-30","2","2","3"
5,95,92,"Low","Low","High","Private","College",67,"0-10","3","2","1"
24,69,67,"Medium","Medium","High","Public","Postgraduate",67,"21-30","2","2","3"
21,79,81,"Low","Medium","Medium","Public","High School",67,"21-30","2","2","3"
19,65,60,"Low","Low","Medium","Public","Postgraduate",63,"11-20","1","1","2"
32,76,63,"Medium","Medium","Low","Public","High School",68,"30+","1","2","4"
16,67,72,"Medium","Low","High","Public","Postgraduate",66,"11-20","2","2","2"
18,75,66,"High","High","High","Public","High School",67,"11-20","2","2","2"
32,75,56,"Medium","Medium","Medium","Public","College",68,"30+","1","2","4"
15,100,74,"Medium","High","Medium","Private","Postgraduate",72,"11-20","2","3","2"
17,100,76,"Low","Low","High","Private","Postgraduate",70,"11-20","2","3","2"
19,65,58,"Low","Medium","Medium","Public","High School",62,"11-20","1","1","2"
25,89,59,"Medium","Low","Medium","Public","College",69,"21-30","1","2","3"
21,62,51,"Low","Low","Medium","Private","High School",61,"21-30","1","1","3"
12,61,52,"Low","Low","Medium","Public","High School",58,"11-20","1","1","2"
17,64,68,"Medium","Medium","Medium","Private","High School",63,"11-20","2","1","2"
16,99,57,"High","Medium","Medium","Public","College",71,"11-20","1","3","2"
20,98,96,"Low","Low","High","Public","College",70,"11-20","3","3","3"
23,68,60,"Medium","Low","Medium","Public","High School",64,"21-30","1","1","3"
23,66,53,"Low","Medium","Medium","Public","College",63,"21-30","1","1","3"
9,70,70,"Low","Medium","Medium","Public","College",63,"0-10","2","1","1"
26,81,60,"High","Low","High","Public","Postgraduate",71,"21-30","1","3","3"
22,83,53,"Medium","Low","Low","Public","Postgraduate",65,"21-30","1","1","3"
28,69,88,"Low","Low","Medium","Public","High School",68,"21-30","3","2","3"
23,90,78,"High","Medium","Medium","Private","High School",70,"21-30","2","3","3"
27,72,53,"Medium","Medium","Low","Public","High School",68,"21-30","1","2","3"
23,97,73,"Medium","Low","Medium","Private","High School",69,"21-30","2","2","3"
28,86,52,"Medium","Medium","Medium","Public","College",70,"21-30","1","3","3"
23,77,68,"Low","High","High","Private","High School",67,"21-30","2","2","3"
19,92,68,"Medium","Medium","Medium","Public","High School",69,"11-20","2","2","2"
34,93,91,"Low","High","Medium","Public","",73,"30+","3","3","4"
25,72,87,"Low","Medium","Low","Public","Postgraduate",68,"21-30","2","2","3"
23,74,95,"Medium","Low","Medium","Public","College",67,"21-30","3","2","3"
12,97,57,"Low","Low","Medium","Private","College",67,"11-20","1","2","2"
12,67,77,"Medium","Low","High","Private","College",64,"11-20","2","1","2"
22,62,51,"Medium","Low","Medium","Public","High School",63,"21-30","1","1","3"
21,78,91,"Medium","Medium","Low","Private","Postgraduate",67,"21-30","3","2","3"
16,92,68,"Medium","Medium","High","Public","High School",70,"11-20","2","3","2"
21,91,53,"High","Medium","Medium","Public","Postgraduate",71,"21-30","1","3","3"
30,97,66,"High","Medium","Medium","Private","College",74,"21-30","2","3","4"
24,81,64,"High","High","Low","Public","High School",70,"21-30","2","3","3"
13,64,88,"Medium","Medium","Medium","Public","College",59,"11-20","3","1","2"
19,84,56,"Medium","Low","Medium","Private","High School",64,"11-20","1","1","2"
15,91,78,"Low","Medium","High","Public","High School",67,"11-20","2","2","2"
18,64,90,"Medium","Low","Medium","Public","High School",63,"11-20","3","1","2"
18,67,87,"Medium","Low","Low","Public","College",66,"11-20","2","2","2"
17,60,97,"Medium","Medium","Medium","Private","College",62,"11-20","3","1","2"
12,84,50,"Medium","High","High","Public","High School",65,"11-20","1","1","2"
19,95,68,"Medium","High","Medium","Public","College",73,"11-20","2","3","2"
17,87,68,"High","Medium","High","Public","High School",70,"11-20","2","3","2"
2,99,52,"Low","Medium","Medium","Public","High School",62,"0-10","1","1","1"
32,63,91,"Medium","High","Low","Public","High School",68,"30+","3","2","4"
27,96,84,"Medium","High","Medium","Public","College",74,"21-30","2","3","3"
18,93,76,"Low","Medium","Medium","Private","High School",96,"11-20","2","3","2"
20,73,70,"High","Low","High","Public","High School",66,"11-20","2","2","3"
13,99,95,"Medium","Low","Medium","Public","Postgraduate",69,"11-20","3","2","2"
30,72,63,"Medium","Low","Medium","Public","Postgraduate",70,"21-30","1","3","4"
31,96,67,"Medium","Medium","Medium","Private","College",73,"30+","2","3","4"
21,95,98,"Low","Low","High","Public","High School",69,"21-30","3","2","3"
26,90,53,"Medium","Low","Medium","Private","High School",71,"21-30","1","3","3"
21,83,89,"Low","Low","Low","Public","College",65,"21-30","3","1","3"
12,65,86,"Medium","Medium","Medium","Public","Postgraduate",62,"11-20","2","1","2"
18,81,95,"Low","Medium","","Public","High School",69,"11-20","3","2","2"
21,74,55,"High","Low","Medium","Public","College",65,"21-30","1","1","3"
17,92,99,"Medium","Medium","Medium","Public","College",68,"11-20","3","2","2"
19,90,51,"High","Low","Medium","Public","Postgraduate",65,"11-20","1","1","2"
19,96,67,"Medium","High","Medium","Private","High School",72,"11-20","2","3","2"
20,61,54,"Medium","High","Medium","Private","Postgraduate",67,"11-20","1","2","3"
20,92,53,"Medium","Medium","High","Private","College",68,"11-20","1","2","3"
14,98,98,"Medium","Medium","High","Public","High School",68,"11-20","3","2","2"
16,92,86,"Low","Medium","Medium","Private","College",66,"11-20","2","2","2"
12,65,75,"High","High","Medium","Private","High School",62,"11-20","2","1","2"
26,63,55,"Medium","Medium","High","Public","High School",65,"21-30","1","1","3"
7,61,76,"High","Medium","Medium","Private","High School",60,"0-10","2","1","1"
27,85,66,"Medium","Low","High","Private","High School",70,"21-30","2","3","3"
28,85,64,"Low","Low","Medium","Public","High School",68,"21-30","2","2","3"
18,99,81,"Low","Medium","Medium","Public","Postgraduate",72,"11-20","2","3","2"
4,76,90,"Medium","High","Medium","Public","High School",63,"0-10","3","1","1"
18,73,72,"Low","Medium","Medium","Private","High School",63,"11-20","2","1","2"
20,85,75,"Low","Medium","Medium","Public","College",67,"11-20","2","2","3"
14,93,83,"Low","Medium","Medium","Public","Postgraduate",68,"11-20","2","2","2"
17,97,56,"Low","High","Medium","Public","High School",69,"11-20","1","2","2"
29,92,91,"Low","High","High","Public","High School",75,"21-30","3","3","3"
24,77,92,"High","High","Medium","Public","High School",67,"21-30","3","2","3"
14,85,77,"Medium","Low","High","Public","High School",69,"11-20","2","2","2"
10,94,59,"Low","Medium","Medium","Public","Postgraduate",65,"0-10","1","1","2"
18,80,75,"Medium","Medium","Medium","Public","High School",65,"11-20","2","1","2"
19,69,55,"Low","Low","Medium","Public","College",63,"11-20","1","1","2"
23,67,88,"Medium","Medium","Medium","Private","High School",65,"21-30","3","1","3"
17,60,66,"Medium","Low","Medium","Public","High School",58,"11-20","2","1","2"
23,89,66,"Low","Low","High","Private","High School",70,"21-30","2","3","3"
32,64,97,"Medium","Medium","Low","Public","College",66,"30+","3","2","4"
25,70,71,"Medium","Low","Medium","Public","College",63,"21-30","2","1","3"
20,72,89,"Low","Low","Medium","Private","High School",62,"11-20","3","1","3"
19,82,82,"High","Medium","Medium","Private","College",69,"11-20","2","2","2"
18,76,66,"High","High","High","Public","High School",66,"11-20","2","2","2"
27,87,56,"Medium","Low","High","Public","High School",68,"21-30","1","2","3"
16,62,90,"Low","High","Medium","Public","Postgraduate",62,"11-20","3","1","2"
20,65,88,"Medium","Medium","High","Public","High School",64,"11-20","3","1","3"
20,80,58,"Low","Medium","Medium","Public","College",65,"11-20","1","1","3"
17,73,62,"Low","Low","Medium","Private","College",64,"11-20","1","1","2"
12,72,88,"High","High","Medium","Public","High School",65,"11-20","3","1","2"
22,63,99,"Low","Medium","Medium","Private","High School",65,"21-30","3","1","3"
20,96,92,"Medium","Medium","Medium","Public","College",70,"11-20","3","3","3"
23,88,84,"High","Medium","Medium","Private","Postgraduate",71,"21-30","2","3","3"
17,65,96,"Low","Medium","High","Public","College",65,"11-20","3","1","2"
27,63,64,"Medium","High","High","Public","Postgraduate",67,"21-30","2","2","3"
15,99,50,"High","Low","Medium","Public","High School",68,"11-20","1","2","2"
30,87,66,"Low","Medium","Medium","Public","High School",73,"21-30","2","3","4"
10,77,99,"Medium","Medium","High","Public","High School",64,"0-10","3","1","2"
23,88,94,"Low","Low","Medium","Private","High School",71,"21-30","3","3","3"
23,90,53,"Medium","Medium","High","Private","High School",70,"21-30","1","3","3"
15,91,75,"Medium","Medium","Medium","Public","High School",68,"11-20","2","2","2"
23,79,54,"Medium","Low","Medium","Private","College",68,"21-30","1","2","3"
28,77,89,"Medium","Low","Medium","Public","High School",68,"21-30","3","2","3"
7,60,69,"Low","Low","Medium","Private","College",59,"0-10","2","1","1"
23,97,96,"Medium","Medium","High","Private","College",74,"21-30","3","3","3"
5,84,53,"Low","Low","High","Public","Postgraduate",62,"0-10","1","1","1"
14,68,87,"High","Medium","Medium","Public","High School",64,"11-20","2","1","2"
30,97,70,"Medium","High","Medium","Public","Postgraduate",76,"21-30","2","3","4"
17,97,63,"Medium","Low","Medium","Public","High School",70,"11-20","1","3","2"
13,100,76,"Medium","Low","Low","Public","Postgraduate",69,"11-20","2","2","2"
19,95,74,"High","Low","High","Public","",69,"11-20","2","2","2"
32,100,67,"Medium","Medium","Medium","Public","High School",74,"30+","2","3","4"
9,70,82,"Low","High","High","Public","High School",62,"0-10","2","1","1"
14,94,83,"High","Low","High","Public","Postgraduate",70,"11-20","2","3","2"
29,93,54,"Medium","Low","High","Public","High School",71,"21-30","1","3","3"
31,69,80,"Low","Medium","Medium","Public","College",68,"30+","2","2","4"
19,64,86,"Low","High","Medium","Private","Postgraduate",66,"11-20","2","2","2"
13,99,54,"High","High","Medium","Public","High School",67,"11-20","1","2","2"
33,72,83,"Low","Low","High","Private","High School",71,"30+","2","3","4"
30,95,90,"Medium","Medium","Medium","Public","High School",74,"21-30","3","3","4"
24,60,92,"Low","Medium","Medium","Public","College",65,"21-30","3","1","3"
15,61,52,"Medium","Medium","Medium","Private","High School",60,"11-20","1","1","2"
20,79,85,"Low","Medium","Medium","Public","College",69,"11-20","2","2","3"
19,70,90,"Low","Low","Medium","Private","High School",65,"11-20","3","1","2"
22,88,70,"Medium","Low","Medium","Public","High School",69,"21-30","2","2","3"
29,83,77,"High","Medium","Medium","Public","High School",70,"21-30","2","3","3"
25,63,63,"Medium","Medium","High","Private","Postgraduate",65,"21-30","1","1","3"
14,67,66,"Low","Low","Medium","Public","High School",57,"11-20","2","1","2"
28,76,75,"Low","Medium","High","Public","High School",68,"21-30","2","2","3"
22,67,58,"Medium","High","Low","Public","Postgraduate",67,"21-30","1","2","3"
24,92,69,"Medium","Medium","Medium","Private","High School",70,"21-30","2","3","3"
29,77,65,"Medium","Medium","Medium","Public","High School",68,"21-30","2","2","3"
13,64,62,"Medium","Low","Medium","Public","College",62,"11-20","1","1","2"
20,79,74,"Medium","Low","Medium","Public","High School",67,"11-20","2","2","3"
17,64,92,"Medium","Medium","Medium","Private","Postgraduate",66,"11-20","3","2","2"
11,65,62,"Medium","Medium","High","Public","College",60,"11-20","1","1","2"
22,70,83,"Low","Medium","","Public","College",65,"21-30","2","1","3"
35,94,63,"Medium","Low","High","Public","College",75,"30+","1","3","4"
9,97,57,"Medium","Medium","High","Public","High School",67,"0-10","1","2","1"
20,93,97,"Medium","Low","Medium","Public","Postgraduate",71,"11-20","3","3","3"
24,73,82,"Medium","Medium","Medium","Public","High School",63,"21-30","2","1","3"
21,71,55,"Low","High","High","Public","Postgraduate",67,"21-30","1","2","3"
19,82,82,"Low","Low","Medium","Private","Postgraduate",68,"11-20","2","2","2"
12,89,59,"Low","Low","High","Public","High School",65,"11-20","1","1","2"
21,100,94,"Medium","High","Medium","Public","College",72,"21-30","3","3","3"
15,65,62,"Medium","Medium","Medium","Public","High School",61,"11-20","1","1","2"
7,62,90,"Medium","Medium","Low","Public","College",60,"0-10","3","1","1"
27,88,60,"Medium","Low","Medium","Public","High School",72,"21-30","1","3","3"
26,93,78,"Medium","Medium","Medium","Public","Postgraduate",72,"21-30","2","3","3"
20,94,96,"Medium","Medium","Medium","Private","College",70,"11-20","3","3","3"
21,87,65,"High","Medium","Medium","Public","College",67,"21-30","2","2","3"
26,98,54,"Medium","Low","High","Private","Postgraduate",71,"21-30","1","3","3"
21,80,78,"Medium","Medium","Medium","Private","Postgraduate",66,"21-30","2","2","3"
25,97,59,"Low","Low","High","Public","High School",72,"21-30","1","3","3"
18,99,86,"Medium","High","Medium","Public","High School",70,"11-20","2","3","2"
28,94,80,"Medium","High","Medium","Public","High School",71,"21-30","2","3","3"
22,72,67,"High","Medium","Medium","Public","College",64,"21-30","2","1","3"
21,68,85,"Medium","High","Medium","Public","College",66,"21-30","2","2","3"
12,82,62,"Low","Medium","Medium","Public","High School",64,"11-20","1","1","2"
22,78,96,"Medium","Low","Medium","Public","High School",67,"21-30","3","2","3"
15,95,67,"High","Medium","Medium","Public","High School",67,"11-20","2","2","2"
16,64,88,"Medium","Medium","High","Public","High School",64,"11-20","3","1","2"
15,70,63,"Low","Medium","Medium","Private","High School",61,"11-20","1","1","2"
14,90,86,"Medium","Medium","Medium","Private","High School",99,"11-20","2","3","2"
33,64,52,"Low","High","Medium","Public","High School",67,"30+","1","2","4"
28,73,65,"High","High","High","Public","Postgraduate",72,"21-30","2","3","3"
32,75,55,"Medium","Medium","Medium","Public","High School",66,"30+","1","2","4"
13,85,73,"High","Medium","High","Public","Postgraduate",68,"11-20","2","2","2"
20,66,72,"Low","Medium","High","Public","College",64,"11-20","2","1","3"
12,94,68,"High","High","Medium","Public","High School",69,"11-20","2","2","2"
16,78,99,"Low","Low","Medium","Public","High School",65,"11-20","3","1","2"
14,97,62,"Medium","Medium","Medium","Public","Postgraduate",66,"11-20","1","2","2"
27,79,90,"Low","Medium","High","Public","High School",73,"21-30","3","3","3"
18,71,72,"Low","Low","Medium","Public","High School",63,"11-20","2","1","2"
26,66,67,"High","Medium","Medium","Public","High School",66,"21-30","2","2","3"
24,60,60,"Low","Low","High","Private","Postgraduate",65,"21-30","1","1","3"
34,81,82,"Low","Medium","High","Public","High School",71,"30+","2","3","4"
11,64,67,"High","Medium","Medium","Public","College",58,"11-20","2","1","2"
28,76,91,"Medium","Low","High","Private","High School",68,"21-30","3","2","3"
27,84,98,"Medium","Low","Medium","Public","High School",69,"21-30","3","2","3"
14,71,61,"Low","Low","Medium","Public","Postgraduate",63,"11-20","1","1","2"
26,67,56,"Medium","Medium","Medium","Public","College",66,"21-30","1","2","3"
22,91,66,"Medium","High","High","Public","College",69,"21-30","2","2","3"
19,98,73,"Medium","Low","Medium","Private","College",69,"11-20","2","2","2"
15,64,65,"Medium","Medium","Medium","Public","High School",63,"11-20","2","1","2"
16,66,99,"Medium","Low","Medium","Public","College",65,"11-20","3","1","2"
32,98,89,"Medium","High","Low","Private","College",76,"30+","3","3","4"
20,62,98,"High","High","High","Public","Postgraduate",67,"11-20","3","2","3"
25,99,69,"Medium","Low","High","Public","Postgraduate",70,"21-30","2","3","3"
15,60,65,"Medium","Medium","High","Public","College",60,"11-20","2","1","2"
15,95,70,"Medium","High","High","Public","High School",68,"11-20","2","2","2"
26,72,76,"Medium","Medium","Medium","Public","Postgraduate",68,"21-30","2","2","3"
12,98,87,"Medium","Low","Medium","Private","Postgraduate",70,"11-20","2","3","2"
18,73,94,"High","High","Medium","Private","Postgraduate",68,"11-20","3","2","2"
20,86,73,"Medium","Low","Low","Public","High School",69,"11-20","2","2","3"
21,63,64,"Medium","Low","Medium","Public","High School",62,"21-30","2","1","3"
19,70,66,"Medium","High","Low","Private","College",64,"11-20","2","1","2"
22,91,85,"Low","Medium","Medium","Private","High School",71,"21-30","2","3","3"
24,81,78,"Medium","Low","Medium","Public","High School",68,"21-30","2","2","3"
24,97,74,"High","Medium","Low","Public","High School",72,"21-30","2","3","3"
14,77,60,"Low","High","High","Private","Postgraduate",64,"11-20","1","1","2"
18,95,94,"Medium","Low","High","Public","High School",73,"11-20","3","3","2"
27,78,89,"Low","Low","Medium","Public","Postgraduate",69,"21-30","3","2","3"
25,99,57,"Medium","Medium","Low","Private","Postgraduate",70,"21-30","1","3","3"
12,98,68,"Medium","Low","High","Public","High School",69,"11-20","2","2","2"
22,73,77,"Medium","High","Medium","Public","High School",64,"21-30","2","1","3"
8,95,73,"Low","Medium","Medium","Private","College",66,"0-10","2","2","1"
20,94,70,"High","Medium","Medium","Public","High School",69,"11-20","2","2","3"
31,68,86,"Low","Low","Medium","Private","High School",68,"30+","2","2","4"
14,85,53,"Medium","Medium","Medium","Public","High School",65,"11-20","1","1","2"
15,63,74,"Medium","Low","Medium","Public","High School",62,"11-20","2","1","2"
25,93,63,"Medium","High","Medium","Public","Postgraduate",75,"21-30","1","3","3"
11,67,54,"Low","Low","Medium","Public","High School",60,"11-20","1","1","2"
16,63,73,"Medium","Medium","Medium","Public","College",63,"11-20","2","1","2"
24,76,59,"Medium","Medium","Medium","Public","College",66,"21-30","1","2","3"
16,83,63,"Medium","Medium","Medium","Public","Postgraduate",67,"11-20","1","2","2"
19,94,75,"Medium","Medium","Medium","Public","College",68,"11-20","2","2","2"
24,99,99,"Medium","Low","Medium","Public","High School",72,"21-30","3","3","3"
23,78,84,"High","Low","Medium","Private","College",66,"21-30","2","2","3"
22,62,64,"Medium","Low","Medium","Public","Postgraduate",63,"21-30","2","1","3"
18,90,69,"Medium","High","High","Private","College",71,"11-20","2","3","2"
22,83,70,"High","Low","Medium","Public","College",67,"21-30","2","2","3"
19,78,58,"Medium","Low","Medium","Public","Postgraduate",66,"11-20","1","2","2"
23,72,58,"Medium","Low","High","Private","College",66,"21-30","1","2","3"
17,80,57,"Medium","Low","Medium","Public","College",68,"11-20","1","2","2"
19,74,76,"High","High","Medium","Public","College",66,"11-20","2","2","2"
14,90,84,"Medium","Low","Medium","Public","Postgraduate",68,"11-20","2","2","2"
20,82,80,"Medium","Low","Medium","Public","College",68,"11-20","2","2","3"
15,95,99,"Low","High","High","Public","High School",68,"11-20","3","2","2"
13,82,56,"Low","Low","High","Private","Postgraduate",66,"11-20","1","2","2"
22,70,99,"Medium","Low","High","Private","High School",66,"21-30","3","2","3"
21,94,73,"Low","Medium","High","Public","Postgraduate",70,"21-30","2","3","3"
25,82,61,"Low","High","Medium","Public","High School",68,"21-30","1","2","3"
17,68,97,"High","High","Low","Public","High School",65,"11-20","3","1","2"
22,85,73,"High","Medium","Medium","Private","College",70,"21-30","2","3","3"
23,74,67,"Medium","High","Medium","Private","High School",66,"21-30","2","2","3"
23,94,61,"Medium","Medium","Medium","Public","Postgraduate",68,"21-30","1","2","3"
15,78,63,"High","Medium","Medium","Private","College",64,"11-20","1","1","2"
21,89,99,"Medium","Medium","Medium","Private","High School",69,"21-30","3","2","3"
22,64,65,"Low","Medium","Medium","Private","Postgraduate",65,"21-30","2","1","3"
20,76,99,"Low","Medium","High","Public","Postgraduate",69,"11-20","3","2","3"
7,99,67,"Low","High","High","Private","High School",66,"0-10","2","2","1"
21,92,62,"Medium","Medium","Low","Public","High School",68,"21-30","1","2","3"
33,66,59,"Medium","High","Medium","Public","Postgraduate",70,"30+","1","3","4"
18,71,71,"Medium","Medium","High","Public","High School",65,"11-20","2","1","2"
16,73,62,"Medium","High","High","Private","High School",65,"11-20","1","1","2"
22,86,85,"Medium","Medium","Medium","Public","Postgraduate",68,"21-30","2","2","3"
22,90,62,"Low","Medium","Medium","Public","College",67,"21-30","1","2","3"
27,90,92,"Medium","Low","Medium","Private","High School",72,"21-30","3","3","3"
12,80,92,"High","High","High","Public","Postgraduate",70,"11-20","3","3","2"
24,92,64,"High","High","High","Private","College",72,"21-30","2","3","3"
24,77,88,"Low","High","Medium","Public","College",71,"21-30","3","3","3"
19,65,93,"Low","Medium","High","Private","College",64,"11-20","3","1","2"
22,83,80,"Medium","Medium","Medium","Public","High School",69,"21-30","2","2","3"
26,98,68,"Medium","Low","Medium","Public","High School",73,"21-30","2","3","3"
25,92,72,"Medium","Low","Medium","Public","Postgraduate",70,"21-30","2","3","3"
13,83,89,"Medium","Low","Medium","Public","Postgraduate",68,"11-20","3","2","2"
25,86,65,"Medium","Medium","High","Public","High School",71,"21-30","2","3","3"
20,97,67,"Low","Low","High","Private","Postgraduate",71,"11-20","2","3","3"
20,77,58,"High","High","Medium","Public","High School",66,"11-20","1","2","3"
20,73,70,"Low","High","High","Public","High School",68,"11-20","2","2","3"
19,99,54,"Low","Medium","Medium","Public","Postgraduate",70,"11-20","1","3","2"
27,95,66,"Low","Medium","Medium","Public","High School",72,"21-30","2","3","3"
19,73,69,"High","Low","Low","Public","Postgraduate",66,"11-20","2","2","2"
13,79,63,"Low","High","Medium","Private","High School",65,"11-20","1","1","2"
18,77,55,"High","High","Medium","Private","High School",66,"11-20","1","2","2"
21,66,76,"Low","Low","Medium","Private","High School",65,"21-30","2","1","3"
27,98,93,"Low","Low","Medium","Private","High School",72,"21-30","3","3","3"
24,76,67,"Medium","High","Medium","Public","College",68,"21-30","2","2","3"
15,95,62,"High","High","Medium","Public","College",68,"11-20","1","2","2"
35,68,64,"Medium","High","Low","Public","High School",67,"30+","2","2","4"
22,82,93,"Low","Low","Medium","Public","High School",68,"21-30","3","2","3"
28,61,76,"High","Medium","High","Public","High School",67,"21-30","2","2","3"
19,91,57,"Low","High","High","Public","High School",69,"11-20","1","2","2"
23,83,85,"Medium","Low","Medium","Private","High School",65,"21-30","2","1","3"
25,85,58,"Medium","Medium","High","Public","College",70,"21-30","1","3","3"
27,62,53,"Low","Medium","Medium","Public","High School",64,"21-30","1","1","3"
26,68,63,"Medium","Low","High","Public","High School",66,"21-30","1","2","3"
25,63,58,"Medium","High","Medium","Public","College",64,"21-30","1","1","3"
18,72,80,"High","High","High","Public","High School",66,"11-20","2","2","2"
17,85,74,"Medium","Medium","Medium","Private","High School",67,"11-20","2","2","2"
22,83,86,"Medium","Medium","Low","Public","High School",68,"21-30","2","2","3"
26,84,76,"Medium","Medium","High","Public","High School",71,"21-30","2","3","3"
19,82,71,"Medium","Low","High","Private","College",67,"11-20","2","2","2"
26,71,76,"Medium","Low","Medium","Public","Postgraduate",69,"21-30","2","2","3"
29,70,72,"Low","Medium","Medium","Public","College",67,"21-30","2","2","3"
15,65,52,"Medium","Low","Medium","Private","High School",61,"11-20","1","1","2"
15,94,84,"Medium","Medium","High","Public","High School",68,"11-20","2","2","2"
19,85,98,"Medium","Medium","Low","Private","High School",67,"11-20","3","2","2"
22,67,71,"Low","Medium","High","Public","College",64,"21-30","2","1","3"
17,67,71,"Medium","Medium","High","Public","High School",63,"11-20","2","1","2"
28,95,52,"High","High","High","Public","College",72,"21-30","1","3","3"
23,90,95,"Low","Low","Medium","Public","High School",69,"21-30","3","2","3"
20,86,96,"Medium","High","Low","Public","High School",66,"11-20","3","2","3"
11,76,91,"Low","High","High","Private","College",64,"11-20","3","1","2"
12,70,55,"Medium","Medium","High","Public","High School",61,"11-20","1","1","2"
22,99,95,"Medium","Low","Low","Public","High School",71,"21-30","3","3","3"
7,92,51,"Medium","High","Medium","Public","High School",63,"0-10","1","1","1"
26,72,72,"Low","Medium","Low","Public","High School",65,"21-30","2","1","3"
19,94,75,"Medium","High","Medium","Public","College",71,"11-20","2","3","2"
39,90,92,"High","Medium","High","Private","High School",78,"30+","3","3","4"
34,72,88,"Low","High","Medium","Private","Postgraduate",73,"30+","3","3","4"
19,77,90,"Low","Low","High","Private","College",65,"11-20","3","1","2"
19,67,93,"High","Medium","Medium","Public","Postgraduate",66,"11-20","3","2","2"
26,64,74,"Low","Medium","High","Public","High School",66,"21-30","2","2","3"
30,89,89,"Medium","High","Medium","Public","Postgraduate",74,"21-30","3","3","4"
10,71,53,"Low","High","Medium","Private","High School",62,"0-10","1","1","2"
9,93,72,"Low","Medium","Medium","Public","College",66,"0-10","2","2","1"
16,100,52,"Medium","Low","Medium","Public","High School",71,"11-20","1","3","2"
23,63,96,"Medium","High","Medium","Public","High School",67,"21-30","3","2","3"
23,79,98,"Low","Medium","High","Public","College",69,"21-30","3","2","3"
26,92,54,"Medium","High","Medium","Public","High School",72,"21-30","1","3","3"
13,92,77,"Medium","High","Medium","Public","Postgraduate",72,"11-20","2","3","2"
6,90,66,"Medium","Medium","High","Public","High School",65,"0-10","2","1","1"
25,74,67,"High","Medium","Medium","Public","Postgraduate",71,"21-30","2","3","3"
15,78,73,"Medium","High","High","Private","College",64,"11-20","2","1","2"
8,84,56,"Low","Low","Medium","Public","High School",61,"0-10","1","1","1"
21,99,59,"Low","High","High","Public","College",69,"21-30","1","2","3"
25,73,79,"Medium","Low","Medium","Private","High School",65,"21-30","2","1","3"
19,97,51,"High","Low","High","Public","College",69,"11-20","1","2","2"
17,71,80,"Low","High","Low","Public","High School",64,"11-20","2","1","2"
19,100,66,"High","High","Medium","Public","Postgraduate",69,"11-20","2","2","2"
18,87,92,"Low","Low","Medium","Private","High School",68,"11-20","3","2","2"
12,79,80,"Low","High","Medium","Public","College",63,"11-20","2","1","2"
16,85,85,"High","Medium","High","Public","High School",66,"11-20","2","2","2"
23,71,56,"Low","Medium","","Private","",65,"21-30","1","1","3"
22,71,63,"Medium","Medium","High","Public","High School",66,"21-30","1","2","3"
21,65,100,"Medium","Medium","Medium","Public","Postgraduate",67,"21-30","3","2","3"
14,65,72,"Low","Low","High","Private","High School",62,"11-20","2","1","2"
19,74,68,"Medium","Low","High","Public","High School",66,"11-20","2","2","2"
7,91,94,"High","High","Medium","Public","Postgraduate",68,"0-10","3","2","1"
21,84,52,"Medium","High","High","Public","High School",68,"21-30","1","2","3"
29,64,77,"Medium","Low","High","Public","High School",63,"21-30","2","1","3"
11,94,61,"Medium","Medium","Low","Public","College",66,"11-20","1","2","2"
16,84,68,"Low","Medium","Medium","Private","",65,"11-20","2","1","2"
22,98,60,"Medium","High","Medium","Public","High School",72,"21-30","1","3","3"
28,87,52,"Medium","Low","Low","Private","Postgraduate",70,"21-30","1","3","3"
17,67,71,"Medium","Medium","Medium","Public","High School",63,"11-20","2","1","2"
16,79,89,"Medium","Low","High","Private","High School",65,"11-20","3","1","2"
8,86,98,"Low","Low","Medium","Private","College",65,"0-10","3","1","1"
21,61,81,"Medium","Medium","Medium","Private","Postgraduate",66,"21-30","2","2","3"
32,61,69,"High","High","Medium","Public","High School",68,"30+","2","2","4"
22,65,88,"Low","Medium","Medium","Public","College",64,"21-30","3","1","3"
20,70,75,"Low","Medium","Medium","Public","College",66,"11-20","2","2","3"
22,77,68,"Medium","High","High","Public","High School",68,"21-30","2","2","3"
20,79,59,"Medium","Low","Medium","Public","High School",64,"11-20","1","1","3"
15,66,90,"Low","Medium","Medium","Public","College",62,"11-20","3","1","2"
25,87,75,"Medium","Low","Medium","Private","High School",67,"21-30","2","2","3"
21,84,98,"Medium","Low","Medium","Public","High School",67,"21-30","3","2","3"
20,72,90,"Low","Medium","Medium","Private","Postgraduate",65,"11-20","3","1","3"
14,61,71,"Medium","Low","Medium","Public","High School",59,"11-20","2","1","2"
28,63,87,"Low","Low","Medium","Public","High School",66,"21-30","2","2","3"
24,76,73,"Medium","Medium","Medium","Public","High School",68,"21-30","2","2","3"
17,66,54,"Medium","High","Low","Public","High School",63,"11-20","1","1","2"
26,75,76,"Medium","Medium","Medium","Public","College",68,"21-30","2","2","3"
17,85,93,"Low","Medium","High","Public","College",68,"11-20","3","2","2"
15,82,93,"Medium","Low","High","Public","High School",66,"11-20","3","2","2"
15,69,79,"Low","Medium","","Private","High School",63,"11-20","2","1","2"
9,74,69,"Low","Low","Medium","Private","",61,"0-10","2","1","1"
23,85,51,"Low","High","Low","Public","College",68,"21-30","1","2","3"
9,94,66,"Low","Low","High","Public","College",66,"0-10","2","2","1"
13,90,99,"High","High","Medium","Public","College",69,"11-20","3","2","2"
8,82,86,"Medium","Low","Medium","Public","Postgraduate",64,"0-10","2","1","1"
19,74,86,"High","High","Medium","Private","Postgraduate",68,"11-20","2","2","2"
19,75,88,"Low","Low","High","Public","High School",66,"11-20","3","2","2"
18,95,81,"Medium","Low","Medium","Public","High School",68,"11-20","2","2","2"
14,62,79,"Low","Medium","Medium","Private","High School",62,"11-20","2","1","2"
13,100,73,"Low","Low","Medium","Public","Postgraduate",68,"11-20","2","2","2"
23,87,72,"Medium","Low","High","Private","College",69,"21-30","2","2","3"
17,87,94,"Medium","Low","Medium","Private","High School",70,"11-20","3","3","2"
22,62,70,"Low","Low","Medium","Public","College",65,"21-30","2","1","3"
15,84,92,"Medium","Medium","Medium","Public","College",68,"11-20","3","2","2"
21,79,92,"Low","Low","Medium","Public","Postgraduate",67,"21-30","3","2","3"
28,64,89,"Medium","Low","Low","Public","College",64,"21-30","3","1","3"
24,71,52,"Medium","Medium","Medium","Public","College",63,"21-30","1","1","3"
18,96,57,"Medium","Medium","Medium","Public","High School",67,"11-20","1","2","2"
22,82,66,"Medium","Low","High","Private","High School",66,"21-30","2","2","3"
19,77,92,"Medium","Low","Medium","Public","High School",67,"11-20","3","2","2"
20,63,94,"Medium","Medium","Medium","Public","High School",63,"11-20","3","1","3"
18,89,52,"Medium","High","High","Public","High School",69,"11-20","1","2","2"
19,88,66,"Medium","Medium","Medium","Public","High School",70,"11-20","2","3","2"
21,85,93,"Medium","High","Medium","Public","High School",70,"21-30","3","3","3"
14,80,62,"Medium","High","Medium","Private","Postgraduate",65,"11-20","1","1","2"
14,77,99,"Low","Medium","Medium","Public","Postgraduate",64,"11-20","3","1","2"
12,84,74,"High","Medium","High","Public","College",67,"11-20","2","2","2"
10,69,97,"Medium","Medium","Medium","Private","High School",61,"0-10","3","1","2"
13,98,71,"Medium","Low","High","Private","College",70,"11-20","2","3","2"
21,84,66,"High","High","Medium","Private","College",68,"21-30","2","2","3"
15,72,68,"High","Medium","Medium","Public","High School",64,"11-20","2","1","2"
23,78,94,"Medium","High","Medium","Private","High School",68,"21-30","3","2","3"
20,92,67,"Low","Medium","Medium","Public","High School",68,"11-20","2","2","3"
8,66,83,"Medium","Low","Medium","Private","College",63,"0-10","2","1","1"
24,72,73,"Low","Low","Medium","Public","College",65,"21-30","2","1","3"
25,87,97,"Medium","Low","Low","Private","High School",69,"21-30","3","2","3"
14,73,58,"Medium","Low","High","Public","College",63,"11-20","1","1","2"
23,92,71,"Medium","Low","Medium","Public","College",69,"21-30","2","2","3"
15,65,56,"Medium","High","Medium","Private","High School",61,"11-20","1","1","2"
21,91,79,"Medium","Low","Medium","Private","College",69,"21-30","2","2","3"
12,63,70,"Low","High","Low","Public","College",62,"11-20","2","1","2"
9,61,53,"Medium","Medium","Medium","Public","Postgraduate",58,"0-10","1","1","1"
18,96,92,"Medium","Medium","Medium","Public","High School",71,"11-20","3","3","2"
19,83,69,"Medium","Medium","Medium","Private","Postgraduate",69,"11-20","2","2","2"
18,74,75,"High","High","High","Public","Postgraduate",68,"11-20","2","2","2"
13,69,70,"Medium","Medium","High","Private","College",61,"11-20","2","1","2"
18,85,74,"Medium","Low","Medium","Private","College",67,"11-20","2","2","2"
22,80,51,"Medium","Medium","Medium","Public","Postgraduate",68,"21-30","1","2","3"
20,100,91,"Medium","Low","Medium","Public","High School",72,"11-20","3","3","3"
21,99,67,"Medium","Medium","Medium","Private","College",71,"21-30","2","3","3"
16,85,86,"Low","Medium","Medium","Public","High School",67,"11-20","2","2","2"
27,78,53,"Medium","Medium","Medium","Private","Postgraduate",68,"21-30","1","2","3"
13,80,76,"Medium","High","Medium","Public","High School",64,"11-20","2","1","2"
23,87,95,"High","High","Medium","Private","High School",73,"21-30","3","3","3"
27,64,70,"Medium","Low","High","Public","High School",65,"21-30","2","1","3"
23,73,60,"High","Medium","Medium","Private","Postgraduate",67,"21-30","1","2","3"
19,63,55,"Low","Medium","Medium","Private","College",63,"11-20","1","1","2"
17,63,93,"Medium","Low","Medium","Public","Postgraduate",63,"11-20","3","1","2"
26,68,62,"High","Medium","Medium","Public","Postgraduate",69,"21-30","1","2","3"
11,79,99,"Medium","High","Low","Public","High School",68,"11-20","3","2","2"
14,91,62,"Medium","Low","High","Public","College",68,"11-20","1","2","2"
18,79,74,"Medium","Low","Medium","Public","High School",69,"11-20","2","2","2"
27,73,73,"High","High","High","Public","High School",73,"21-30","2","3","3"
22,63,53,"High","Low","High","Public","High School",66,"21-30","1","2","3"
14,82,77,"Medium","Medium","Medium","Public","College",68,"11-20","2","2","2"
18,71,84,"Medium","Medium","Low","Public","Postgraduate",65,"11-20","2","1","2"
16,85,87,"High","Low","Medium","Private","High School",67,"11-20","2","2","2"
16,99,76,"Low","Medium","Medium","Private","College",70,"11-20","2","3","2"
26,64,91,"Medium","Low","Medium","Private","High School",66,"21-30","3","2","3"
12,68,88,"High","Low","Medium","Public","Postgraduate",64,"11-20","3","1","2"
30,79,60,"Medium","Low","Medium","Public","High School",69,"21-30","1","2","4"
25,99,70,"Medium","Medium","Medium","Public","College",71,"21-30","2","3","3"
27,91,57,"Medium","Low","Low","Private","Postgraduate",68,"21-30","1","2","3"
17,96,57,"Low","Medium","Medium","Private","College",68,"11-20","1","2","2"
19,73,86,"High","Medium","High","Public","College",66,"11-20","2","2","2"
11,100,77,"Medium","Medium","High","Public","Postgraduate",70,"11-20","2","3","2"
17,64,80,"Medium","High","High","Public","Postgraduate",65,"11-20","2","1","2"
23,62,87,"Medium","Medium","Medium","Public","High School",63,"21-30","2","1","3"
28,94,64,"Medium","Medium","Medium","Public","High School",70,"21-30","2","3","3"
13,97,70,"Medium","High","Medium","Private","Postgraduate",67,"11-20","2","2","2"
18,64,80,"Medium","Medium","Medium","Public","High School",63,"11-20","2","1","2"
19,65,55,"Medium","Low","High","Public","Postgraduate",64,"11-20","1","1","2"
12,61,92,"Medium","High","Medium","Public","High School",60,"11-20","3","1","2"
24,64,67,"Low","Low","Medium","Public","High School",62,"21-30","2","1","3"
16,68,83,"High","Low","High","Public","High School",65,"11-20","2","1","2"
19,99,100,"Medium","High","Low","Private","Postgraduate",69,"11-20","3","2","2"
17,87,74,"Low","Low","High","Private","College",68,"11-20","2","2","2"
15,91,61,"Medium","Medium","High","Public","High School",66,"11-20","1","2","2"
20,91,61,"Low","Low","Medium","Public","Postgraduate",72,"11-20","1","3","3"
19,81,53,"Medium","High","Medium","Public","High School",68,"11-20","1","2","2"
18,92,88,"Medium","High","Medium","Public","High School",69,"11-20","3","2","2"
16,84,65,"Low","High","High","Public","High School",65,"11-20","2","1","2"
22,73,59,"Low","Low","Medium","Public","High School",65,"21-30","1","1","3"
30,82,86,"Low","Low","High","Public","High School",70,"21-30","2","3","4"
21,81,65,"High","Medium","Medium","Public","College",67,"21-30","2","2","3"
26,93,80,"Medium","Low","Medium","Private","College",73,"21-30","2","3","3"
12,99,71,"Medium","Medium","Low","Public","College",70,"11-20","2","3","2"
21,76,67,"Medium","High","Low","Private","High School",66,"21-30","2","2","3"
13,91,74,"Medium","Low","Medium","Private","Postgraduate",68,"11-20","2","2","2"
11,64,66,"Medium","Low","Medium","Public","College",61,"11-20","2","1","2"
16,91,94,"Low","High","Medium","Public","Postgraduate",70,"11-20","3","3","2"
27,75,54,"Low","Medium","Medium","Public","Postgraduate",66,"21-30","1","2","3"
26,62,52,"Medium","Low","Medium","Public","College",67,"21-30","1","2","3"
21,75,70,"High","Medium","High","Private","Postgraduate",69,"21-30","2","2","3"
11,84,59,"Low","Medium","Medium","Public","High School",64,"11-20","1","1","2"
19,65,87,"Low","High","High","Public","College",65,"11-20","2","1","2"
22,97,68,"Low","Medium","High","Private","College",75,"21-30","2","3","3"
21,63,63,"Medium","Medium","Medium","Public","High School",63,"21-30","1","1","3"
9,97,68,"Low","Medium","Medium","Private","College",69,"0-10","2","2","1"
15,88,61,"Low","Medium","High","Public","High School",68,"11-20","1","2","2"
20,73,65,"Medium","High","High","Private","College",66,"11-20","2","2","3"
23,76,78,"Low","High","Medium","Public","High School",66,"21-30","2","2","3"
7,90,93,"Low","Medium","Medium","Public","College",66,"0-10","3","2","1"
19,84,69,"Medium","Medium","Low","Public","College",68,"11-20","2","2","2"
21,87,66,"Medium","Low","Low","Public","High School",65,"21-30","2","1","3"
25,76,89,"High","Low","Medium","Public","College",70,"21-30","3","3","3"
24,80,51,"Medium","High","Low","Public","High School",68,"21-30","1","2","3"
23,100,65,"Low","Medium","High","Public","High School",70,"21-30","2","3","3"
15,69,73,"Medium","Medium","Medium","Public","High School",61,"11-20","2","1","2"
9,77,80,"Medium","Medium","Medium","Public","High School",61,"0-10","2","1","1"
18,72,58,"Low","Low","Medium","Public","High School",64,"11-20","1","1","2"
26,91,72,"Low","High","Medium","Public","College",71,"21-30","2","3","3"
28,91,78,"Low","Medium","Low","Public","High School",72,"21-30","2","3","3"
24,72,76,"High","Low","Medium","Public","High School",66,"21-30","2","2","3"
23,63,79,"High","Low","Medium","Private","High School",63,"21-30","2","1","3"
22,60,83,"Medium","Medium","Medium","Public","College",62,"21-30","2","1","3"
17,77,69,"Low","High","Medium","Public","",65,"11-20","2","1","2"
19,76,53,"Medium","Medium","Medium","Public","High School",66,"11-20","1","2","2"
30,100,53,"Medium","Low","High","Private","High School",72,"21-30","1","3","4"
14,79,93,"Medium","Medium","Medium","Public","College",68,"11-20","3","2","2"
30,70,84,"High","Medium","Medium","Public","Postgraduate",70,"21-30","2","3","4"
18,96,88,"Medium","Medium","High","Private","High School",70,"11-20","3","3","2"
28,80,96,"High","Low","Medium","Public","High School",73,"21-30","3","3","3"
12,84,88,"High","High","High","Public","High School",67,"11-20","3","2","2"
24,64,85,"Medium","Medium","Medium","Public","Postgraduate",65,"21-30","2","1","3"
16,75,83,"Medium","Medium","High","Private","College",65,"11-20","2","1","2"
12,98,63,"Medium","High","Medium","Private","High School",65,"11-20","1","1","2"
21,84,98,"Medium","Medium","Medium","Public","College",70,"21-30","3","3","3"
26,74,77,"Medium","Medium","Medium","Private","High School",66,"21-30","2","2","3"
15,85,61,"Medium","Medium","Low","Public","College",65,"11-20","1","1","2"
11,96,60,"Medium","Low","Medium","Public","High School",68,"11-20","1","2","2"
19,71,91,"Medium","High","Medium","Public","High School",66,"11-20","3","2","2"
19,80,63,"High","Medium","Medium","Public","College",65,"11-20","1","1","2"
23,98,52,"Low","Low","High","Private","High School",71,"21-30","1","3","3"
26,67,71,"Medium","High","Medium","Private","High School",65,"21-30","2","1","3"
20,89,91,"High","Medium","Medium","Private","College",70,"11-20","3","3","3"
31,85,71,"Low","Medium","High","Public","College",69,"30+","2","2","4"
21,87,90,"High","High","Medium","Public","High School",71,"21-30","3","3","3"
18,74,91,"Medium","Medium","High","Private","High School",67,"11-20","3","2","2"
10,73,93,"High","Low","Medium","Public","",64,"0-10","3","1","2"
18,87,79,"High","Low","High","Public","College",82,"11-20","2","3","2"
18,69,85,"Medium","High","Medium","Private","College",66,"11-20","2","2","2"
26,77,63,"Low","Low","High","Public","High School",66,"21-30","1","2","3"
23,68,55,"Medium","Medium","Medium","Public","High School",65,"21-30","1","1","3"
13,60,77,"Low","Medium","High","Private","High School",61,"11-20","2","1","2"
21,99,51,"High","Medium","Low","Private","Postgraduate",72,"21-30","1","3","3"
24,77,73,"Medium","Medium","Medium","Public","High School",70,"21-30","2","3","3"
29,99,55,"Low","Medium","Medium","Private","High School",71,"21-30","1","3","3"
25,66,55,"Medium","Medium","Medium","Public","High School",84,"21-30","1","3","3"
25,83,94,"Low","Low","High","Public","College",72,"21-30","3","3","3"
20,68,82,"Medium","Low","High","Public","Postgraduate",67,"11-20","2","2","3"
22,92,82,"Medium","Medium","Medium","Private","Postgraduate",72,"21-30","2","3","3"
27,91,70,"Low","Medium","Low","Public","High School",70,"21-30","2","3","3"
12,65,71,"Medium","Low","High","Public","High School",62,"11-20","2","1","2"
18,96,65,"Low","Medium","Medium","Public","College",71,"11-20","2","3","2"
15,68,72,"Low","High","Low","Public","High School",62,"11-20","2","1","2"
22,85,79,"Low","Low","Low","Public","High School",68,"21-30","2","2","3"
27,99,59,"High","Low","Medium","Public","High School",74,"21-30","1","3","3"
16,95,63,"Medium","Medium","Low","Private","High School",68,"11-20","1","2","2"
6,98,75,"Medium","High","Medium","Public","Postgraduate",64,"0-10","2","1","1"
18,74,69,"Medium","Low","Medium","Public","High School",65,"11-20","2","1","2"
25,64,91,"Medium","Low","Low","Public","College",66,"21-30","3","2","3"
23,68,91,"Low","Low","Medium","Public","College",68,"21-30","3","2","3"
23,80,67,"Low","Low","High","Public","High School",67,"21-30","2","2","3"
18,92,73,"Low","Medium","High","Public","High School",67,"11-20","2","2","2"
12,66,99,"Low","Medium","Low","Public","High School",63,"11-20","3","1","2"
23,86,91,"Medium","Low","Medium","Public","College",71,"21-30","3","3","3"
15,73,61,"Low","Low","High","Private","Postgraduate",63,"11-20","1","1","2"
33,74,64,"Medium","Medium","Medium","Public","High School",66,"30+","2","2","4"
23,86,54,"Low","Medium","Medium","Public","High School",67,"21-30","1","2","3"
17,79,84,"Medium","Medium","Medium","Public","High School",66,"11-20","2","2","2"
16,92,66,"High","Medium","Medium","Public","Postgraduate",70,"11-20","2","3","2"
19,66,77,"Low","Medium","Medium","Public","College",64,"11-20","2","1","2"
19,92,88,"Low","High","Medium","Public","Postgraduate",71,"11-20","3","3","2"
27,63,92,"Medium","Low","Medium","Public","College",68,"21-30","3","2","3"
21,68,66,"Low","High","Medium","Private","High School",64,"21-30","2","1","3"
16,86,62,"Low","Low","High","Public","High School",66,"11-20","1","2","2"
31,94,92,"Low","High","Low","Private","High School",72,"30+","3","3","4"
20,70,69,"High","Medium","High","Public","Postgraduate",66,"11-20","2","2","3"
25,73,91,"Medium","Medium","High","Public","",70,"21-30","3","3","3"
16,81,57,"High","Medium","Medium","Private","High School",66,"11-20","1","2","2"
22,68,96,"Medium","Medium","Medium","Public","Postgraduate",68,"21-30","3","2","3"
22,92,74,"High","Medium","Low","Public","College",70,"21-30","2","3","3"
9,91,59,"High","Low","Medium","Private","College",64,"0-10","1","1","1"
32,66,77,"High","Medium","Medium","Public","College",71,"30+","2","3","4"
28,79,94,"Low","Low","Medium","Private","College",72,"21-30","3","3","3"
18,91,69,"Medium","Low","High","Public","High School",71,"11-20","2","3","2"
13,73,59,"Medium","Medium","High","Public","Postgraduate",63,"11-20","1","1","2"
22,85,79,"Medium","High","Low","Public","College",68,"21-30","2","2","3"
21,62,92,"Medium","Medium","Medium","Private","High School",63,"21-30","3","1","3"
22,84,56,"Medium","High","Low","Private","High School",66,"21-30","1","2","3"
21,66,52,"High","Medium","Medium","Public","High School",63,"21-30","1","1","3"
23,93,53,"High","Low","Medium","Private","College",72,"21-30","1","3","3"
29,74,62,"High","Low","High","Public","Postgraduate",70,"21-30","1","3","3"
23,71,50,"Medium","Low","High","Public","College",65,"21-30","1","1","3"
14,94,71,"Medium","Medium","Medium","Private","College",67,"11-20","2","2","2"
28,62,85,"Medium","Low","High","Public","High School",66,"21-30","2","2","3"
30,76,86,"Medium","Medium","High","Public","Postgraduate",69,"21-30","2","2","4"
39,75,82,"High","High","Low","Public","College",73,"30+","2","3","4"
13,71,65,"High","Medium","Medium","Public","Postgraduate",66,"11-20","2","2","2"
21,96,87,"Medium","Medium","Medium","Public","High School",70,"21-30","2","3","3"
8,90,79,"High","Low","Medium","Public","College",68,"0-10","2","2","1"
23,63,93,"Medium","Medium","High","Private","High School",65,"21-30","3","1","3"
17,89,74,"Medium","Low","Medium","Private","Postgraduate",67,"11-20","2","2","2"
32,81,59,"High","High","Medium","Public","High School",71,"30+","1","3","4"
15,96,82,"Medium","Low","Low","Private","High School",70,"11-20","2","3","2"
10,73,58,"Low","Low","Medium","Private","High School",61,"0-10","1","1","2"
17,83,98,"Medium","Medium","Medium","Public","High School",69,"11-20","3","2","2"
8,80,85,"Medium","Low","High","Public","Postgraduate",63,"0-10","2","1","1"
25,80,88,"Low","Low","High","Private","College",67,"21-30","3","2","3"
8,78,84,"Medium","Medium","Medium","Public","College",65,"0-10","2","1","1"
20,68,55,"High","Low","Low","Public","High School",63,"11-20","1","1","3"
8,90,73,"High","High","Low","Private","Postgraduate",67,"0-10","2","2","1"
18,78,83,"Medium","Low","Medium","Private","Postgraduate",66,"11-20","2","2","2"
30,98,61,"Medium","Low","Medium","Public","Postgraduate",72,"21-30","1","3","4"
22,70,84,"Low","Low","High","Public","High School",68,"21-30","2","2","3"
15,87,91,"Medium","Low","Low","Public","High School",67,"11-20","3","2","2"
20,98,64,"Medium","High","High","Private","Postgraduate",72,"11-20","2","3","3"
20,87,60,"Medium","Low","Medium","Public","High School",66,"11-20","1","2","3"
23,95,94,"Medium","Medium","Medium","Public","High School",73,"21-30","3","3","3"
12,93,50,"Low","High","High","Public","Postgraduate",71,"11-20","1","3","2"
24,74,63,"High","Low","High","Public","High School",65,"21-30","1","1","3"
4,84,70,"Medium","Medium","High","Private","High School",65,"0-10","2","1","1"
16,66,84,"Medium","Medium","Medium","Private","High School",65,"11-20","2","1","2"
17,81,100,"Low","Medium","High","Private","College",68,"11-20","3","2","2"
24,69,69,"Medium","High","Medium","Public","College",70,"21-30","2","3","3"
20,90,97,"Low","Medium","Low","Private","High School",68,"11-20","3","2","3"
12,81,68,"High","Low","High","Private","High School",62,"11-20","2","1","2"
14,76,85,"High","Low","Medium","Private","College",66,"11-20","2","2","2"
21,71,58,"Low","Low","Medium","Public","College",65,"21-30","1","1","3"
20,100,73,"Medium","Low","Medium","Public","College",71,"11-20","2","3","3"
17,63,94,"Low","Medium","Medium","Public","High School",61,"11-20","3","1","2"
17,62,66,"High","High","Medium","Public","High School",63,"11-20","2","1","2"
24,69,55,"Low","Medium","High","Public","High School",67,"21-30","1","2","3"
17,99,76,"Low","High","Medium","Public","Postgraduate",70,"11-20","2","3","2"
19,99,72,"Low","Medium","High","Private","Postgraduate",73,"11-20","2","3","2"
33,86,61,"Medium","High","","Public","High School",72,"30+","1","3","4"
11,95,95,"Low","Low","High","Public","Postgraduate",69,"11-20","3","2","2"
9,69,80,"Medium","Medium","Medium","Private","College",61,"0-10","2","1","1"
25,99,67,"Medium","Low","High","Public","",71,"21-30","2","3","3"
16,66,100,"Medium","Medium","Medium","Public","High School",64,"11-20","3","1","2"
18,64,57,"Medium","High","Medium","Public","High School",61,"11-20","1","1","2"
15,64,92,"Low","Low","Medium","Public","College",63,"11-20","3","1","2"
18,83,62,"High","Low","Medium","Public","High School",65,"11-20","1","1","2"
30,91,62,"Low","Low","High","Public","Postgraduate",73,"21-30","1","3","4"
25,75,75,"High","High","High","Private","Postgraduate",68,"21-30","2","2","3"
25,99,83,"Medium","Medium","Medium","Public","College",72,"21-30","2","3","3"
12,77,85,"Medium","Medium","Medium","Public","College",62,"11-20","2","1","2"
13,66,51,"Low","Medium","Medium","Private","Postgraduate",63,"11-20","1","1","2"
3,79,64,"Low","Medium","Medium","Public","Postgraduate",58,"0-10","2","1","1"
15,87,83,"Medium","High","High","Private","High School",68,"11-20","2","2","2"
26,93,94,"Low","Medium","High","Public","High School",74,"21-30","3","3","3"
23,78,83,"Medium","Medium","Medium","Public","High School",68,"21-30","2","2","3"
19,84,63,"Medium","High","Medium","Private","High School",67,"11-20","1","2","2"
20,71,75,"Low","Medium","Medium","Private","High School",65,"11-20","2","1","3"
16,86,82,"Low","Low","Medium","Public","High School",63,"11-20","2","1","2"
21,99,57,"High","Medium","Medium","Public","Postgraduate",71,"21-30","1","3","3"
25,62,77,"Medium","Medium","Low","Public","College",62,"21-30","2","1","3"
10,95,74,"High","Low","Medium","Public","High School",66,"0-10","2","2","2"
22,82,67,"Low","Low","High","Private","Postgraduate",65,"21-30","2","1","3"
26,70,81,"Low","Low","High","Public","High School",66,"21-30","2","2","3"
18,98,82,"Medium","Medium","High","Public","College",71,"11-20","2","3","2"
24,79,99,"High","Low","High","Public","High School",68,"21-30","3","2","3"
37,73,71,"Medium","High","High","Public","High School",72,"30+","2","3","4"
19,67,77,"Medium","Medium","High","Private","Postgraduate",66,"11-20","2","2","2"
22,70,58,"Low","High","Medium","Public","Postgraduate",66,"21-30","1","2","3"
16,93,77,"High","Low","Medium","Public","High School",67,"11-20","2","2","2"
21,85,52,"Medium","High","High","Public","Postgraduate",71,"21-30","1","3","3"
23,97,57,"Low","High","Medium","Public","Postgraduate",72,"21-30","1","3","3"
21,69,59,"Medium","Low","Medium","Public","Postgraduate",64,"21-30","1","1","3"
14,65,82,"Low","Low","Low","Public","High School",60,"11-20","2","1","2"
21,60,78,"Medium","Medium","High","Public","High School",64,"21-30","2","1","3"
29,80,90,"Medium","Medium","Low","Public","College",70,"21-30","3","3","3"
23,100,73,"Medium","Medium","Medium","Private","College",72,"21-30","2","3","3"
26,88,74,"Medium","Low","Medium","Public","High School",68,"21-30","2","2","3"
19,72,58,"Medium","Medium","Low","Public","High School",62,"11-20","1","1","2"
24,95,87,"Medium","Low","Medium","Public","High School",68,"21-30","2","2","3"
22,91,50,"Medium","Low","","Public","Postgraduate",72,"21-30","1","3","3"
14,61,71,"Medium","Medium","Low","Private","Postgraduate",60,"11-20","2","1","2"
22,93,59,"Low","Low","High","Public","Postgraduate",72,"21-30","1","3","3"
14,72,89,"Medium","Medium","Medium","Public","High School",65,"11-20","3","1","2"
16,66,84,"High","Low","Low","Public","High School",63,"11-20","2","1","2"
21,69,85,"Medium","Medium","Medium","Private","Postgraduate",66,"21-30","2","2","3"
22,79,57,"Low","Medium","High","Public","High School",65,"21-30","1","1","3"
13,77,83,"Medium","Medium","High","Public","Postgraduate",65,"11-20","2","1","2"
26,72,85,"Medium","Low","Medium","Public","High School",67,"21-30","2","2","3"
23,67,50,"Low","Low","Medium","Private","College",65,"21-30","1","1","3"
16,90,66,"Medium","High","High","Public","High School",67,"11-20","2","2","2"
11,100,54,"Low","Low","Medium","Public","Postgraduate",66,"11-20","1","2","2"
19,91,84,"High","High","High","Public","High School",71,"11-20","2","3","2"
17,72,61,"Medium","Medium","Medium","Public","Postgraduate",64,"11-20","1","1","2"
21,70,63,"Medium","Medium","Medium","Public","High School",61,"21-30","1","1","3"
18,69,54,"Low","High","High","Private","High School",65,"11-20","1","1","2"
8,65,74,"Medium","Medium","High","Private","High School",61,"0-10","2","1","1"
18,82,52,"Low","Low","Medium","Public","High School",64,"11-20","1","1","2"
18,84,92,"Low","Low","High","Public","College",69,"11-20","3","2","2"
24,88,51,"High","Medium","Low","Public","High School",71,"21-30","1","3","3"
16,87,53,"High","Medium","High","Private","College",70,"11-20","1","3","2"
30,72,82,"High","Low","Medium","Public","College",70,"21-30","2","3","4"
9,73,96,"Low","Low","High","Public","High School",62,"0-10","3","1","1"
28,87,95,"Medium","Medium","Low","Private","Postgraduate",73,"21-30","3","3","3"
19,74,54,"High","Medium","Medium","Public","College",66,"11-20","1","2","2"
25,69,64,"Medium","High","Low","Public","Postgraduate",66,"21-30","2","2","3"
20,75,76,"Medium","High","High","Private","College",66,"11-20","2","2","3"
27,71,51,"Medium","High","Medium","Public","College",66,"21-30","1","2","3"
18,64,76,"Medium","Medium","High","Public","High School",65,"11-20","2","1","2"
13,93,72,"High","Medium","Medium","Private","Postgraduate",67,"11-20","2","2","2"
29,94,79,"Medium","Low","High","Private","College",76,"21-30","2","3","3"
19,69,96,"Medium","High","High","Private","High School",66,"11-20","3","2","2"
21,63,64,"Low","High","High","Public","High School",63,"21-30","2","1","3"
27,90,82,"Medium","Medium","Medium","Public","College",71,"21-30","2","3","3"
14,68,71,"Low","Medium","Medium","Public","College",63,"11-20","2","1","2"
24,76,72,"Low","High","Medium","Public","College",67,"21-30","2","2","3"
16,63,82,"Medium","High","Medium","Public","High School",63,"11-20","2","1","2"
19,69,98,"Medium","High","Medium","Public","High School",66,"11-20","3","2","2"
20,92,93,"Low","High","Medium","Public","College",72,"11-20","3","3","3"
11,92,82,"High","Medium","Medium","Private","Postgraduate",70,"11-20","2","3","2"
15,68,73,"Medium","Medium","Medium","Public","College",62,"11-20","2","1","2"
28,73,71,"Medium","Medium","High","Private","College",69,"21-30","2","2","3"
25,65,89,"Medium","Medium","High","Public","High School",66,"21-30","3","2","3"
20,63,61,"Medium","High","Medium","Public","High School",64,"11-20","1","1","3"
21,100,79,"Medium","Low","Medium","Public","High School",70,"21-30","2","3","3"
18,86,75,"High","Low","High","Public","High School",67,"11-20","2","2","2"
28,82,82,"Low","Medium","Medium","Private","Postgraduate",71,"21-30","2","3","3"
19,91,59,"High","High","Medium","Public","Postgraduate",69,"11-20","1","2","2"
21,94,85,"Medium","Medium","Medium","Public","College",70,"21-30","2","3","3"
27,92,81,"Medium","Low","Medium","Public","College",70,"21-30","2","3","3"
15,61,59,"Medium","Medium","Medium","Public","Postgraduate",61,"11-20","1","1","2"
29,67,72,"Medium","Medium","High","Public","High School",65,"21-30","2","1","3"
11,86,84,"Medium","High","High","Private","High School",67,"11-20","2","2","2"
30,75,95,"Low","High","Medium","Public","Postgraduate",70,"21-30","3","3","4"
18,99,56,"Medium","Low","High","Private","High School",67,"11-20","1","2","2"
19,87,50,"Medium","Low","Medium","Public","Postgraduate",68,"11-20","1","2","2"
9,98,58,"Medium","Medium","Medium","Public","College",69,"0-10","1","2","1"
17,68,99,"Medium","Medium","Low","Private","Postgraduate",65,"11-20","3","1","2"
14,95,88,"Medium","Low","Low","Public","High School",68,"11-20","3","2","2"
16,73,81,"Medium","High","High","Public","Postgraduate",67,"11-20","2","2","2"
19,100,57,"Medium","High","Medium","Private","High School",70,"11-20","1","3","2"
26,66,71,"High","Medium","Medium","Public","High School",68,"21-30","2","2","3"
21,81,86,"Medium","Low","Medium","Public","College",69,"21-30","2","2","3"
22,92,95,"Low","Low","Low","Public","Postgraduate",70,"21-30","3","3","3"
13,77,69,"Medium","Low","High","Private","College",67,"11-20","2","2","2"
15,79,100,"Medium","Low","Medium","Public","College",70,"11-20","3","3","2"
31,99,57,"High","High","High","Public","Postgraduate",74,"30+","1","3","4"
16,77,69,"Low","Low","High","Public","High School",63,"11-20","2","1","2"
30,84,94,"Medium","Low","High","Private","High School",72,"21-30","3","3","4"
19,62,82,"Low","Low","Low","Private","Postgraduate",62,"11-20","2","1","2"
20,94,91,"Medium","Low","Medium","Public","Postgraduate",71,"11-20","3","3","3"
26,86,95,"Medium","Low","High","Public","High School",68,"21-30","3","2","3"
28,76,75,"High","High","Medium","Public","High School",72,"21-30","2","3","3"
19,61,62,"High","High","Medium","Public","Postgraduate",64,"11-20","1","1","2"
18,84,85,"Medium","Medium","Medium","Public","High School",64,"11-20","2","1","2"
20,61,78,"Medium","Low","Medium","Private","High School",63,"11-20","2","1","3"
22,60,89,"Medium","Medium","High","Private","College",66,"21-30","3","2","3"
25,85,76,"Medium","High","Medium","Public","College",71,"21-30","2","3","3"
20,68,91,"High","High","Medium","Private","College",70,"11-20","3","3","3"
24,68,95,"Low","Medium","Medium","Public","High School",67,"21-30","3","2","3"
30,86,87,"Medium","Low","Low","Private","College",73,"21-30","2","3","4"
22,62,87,"Medium","High","Low","Public","High School",64,"21-30","2","1","3"
22,73,79,"Medium","Medium","Low","Public","Postgraduate",65,"21-30","2","1","3"
11,66,74,"Medium","Medium","High","Private","High School",62,"11-20","2","1","2"
4,83,99,"Low","Low","Low","Private","College",64,"0-10","3","1","1"
22,86,82,"Low","Low","Low","Private","College",67,"21-30","2","2","3"
19,89,92,"High","Medium","Medium","Private","Postgraduate",74,"11-20","3","3","2"
17,70,75,"Medium","Low","Medium","Private","College",63,"11-20","2","1","2"
21,64,78,"Low","Medium","Medium","Public","High School",64,"21-30","2","1","3"
20,63,83,"Low","Medium","Medium","Public","Postgraduate",64,"11-20","2","1","3"
27,77,86,"High","High","High","Public","College",70,"21-30","2","3","3"
21,98,72,"Medium","Low","Low","Public","High School",71,"21-30","2","3","3"
16,69,68,"Medium","Medium","High","Public","College",63,"11-20","2","1","2"
26,70,62,"Medium","Low","","Private","College",66,"21-30","1","2","3"
19,64,71,"Medium","High","Medium","Public","High School",65,"11-20","2","1","2"
23,84,61,"Medium","Medium","High","Public","College",70,"21-30","1","3","3"
17,87,71,"Medium","Low","Medium","Public","College",65,"11-20","2","1","2"
16,86,94,"High","Medium","Medium","Public","High School",68,"11-20","3","2","2"
21,94,99,"Medium","Medium","High","Private","High School",72,"21-30","3","3","3"
20,79,79,"Low","Medium","High","Private","High School",67,"11-20","2","2","3"
23,65,57,"Low","High","Medium","Public","High School",65,"21-30","1","1","3"
18,72,71,"Low","High","Medium","Public","Postgraduate",66,"11-20","2","2","2"
9,86,80,"Medium","Low","Medium","Public","College",67,"0-10","2","2","1"
17,85,69,"Medium","Medium","Medium","Private","Postgraduate",65,"11-20","2","1","2"
25,81,60,"Medium","Medium","Medium","Private","High School",68,"21-30","1","2","3"
18,87,61,"High","Medium","Medium","Public","High School",68,"11-20","1","2","2"
19,85,74,"Medium","High","Medium","Public","College",69,"11-20","2","2","2"
26,95,61,"Medium","Medium","Medium","Private","Postgraduate",71,"21-30","1","3","3"
16,83,62,"Medium","Low","Medium","Private","Postgraduate",64,"11-20","1","1","2"
11,91,94,"Medium","Medium","Medium","Public","",65,"11-20","3","1","2"
19,70,89,"Medium","Low","High","Private","High School",64,"11-20","3","1","2"
17,87,53,"Low","Low","Medium","Public","Postgraduate",67,"11-20","1","2","2"
14,96,66,"Medium","Medium","Medium","Public","College",70,"11-20","2","3","2"
19,75,77,"Medium","Low","Low","Public","High School",66,"11-20","2","2","2"
23,91,53,"Low","Medium","High","Private","High School",70,"21-30","1","3","3"
20,89,84,"Low","High","High","Public","High School",70,"11-20","2","3","3"
22,62,69,"Low","High","Low","Private","College",64,"21-30","2","1","3"
31,83,70,"Medium","Low","Medium","Private","College",71,"30+","2","3","4"
18,65,63,"Medium","Medium","Medium","Public","High School",63,"11-20","1","1","2"
22,99,67,"High","Medium","High","Private","College",72,"21-30","2","3","3"
17,92,93,"Medium","Medium","Low","Private","College",72,"11-20","3","3","2"
15,64,89,"Low","Low","Medium","Public","High School",61,"11-20","3","1","2"
16,65,97,"High","Low","Medium","Public","High School",63,"11-20","3","1","2"
17,84,85,"High","Medium","Medium","Private","College",67,"11-20","2","2","2"
22,74,79,"Low","Medium","Medium","Public","High School",67,"21-30","2","2","3"
34,61,63,"Low","Medium","Medium","Public","High School",65,"30+","1","1","4"
16,82,83,"Medium","Medium","Medium","Public","High School",64,"11-20","2","1","2"
18,76,95,"High","High","High","Public","Postgraduate",69,"11-20","3","2","2"
20,64,53,"High","High","Medium","Private","College",65,"11-20","1","1","3"
22,92,72,"Low","Low","High","Public","Postgraduate",71,"21-30","2","3","3"
22,97,57,"Medium","Medium","High","Private","High School",70,"21-30","1","3","3"
28,90,91,"Medium","Medium","Medium","Public","College",98,"21-30","3","3","3"
5,93,81,"Medium","Low","High","Public","College",65,"0-10","2","1","1"
6,69,94,"Medium","Medium","Medium","Private","Postgraduate",63,"0-10","3","1","1"
17,71,53,"Low","Low","Low","Public","High School",61,"11-20","1","1","2"
27,68,95,"Medium","Low","Medium","Public","College",67,"21-30","3","2","3"
11,91,53,"Medium","Low","Medium","Private","Postgraduate",64,"11-20","1","1","2"
2,98,64,"Medium","Low","High","Private","High School",65,"0-10","2","1","1"
23,89,58,"Medium","Medium","High","Private","Postgraduate",73,"21-30","1","3","3"
21,95,57,"Low","Low","Medium","Public","High School",69,"21-30","1","2","3"
13,86,59,"Medium","Medium","Medium","Public","High School",67,"11-20","1","2","2"
14,76,74,"Low","High","Medium","Private","College",63,"11-20","2","1","2"
14,77,89,"Low","Medium","Medium","Private","College",67,"11-20","3","2","2"
21,63,95,"Medium","High","Medium","Public","High School",66,"21-30","3","2","3"
16,61,78,"Medium","Low","High","Public","College",64,"11-20","2","1","2"
23,88,58,"Medium","Low","Medium","Public","High School",68,"21-30","1","2","3"
3,78,54,"High","High","Medium","Public","High School",61,"0-10","1","1","1"
15,82,75,"Medium","High","Medium","Public","College",66,"11-20","2","2","2"
13,82,88,"Medium","Low","Medium","Public","High School",65,"11-20","3","1","2"
18,71,81,"Medium","Medium","Medium","Public","College",65,"11-20","2","1","2"
17,79,79,"Medium","Medium","High","Private","Postgraduate",67,"11-20","2","2","2"
25,79,52,"Medium","Medium","Medium","Public","Postgraduate",68,"21-30","1","2","3"
9,76,71,"Medium","Medium","High","Public","College",63,"0-10","2","1","1"
20,93,78,"Low","Low","Medium","Public","College",70,"11-20","2","3","3"
23,78,80,"Medium","Low","Medium","Private","High School",68,"21-30","2","2","3"
31,84,50,"Medium","Low","High","Private","High School",69,"30+","1","2","4"
17,96,60,"Low","Low","Medium","Private","College",67,"11-20","1","2","2"
22,95,97,"Medium","Low","Low","Public","High School",69,"21-30","3","2","3"
9,96,75,"Low","Low","High","Private","High School",65,"0-10","2","1","1"
6,71,85,"Medium","Low","Medium","Public","High School",61,"0-10","2","1","1"
25,61,65,"Low","Low","Low","Public","College",65,"21-30","2","1","3"
20,70,79,"Low","Medium","Medium","Public","Postgraduate",67,"11-20","2","2","3"
27,71,68,"Medium","Low","Medium","Public","High School",66,"21-30","2","2","3"
12,96,65,"Medium","High","High","Private","Postgraduate",69,"11-20","2","2","2"
23,86,71,"High","Medium","Medium","Public","College",71,"21-30","2","3","3"
31,63,73,"Medium","High","Low","Public","High School",68,"30+","2","2","4"
23,65,67,"High","Medium","Medium","Private","High School",65,"21-30","2","1","3"
22,66,63,"High","Low","Medium","Private","Postgraduate",64,"21-30","1","1","3"
20,85,81,"Low","High","High","Private","College",68,"11-20","2","2","3"
11,89,69,"Low","Low","Low","Public","High School",64,"11-20","2","1","2"
28,94,60,"Low","Low","Medium","Public","High School",71,"21-30","1","3","3"
16,98,88,"Medium","Low","Medium","Public","Postgraduate",70,"11-20","3","3","2"
23,68,86,"Medium","Medium","Medium","Public","Postgraduate",68,"21-30","2","2","3"
11,72,94,"Low","Medium","Medium","Public","High School",63,"11-20","3","1","2"
13,70,78,"Medium","Low","Medium","Private","High School",61,"11-20","2","1","2"
29,74,64,"Medium","Medium","Medium","Public","College",66,"21-30","2","2","3"
18,97,93,"Medium","High","Medium","Public","College",75,"11-20","3","3","2"
29,83,64,"Medium","Medium","High","Public","High School",71,"21-30","2","3","3"
20,90,83,"High","Low","Low","Public","College",69,"11-20","2","2","3"
9,80,60,"Medium","Low","Medium","Private","High School",62,"0-10","1","1","1"
25,61,81,"High","Medium","Medium","Public","High School",65,"21-30","2","1","3"
16,63,92,"Medium","Low","Medium","Private","College",61,"11-20","3","1","2"
24,82,77,"Medium","Medium","Medium","Public","High School",69,"21-30","2","2","3"
20,89,74,"Low","Medium","Low","Private","Postgraduate",66,"11-20","2","2","3"
11,69,100,"Low","Low","Medium","Public","High School",64,"11-20","3","1","2"
21,89,51,"Low","Medium","Medium","Public","High School",69,"21-30","1","2","3"
33,92,67,"Low","High","Medium","Public","High School",78,"30+","2","3","4"
23,76,96,"Low","Medium","Medium","Private","High School",68,"21-30","3","2","3"
20,90,82,"Medium","High","","Private","High School",70,"11-20","2","3","3"
26,76,77,"Medium","Medium","Medium","Private","High School",68,"21-30","2","2","3"
21,87,82,"Medium","Medium","High","Public","Postgraduate",68,"21-30","2","2","3"
21,91,66,"Low","High","Medium","Public","College",69,"21-30","2","2","3"
13,100,54,"Medium","Medium","High","Public","College",68,"11-20","1","2","2"
21,74,64,"Medium","Low","Low","Public","College",80,"21-30","2","3","3"
26,76,67,"High","Low","Medium","Public","High School",67,"21-30","2","2","3"
15,67,74,"Medium","High","High","Public","Postgraduate",64,"11-20","2","1","2"
29,68,70,"Low","Medium","Medium","Public","Postgraduate",64,"21-30","2","1","3"
19,88,76,"Low","Medium","High","Public","High School",68,"11-20","2","2","2"
15,97,60,"Low","Medium","Medium","Public","High School",67,"11-20","1","2","2"
26,76,59,"Low","Medium","Medium","Public","Postgraduate",65,"21-30","1","1","3"
18,67,68,"Medium","Medium","Medium","Public","High School",66,"11-20","2","2","2"
25,71,74,"Low","Medium","Medium","Public","Postgraduate",67,"21-30","2","2","3"
18,78,67,"Low","High","Medium","Public","College",64,"11-20","2","1","2"
20,72,79,"Medium","Low","Medium","Private","Postgraduate",66,"11-20","2","2","3"
23,69,66,"Low","Medium","Medium","Public","College",63,"21-30","2","1","3"
22,89,59,"High","Medium","Medium","Private","High School",71,"21-30","1","3","3"
8,60,93,"High","Low","High","Public","Postgraduate",62,"0-10","3","1","1"
13,82,60,"Medium","Low","Low","Public","College",64,"11-20","1","1","2"
26,92,98,"Medium","Medium","Medium","Public","Postgraduate",72,"21-30","3","3","3"
19,71,99,"Low","Low","High","Public","High School",65,"11-20","3","1","2"
17,84,85,"Medium","Medium","Low","Public","College",67,"11-20","2","2","2"
12,87,75,"Medium","Low","Medium","Private","College",65,"11-20","2","1","2"
14,86,90,"Low","Low","Medium","Private","High School",63,"11-20","3","1","2"
8,78,94,"Low","High","High","Public","High School",65,"0-10","3","1","1"
19,74,85,"Medium","Low","Medium","Public","Postgraduate",67,"11-20","2","2","2"
16,93,55,"Low","High","Medium","Public","High School",67,"11-20","1","2","2"
14,90,50,"Medium","Medium","High","Private","College",65,"11-20","1","1","2"
20,73,60,"Medium","Low","Medium","Private","High School",64,"11-20","1","1","3"
22,64,59,"High","Medium","High","Private","High School",64,"21-30","1","1","3"
33,63,59,"Medium","Medium","Medium","Public","High School",69,"30+","1","2","4"
11,64,75,"Low","High","Medium","Private","High School",60,"11-20","2","1","2"
27,83,76,"Medium","Low","High","Public","High School",70,"21-30","2","3","3"
26,62,86,"Medium","Medium","Medium","Public","High School",66,"21-30","2","2","3"
15,73,60,"High","Medium","Medium","Public","College",66,"11-20","1","2","2"
21,90,55,"Medium","Medium","Medium","Public","College",68,"21-30","1","2","3"
17,72,83,"Low","Medium","High","Public","",62,"11-20","2","1","2"
21,91,74,"Low","Medium","Medium","Public","Postgraduate",70,"21-30","2","3","3"
29,90,83,"Medium","Medium","High","Private","High School",72,"21-30","2","3","3"
24,70,69,"High","High","Medium","Public","High School",64,"21-30","2","1","3"
23,89,88,"High","High","Medium","Public","Postgraduate",71,"21-30","3","3","3"
17,90,84,"Medium","Low","Low","Public","High School",67,"11-20","2","2","2"
11,76,83,"High","Medium","Medium","Public","High School",64,"11-20","2","1","2"
19,68,51,"Medium","High","Medium","Public","High School",64,"11-20","1","1","2"
27,81,93,"Medium","High","High","Public","College",72,"21-30","3","3","3"
11,97,69,"Medium","Low","Medium","Public","High School",66,"11-20","2","2","2"
14,86,57,"Medium","High","High","Private","College",68,"11-20","1","2","2"
21,67,88,"Medium","Low","Medium","Private","Postgraduate",95,"21-30","3","3","3"
14,87,74,"Medium","Medium","High","Public","College",64,"11-20","2","1","2"
15,77,52,"Medium","Medium","Medium","Public","College",64,"11-20","1","1","2"
17,84,89,"Medium","High","Medium","Public","High School",68,"11-20","3","2","2"
12,89,72,"Medium","High","High","Public","College",67,"11-20","2","2","2"
14,81,88,"Medium","High","Medium","Public","Postgraduate",67,"11-20","3","2","2"
24,93,88,"Low","Medium","High","Public","High School",71,"21-30","3","3","3"
12,89,55,"Low","Low","High","Public","High School",63,"11-20","1","1","2"
10,85,81,"Medium","Low","Medium","Public","High School",66,"0-10","2","2","2"
16,66,68,"High","Low","Medium","Public","Postgraduate",65,"11-20","2","1","2"
24,93,77,"Medium","Low","Medium","Private","High School",68,"21-30","2","2","3"
19,97,54,"Medium","High","Medium","Public","High School",68,"11-20","1","2","2"
17,65,79,"Medium","Medium","Medium","Public","High School",62,"11-20","2","1","2"
20,80,89,"Medium","High","High","Public","Postgraduate",67,"11-20","3","2","3"
10,70,99,"Medium","Medium","Medium","Public","High School",65,"0-10","3","1","2"
23,90,66,"Low","High","High","Public","High School",71,"21-30","2","3","3"
22,89,58,"Medium","High","High","Public","College",71,"21-30","1","3","3"
18,66,68,"Low","Medium","High","Public","High School",61,"11-20","2","1","2"
26,95,51,"Medium","Low","Medium","Public","High School",70,"21-30","1","3","3"
13,67,70,"Medium","Low","High","Private","High School",60,"11-20","2","1","2"
27,92,96,"Medium","Low","Medium","Public","Postgraduate",70,"21-30","3","3","3"
21,78,60,"High","Low","High","Private","College",67,"21-30","1","2","3"
18,73,74,"Low","Medium","High","Private","Postgraduate",66,"11-20","2","2","2"
20,66,79,"Medium","Medium","Medium","Private","High School",63,"11-20","2","1","3"
19,67,59,"Low","Low","High","Private","Postgraduate",65,"11-20","1","1","2"
27,86,67,"High","High","High","Public","Postgraduate",75,"21-30","2","3","3"
14,82,96,"Low","High","Medium","Private","High School",66,"11-20","3","2","2"
15,65,65,"Medium","Low","Medium","Public","College",61,"11-20","2","1","2"
26,65,82,"Low","Low","Medium","Public","Postgraduate",65,"21-30","2","1","3"
16,63,57,"Medium","Low","Low","Public","Postgraduate",61,"11-20","1","1","2"
25,90,83,"Medium","Medium","Medium","Public","College",73,"21-30","2","3","3"
30,88,64,"Medium","High","Medium","Public","College",73,"21-30","2","3","4"
18,62,62,"Medium","Medium","Medium","Public","College",63,"11-20","1","1","2"
24,82,56,"Medium","Medium","Medium","Public","Postgraduate",67,"21-30","1","2","3"
13,63,52,"Medium","Low","Medium","Public","High School",62,"11-20","1","1","2"
25,96,98,"Medium","Medium","Medium","Private","College",71,"21-30","3","3","3"
21,96,71,"Medium","Low","High","Public","High School",70,"21-30","2","3","3"
23,88,89,"Medium","Medium","High","Private","High School",70,"21-30","3","3","3"
16,97,96,"Low","Low","High","Private","High School",69,"11-20","3","2","2"
10,92,60,"High","Low","Low","Public","College",66,"0-10","1","2","2"
23,93,93,"High","Medium","High","Public","High School",72,"21-30","3","3","3"
8,83,85,"Low","Low","High","Public","High School",63,"0-10","2","1","1"
18,72,79,"Medium","Medium","High","Public","High School",65,"11-20","2","1","2"
26,69,90,"Medium","Medium","Medium","Public","College",71,"21-30","3","3","3"
21,73,56,"Medium","High","Medium","Private","High School",66,"21-30","1","2","3"
32,85,63,"Low","High","Medium","Public","High School",69,"30+","1","2","4"
26,67,57,"Medium","Medium","Medium","Public","College",62,"21-30","1","1","3"
16,70,95,"High","Medium","Medium","Public","High School",66,"11-20","3","2","2"
20,79,55,"Low","Low","Medium","Private","High School",66,"11-20","1","2","3"
20,69,99,"High","Medium","High","Public","High School",64,"11-20","3","1","3"
11,84,55,"High","Medium","High","Public","",63,"11-20","1","1","2"
14,97,83,"Medium","Low","Medium","Public","High School",68,"11-20","2","2","2"
17,90,83,"Low","Medium","High","Public","High School",68,"11-20","2","2","2"
8,87,97,"Low","Low","Medium","Public","High School",67,"0-10","3","2","1"
20,83,66,"Medium","High","Medium","Private","College",67,"11-20","2","2","3"
19,80,67,"Medium","Low","High","Public","Postgraduate",68,"11-20","2","2","2"
10,67,92,"Medium","Medium","High","Public","Postgraduate",65,"0-10","3","1","2"
22,96,99,"High","Low","Medium","Public","College",74,"21-30","3","3","3"
24,70,52,"High","Low","Medium","Public","Postgraduate",85,"21-30","1","3","3"
21,64,82,"Medium","Low","Medium","Public","College",64,"21-30","2","1","3"
18,90,62,"High","Medium","Medium","Private","High School",67,"11-20","1","2","2"
24,67,86,"Medium","Medium","Medium","Public","College",68,"21-30","2","2","3"
24,75,89,"Low","Medium","High","Private","College",67,"21-30","3","2","3"
22,61,88,"Low","Medium","High","Public","High School",65,"21-30","3","1","3"
15,65,72,"Low","Low","Medium","Private","Postgraduate",63,"11-20","2","1","2"
22,67,58,"Medium","Low","Medium","Public","Postgraduate",64,"21-30","1","1","3"
27,62,79,"Medium","Low","Medium","Private","College",62,"21-30","2","1","3"
16,86,89,"Low","Medium","Low","Public","Postgraduate",68,"11-20","3","2","2"
33,93,96,"High","Low","Medium","Private","Postgraduate",75,"30+","3","3","4"
17,75,73,"High","Low","Medium","Private","High School",63,"11-20","2","1","2"
20,95,62,"Low","Low","Medium","Public","College",68,"11-20","1","2","3"
16,69,56,"Low","Medium","Medium","Private","Postgraduate",63,"11-20","1","1","2"
21,73,90,"Medium","Medium","Medium","Public","College",68,"21-30","3","2","3"
10,66,77,"Medium","Medium","High","Public","High School",62,"0-10","2","1","2"
17,85,84,"Medium","Medium","Medium","Public","College",67,"11-20","2","2","2"
13,77,58,"Medium","Low","Medium","Public","High School",66,"11-20","1","2","2"
21,85,50,"Low","Medium","High","Private","High School",65,"21-30","1","1","3"
26,90,98,"Medium","Low","Low","Private","Postgraduate",69,"21-30","3","2","3"
24,82,91,"Medium","High","Medium","Public","High School",70,"21-30","3","3","3"
6,85,70,"High","Low","Medium","Public","Postgraduate",64,"0-10","2","1","1"
32,97,73,"Medium","High","Medium","Public","College",75,"30+","2","3","4"
22,72,96,"High","Low","Medium","Private","College",66,"21-30","3","2","3"
15,74,60,"Low","Medium","Medium","Public","High School",62,"11-20","1","1","2"
21,89,90,"Low","High","Medium","Public","Postgraduate",70,"21-30","3","3","3"
21,84,51,"Medium","Medium","Medium","Public","High School",68,"21-30","1","2","3"
16,67,94,"High","Medium","Medium","Private","Postgraduate",66,"11-20","3","2","2"
21,75,79,"Medium","Low","Medium","Public","High School",65,"21-30","2","1","3"
16,79,74,"High","Medium","Medium","Private","Postgraduate",68,"11-20","2","2","2"
18,77,85,"Low","Medium","Medium","Public","Postgraduate",68,"11-20","2","2","2"
16,67,53,"Low","Medium","Medium","Private","High School",62,"11-20","1","1","2"
11,97,60,"Low","Low","Medium","Public","College",66,"11-20","1","2","2"
21,90,70,"Medium","Low","Medium","Public","Postgraduate",68,"21-30","2","2","3"
24,79,81,"High","High","Medium","Public","High School",69,"21-30","2","2","3"
23,87,57,"Medium","High","Medium","Public","High School",67,"21-30","1","2","3"
25,96,69,"Low","High","Medium","Public","Postgraduate",74,"21-30","2","3","3"
22,65,63,"Medium","Medium","Medium","Public","High School",61,"21-30","1","1","3"
17,70,82,"Low","High","High","Public","High School",64,"11-20","2","1","2"
25,82,96,"Medium","Low","Medium","Private","High School",69,"21-30","3","2","3"
12,92,58,"Low","Medium","Medium","Public","College",66,"11-20","1","2","2"
15,61,59,"High","Low","High","Public","High School",61,"11-20","1","1","2"
14,99,80,"High","Medium","Low","Private","College",71,"11-20","2","3","2"
26,78,73,"Medium","Low","Medium","Private","College",71,"21-30","2","3","3"
26,74,86,"Low","Low","High","Public","College",69,"21-30","2","2","3"
23,72,64,"Low","Low","Medium","Public","Postgraduate",66,"21-30","2","2","3"
26,67,77,"Low","Low","High","Private","High School",64,"21-30","2","1","3"
15,92,69,"Medium","High","Medium","Private","Postgraduate",68,"11-20","2","2","2"
22,98,64,"Low","Medium","High","Public","High School",71,"21-30","2","3","3"
19,77,86,"High","Medium","Low","Public","High School",66,"11-20","2","2","2"
25,98,90,"High","High","Low","Public","Postgraduate",94,"21-30","3","3","3"
19,93,66,"Low","Medium","Medium","Private","High School",68,"11-20","2","2","2"
18,79,81,"Medium","Medium","High","Private","College",66,"11-20","2","2","2"
23,87,59,"Medium","Medium","High","Public","High School",70,"21-30","1","3","3"
25,77,90,"Medium","Low","Medium","Public","High School",68,"21-30","3","2","3"
16,82,64,"Low","Medium","","Private","Postgraduate",65,"11-20","2","1","2"
20,62,59,"Low","Medium","Medium","Public","High School",64,"11-20","1","1","3"
14,88,97,"Medium","Low","Medium","Public","College",69,"11-20","3","2","2"
5,62,71,"Low","Low","Medium","Private","College",59,"0-10","2","1","1"
21,93,82,"Medium","Medium","High","Private","College",70,"21-30","2","3","3"
24,93,90,"High","High","Medium","Private","College",72,"21-30","3","3","3"
22,69,84,"Medium","Medium","Medium","Public","College",64,"21-30","2","1","3"
8,73,78,"High","Medium","High","Private","High School",63,"0-10","2","1","1"
18,79,69,"Medium","High","Low","Private","College",67,"11-20","2","2","2"
7,84,96,"Medium","Low","Low","Public","High School",62,"0-10","3","1","1"
28,71,57,"High","Low","High","Public","Postgraduate",69,"21-30","1","2","3"
13,84,94,"Medium","Medium","Medium","Public","High School",66,"11-20","3","2","2"
28,72,85,"High","Low","Medium","Private","High School",66,"21-30","2","2","3"
26,62,79,"Medium","Low","Medium","Public","College",63,"21-30","2","1","3"
15,60,66,"High","High","Medium","Public","High School",62,"11-20","2","1","2"
13,64,57,"Low","Low","Low","Public","High School",58,"11-20","1","1","2"
22,92,72,"Low","Medium","Medium","Private","College",67,"21-30","2","2","3"
15,98,89,"Low","Low","Low","Public","College",68,"11-20","3","2","2"
21,77,87,"Low","Low","Medium","Public","College",67,"21-30","2","2","3"
17,81,82,"Medium","Low","Medium","Private","College",67,"11-20","2","2","2"
9,66,100,"Low","Medium","Medium","Public","College",62,"0-10","3","1","1"
7,82,99,"Medium","Medium","High","Public","Postgraduate",66,"0-10","3","2","1"
21,66,70,"Medium","Low","High","Private","High School",65,"21-30","2","1","3"
17,84,60,"Medium","Low","Low","Private","College",67,"11-20","1","2","2"
17,97,73,"High","Medium","High","Private","College",69,"11-20","2","2","2"
24,68,92,"Low","Low","High","Public","High School",67,"21-30","3","2","3"
27,91,73,"Low","Low","Medium","Private","College",69,"21-30","2","2","3"
18,61,67,"Low","High","Medium","Public","High School",62,"11-20","2","1","2"
18,75,87,"Low","Low","Medium","Public","Postgraduate",67,"11-20","2","2","2"
23,64,83,"Medium","Medium","Medium","Public","High School",63,"21-30","2","1","3"
12,74,98,"High","Low","Medium","Public","College",65,"11-20","3","1","2"
21,67,77,"Medium","High","Low","Public","College",66,"21-30","2","2","3"
23,75,98,"Medium","Medium","High","Public","College",71,"21-30","3","3","3"
24,77,65,"High","Medium","High","Private","Postgraduate",70,"21-30","2","3","3"
8,72,93,"High","Medium","Medium","Public","High School",68,"0-10","3","2","1"
15,86,68,"High","Medium","Low","Public","High School",67,"11-20","2","2","2"
15,97,90,"High","High","High","Private","High School",71,"11-20","3","3","2"
21,76,96,"Medium","Low","Low","Public","High School",65,"21-30","3","1","3"
23,68,81,"Low","Low","Low","Public","Postgraduate",64,"21-30","2","1","3"
29,71,86,"Medium","Low","Medium","Public","College",69,"21-30","2","2","3"
17,94,98,"Low","Medium","High","Public","High School",68,"11-20","3","2","2"
17,83,69,"Low","Low","High","Public","College",67,"11-20","2","2","2"
27,78,76,"High","Medium","Medium","Private","Postgraduate",71,"21-30","2","3","3"
22,66,95,"Medium","Medium","Medium","Private","High School",64,"21-30","3","1","3"
28,78,84,"Medium","Low","Low","Public","College",69,"21-30","2","2","3"
22,71,94,"Medium","Medium","Medium","Public","High School",68,"21-30","3","2","3"
13,98,81,"Medium","Medium","Low","Private","Postgraduate",69,"11-20","2","2","2"
12,95,87,"Medium","Low","Medium","Public","High School",67,"11-20","2","2","2"
11,63,51,"High","Low","Low","Public","College",58,"11-20","1","1","2"
24,81,67,"High","Medium","High","Public","High School",66,"21-30","2","2","3"
27,69,89,"Low","High","High","Private","High School",69,"21-30","3","2","3"
31,76,70,"Low","Low","Medium","Public","College",70,"30+","2","3","4"
25,95,68,"Medium","Medium","High","Public","High School",70,"21-30","2","3","3"
27,81,98,"Medium","High","Medium","Public","High School",70,"21-30","3","3","3"
17,73,78,"Medium","Low","High","Public","Postgraduate",66,"11-20","2","2","2"
13,68,60,"Medium","Medium","Low","Private","College",61,"11-20","1","1","2"
25,92,74,"Medium","Low","High","Public","High School",71,"21-30","2","3","3"
23,85,76,"High","Low","Medium","Public","College",69,"21-30","2","2","3"
21,79,99,"Medium","Low","Medium","Public","Postgraduate",69,"21-30","3","2","3"
22,69,86,"Low","Medium","Medium","Public","High School",65,"21-30","2","1","3"
22,73,76,"High","Medium","Medium","Public","College",69,"21-30","2","2","3"
28,98,72,"Medium","Low","High","Private","College",74,"21-30","2","3","3"
28,81,96,"High","Low","Medium","Private","High School",71,"21-30","3","3","3"
23,76,82,"High","Medium","High","Private","College",68,"21-30","2","2","3"
25,81,68,"Low","Low","High","Public","College",69,"21-30","2","2","3"
23,91,73,"Medium","Medium","Medium","Public","High School",68,"21-30","2","2","3"
17,74,64,"Medium","Medium","Medium","Public","High School",63,"11-20","2","1","2"
25,67,98,"High","High","Medium","Public","High School",68,"21-30","3","2","3"
12,83,85,"Medium","Low","High","Private","College",67,"11-20","2","2","2"
26,87,70,"Low","Medium","Medium","Public","College",71,"21-30","2","3","3"
13,89,59,"Low","Low","High","Public","Postgraduate",66,"11-20","1","2","2"
22,95,59,"Medium","Low","Medium","Public","High School",69,"21-30","1","2","3"
15,75,74,"Medium","Medium","High","Public","College",68,"11-20","2","2","2"
23,63,73,"Low","Low","Medium","Public","College",63,"21-30","2","1","3"
20,98,71,"Medium","Low","Medium","Public","College",69,"11-20","2","2","3"
10,77,93,"Medium","Low","Medium","Public","College",66,"0-10","3","2","2"
23,85,99,"High","Low","High","Public","College",71,"21-30","3","3","3"
17,87,68,"Medium","Low","Low","Public","Postgraduate",68,"11-20","2","2","2"
25,82,65,"Medium","High","Medium","Private","High School",69,"21-30","2","2","3"
20,68,89,"Medium","Medium","High","Private","High School",65,"11-20","3","1","3"
22,90,72,"Medium","Low","Medium","Public","College",68,"21-30","2","2","3"
14,92,61,"High","Low","Medium","Private","College",67,"11-20","1","2","2"
16,82,59,"Medium","Medium","Medium","Public","High School",65,"11-20","1","1","2"
17,80,64,"Medium","Low","Medium","Private","Postgraduate",65,"11-20","2","1","2"
25,65,50,"Medium","Low","Medium","Public","College",64,"21-30","1","1","3"
30,63,97,"Medium","Low","High","Public","High School",69,"21-30","3","2","4"
15,74,72,"Low","Low","Medium","Public","High School",64,"11-20","2","1","2"
26,72,54,"Medium","High","High","Public","College",66,"21-30","1","2","3"
7,98,58,"Medium","Medium","Medium","Private","College",65,"0-10","1","1","1"
13,91,66,"Medium","Medium","Medium","Public","High School",69,"11-20","2","2","2"
14,86,78,"Medium","Medium","High","Private","High School",66,"11-20","2","2","2"
12,81,85,"High","Low","Medium","Private","High School",64,"11-20","2","1","2"
10,67,65,"Medium","Medium","High","Public","High School",61,"0-10","2","1","2"
22,99,98,"Low","Medium","Medium","Private","College",72,"21-30","3","3","3"
19,75,88,"Low","Medium","Medium","Private","Postgraduate",67,"11-20","3","2","2"
22,64,91,"Low","Low","Medium","Public","College",63,"21-30","3","1","3"
24,80,66,"High","Medium","Medium","Public","College",69,"21-30","2","2","3"
22,95,69,"High","Medium","Medium","Public","Postgraduate",70,"21-30","2","3","3"
24,95,77,"Low","Low","Medium","Public","High School",71,"21-30","2","3","3"
20,60,73,"Medium","Low","Low","Public","Postgraduate",60,"11-20","2","1","3"
13,95,63,"Medium","Medium","Medium","Private","Postgraduate",70,"11-20","1","3","2"
26,71,100,"Low","Low","High","Private","College",69,"21-30","3","2","3"
16,62,92,"Medium","Medium","Medium","Private","High School",63,"11-20","3","1","2"
14,94,62,"High","Medium","High","Private","Postgraduate",69,"11-20","1","2","2"
19,95,95,"High","Medium","High","Private","College",71,"11-20","3","3","2"
15,84,79,"Medium","Medium","High","Public","High School",68,"11-20","2","2","2"
17,83,51,"Low","Low","Medium","Public","High School",64,"11-20","1","1","2"
22,93,67,"Medium","Medium","Medium","Public","College",68,"21-30","2","2","3"
22,91,51,"High","High","Medium","Public","High School",69,"21-30","1","2","3"
15,96,54,"Low","Low","Medium","Public","College",65,"11-20","1","1","2"
17,82,59,"Medium","Medium","Medium","Public","College",68,"11-20","1","2","2"
26,99,74,"Medium","Medium","Medium","Private","College",74,"21-30","2","3","3"
23,100,69,"Low","Low","High","Public","Postgraduate",72,"21-30","2","3","3"
32,65,57,"Medium","High","Medium","Private","High School",67,"30+","1","2","4"
27,94,70,"Low","Medium","High","Public","High School",73,"21-30","2","3","3"
27,80,65,"High","High","Medium","Private","College",68,"21-30","2","2","3"
12,76,71,"Low","Medium","Medium","Public","High School",61,"11-20","2","1","2"
25,85,59,"Medium","Low","Medium","Public","High School",70,"21-30","1","3","3"
20,62,80,"High","Medium","High","Public","College",62,"11-20","2","1","3"
17,80,52,"High","Medium","Medium","Private","Postgraduate",67,"11-20","1","2","2"
21,95,69,"Medium","Low","High","Public","Postgraduate",69,"21-30","2","2","3"
26,69,95,"Low","Medium","Medium","Public","Postgraduate",93,"21-30","3","3","3"
23,77,71,"Low","Medium","Low","Private","High School",68,"21-30","2","2","3"
15,98,72,"Medium","Low","High","Public","College",69,"11-20","2","2","2"
24,77,53,"High","High","Medium","Public","College",68,"21-30","1","2","3"
16,74,80,"Low","Medium","Medium","Public","High School",64,"11-20","2","1","2"
21,78,97,"Medium","Medium","Medium","Public","High School",69,"21-30","3","2","3"
18,81,65,"Low","Low","Medium","Public","Postgraduate",66,"11-20","2","2","2"
19,85,70,"Low","High","Medium","Public","High School",68,"11-20","2","2","2"
25,92,79,"Medium","Medium","High","Public","College",72,"21-30","2","3","3"
14,78,55,"Low","Low","Medium","Private","High School",63,"11-20","1","1","2"
32,93,98,"Medium","Medium","Medium","Public","High School",73,"30+","3","3","4"
9,81,73,"Medium","Medium","Medium","Public","Postgraduate",65,"0-10","2","1","1"
16,74,56,"Low","Low","Medium","Private","High School",65,"11-20","1","1","2"
22,86,67,"Medium","High","Medium","Public","College",68,"21-30","2","2","3"
24,89,69,"Low","High","Medium","Public","College",70,"21-30","2","3","3"
19,82,67,"Medium","Low","Low","Public","Postgraduate",65,"11-20","2","1","2"
20,62,85,"Medium","Medium","Medium","Public","College",66,"11-20","2","2","3"
22,67,67,"High","Low","Medium","Private","College",66,"21-30","2","2","3"
19,71,66,"Low","Low","Medium","Public","",65,"11-20","2","1","2"
28,71,66,"Medium","Low","Medium","Private","College",69,"21-30","2","2","3"
25,87,89,"Medium","Low","Medium","Public","High School",69,"21-30","3","2","3"
25,61,65,"Medium","Medium","Medium","Private","High School",64,"21-30","2","1","3"
14,90,51,"Medium","Medium","Medium","Public","High School",66,"11-20","1","2","2"
20,71,68,"Medium","Low","Medium","Private","High School",63,"11-20","2","1","3"
18,72,64,"Medium","Low","Medium","Public","Postgraduate",68,"11-20","2","2","2"
14,81,95,"Low","Low","High","Public","High School",68,"11-20","3","2","2"
22,69,74,"High","Medium","Low","Public","College",65,"21-30","2","1","3"
17,95,62,"High","Medium","Medium","Private","High School",69,"11-20","1","2","2"
24,63,99,"Low","Low","High","Public","Postgraduate",66,"21-30","3","2","3"
14,78,62,"Medium","Low","Medium","Public","College",63,"11-20","1","1","2"
30,94,88,"Low","Low","Medium","Private","College",72,"21-30","3","3","4"
15,85,82,"High","Medium","Medium","Public","High School",67,"11-20","2","2","2"
21,72,73,"Medium","Medium","Medium","Public","High School",67,"21-30","2","2","3"
25,77,70,"Medium","Medium","Medium","Public","High School",68,"21-30","2","2","3"
17,88,94,"Medium","Medium","High","Public","High School",71,"11-20","3","3","2"
25,99,74,"Medium","Medium","High","Private","High School",73,"21-30","2","3","3"
13,96,69,"Medium","Medium","Low","Public","High School",68,"11-20","2","2","2"
29,74,68,"Medium","Medium","High","Public","High School",69,"21-30","2","2","3"
20,100,64,"Medium","Low","Medium","Public","High School",69,"11-20","2","2","3"
16,60,70,"Low","High","High","Private","High School",63,"11-20","2","1","2"
18,61,56,"Medium","Low","Medium","Public","High School",62,"11-20","1","1","2"
25,93,53,"Medium","High","Medium","Private","College",70,"21-30","1","3","3"
16,68,77,"Medium","High","Medium","Public","Postgraduate",66,"11-20","2","2","2"
16,62,73,"Low","High","Medium","Public","High School",62,"11-20","2","1","2"
19,69,59,"Low","Low","Low","Private","Postgraduate",64,"11-20","1","1","2"
13,77,55,"Low","Low","Medium","Private","College",63,"11-20","1","1","2"
31,89,57,"Medium","High","Low","Public","College",71,"30+","1","3","4"
17,85,66,"Medium","High","Medium","Public","Postgraduate",67,"11-20","2","2","2"
25,70,73,"Medium","Medium","Medium","Private","Postgraduate",67,"21-30","2","2","3"
21,80,60,"Medium","Medium","High","Public","College",67,"21-30","1","2","3"
14,97,88,"Medium","High","Medium","Public","Postgraduate",71,"11-20","3","3","2"
20,93,60,"High","Low","High","Public","High School",69,"11-20","1","2","3"
25,73,56,"Medium","High","Medium","Public","High School",93,"21-30","1","3","3"
19,99,100,"Medium","Low","Medium","Private","High School",72,"11-20","3","3","2"
27,88,72,"Medium","Low","High","Public","High School",71,"21-30","2","3","3"
26,62,59,"Medium","Medium","Medium","Public","High School",63,"21-30","1","1","3"
26,61,95,"Low","Medium","High","Public","Postgraduate",65,"21-30","3","1","3"
17,67,62,"Medium","Medium","Medium","Public","College",61,"11-20","1","1","2"
14,89,96,"Low","Low","High","Private","College",66,"11-20","3","2","2"
16,67,56,"Low","Low","Medium","Public","College",61,"11-20","1","1","2"
21,80,92,"Low","Medium","Medium","Public","High School",67,"21-30","3","2","3"
23,64,59,"Medium","Low","Medium","Public","High School",64,"21-30","1","1","3"
7,97,97,"Medium","Medium","High","Private","College",69,"0-10","3","2","1"
20,74,79,"Medium","High","","Public","College",64,"11-20","2","1","3"
21,96,59,"Low","High","Medium","Public","College",70,"21-30","1","3","3"
18,98,92,"Medium","Low","High","Private","High School",73,"11-20","3","3","2"
28,60,70,"Low","Low","Medium","Private","High School",63,"21-30","2","1","3"
23,79,87,"Medium","Low","High","Public","College",68,"21-30","2","2","3"
28,61,82,"Low","Medium","High","Public","College",64,"21-30","2","1","3"
19,96,86,"Medium","Medium","Medium","Public","High School",69,"11-20","2","2","2"
26,81,67,"Medium","Low","Medium","Public","College",69,"21-30","2","2","3"
30,63,97,"High","Low","High","Public","College",67,"21-30","3","2","4"
28,64,78,"Medium","Medium","High","Private","Postgraduate",69,"21-30","2","2","3"
13,75,54,"Medium","Low","Medium","Private","College",62,"11-20","1","1","2"
18,98,53,"Medium","High","Medium","Public","High School",66,"11-20","1","2","2"
18,88,87,"Medium","Medium","High","Public","Postgraduate",68,"11-20","2","2","2"
23,95,92,"High","Low","Medium","Public","High School",71,"21-30","3","3","3"
24,75,85,"Medium","Low","Medium","Public","Postgraduate",66,"21-30","2","2","3"
15,62,64,"High","Low","Medium","Public","College",62,"11-20","2","1","2"
20,99,61,"Low","High","Medium","Private","High School",68,"11-20","1","2","3"
8,61,78,"Medium","Medium","Medium","Private","High School",59,"0-10","2","1","1"
29,98,60,"Low","Low","Medium","Private","High School",70,"21-30","1","3","3"
17,75,69,"Medium","High","Medium","Public","High School",66,"11-20","2","2","2"
20,60,81,"Medium","Low","Medium","Public","College",65,"11-20","2","1","3"
18,88,64,"Low","Medium","Low","Public","College",66,"11-20","2","2","2"
27,99,69,"Medium","Medium","Low","Public","Postgraduate",73,"21-30","2","3","3"
3,99,68,"Medium","High","Medium","Private","High School",65,"0-10","2","1","1"
20,66,73,"Medium","High","Low","Public","High School",65,"11-20","2","1","3"
19,67,84,"Low","Medium","Medium","Public","",64,"11-20","2","1","2"
17,83,89,"High","Low","Medium","Public","Postgraduate",69,"11-20","3","2","2"
30,85,83,"Low","High","High","Public","Postgraduate",74,"21-30","2","3","4"
15,90,51,"High","High","Medium","Public","High School",68,"11-20","1","2","2"
25,67,95,"Medium","Medium","Medium","Public","Postgraduate",65,"21-30","3","1","3"
22,98,79,"Medium","High","Medium","Public","High School",72,"21-30","2","3","3"
28,86,96,"Medium","Medium","Low","Public","High School",71,"21-30","3","3","3"
16,94,98,"Medium","Low","Medium","Public","High School",69,"11-20","3","2","2"
16,82,73,"Low","Low","High","Public","College",67,"11-20","2","2","2"
27,77,96,"Low","Medium","High","Public","Postgraduate",71,"21-30","3","3","3"
23,99,68,"High","Medium","Medium","Public","College",68,"21-30","2","2","3"
11,83,63,"High","High","Medium","Public","",63,"11-20","1","1","2"
17,95,54,"Low","High","High","Public","College",69,"11-20","1","2","2"
22,98,73,"Medium","Low","Low","Public","College",68,"21-30","2","2","3"
25,87,84,"Low","High","Medium","Public","College",73,"21-30","2","3","3"
16,82,99,"Medium","High","Medium","Public","High School",69,"11-20","3","2","2"
3,60,76,"Medium","Medium","High","Private","High School",58,"0-10","2","1","1"
23,62,87,"Medium","High","Low","Private","High School",65,"21-30","2","1","3"
13,68,95,"Medium","Low","Low","Private","High School",63,"11-20","3","1","2"
8,67,77,"Low","Medium","High","Public","College",59,"0-10","2","1","1"
3,70,58,"Medium","Medium","Medium","Private","High School",58,"0-10","1","1","1"
25,72,92,"High","Low","Medium","Private","High School",66,"21-30","3","2","3"
21,74,79,"Medium","Low","High","Private","High School",67,"21-30","2","2","3"
19,77,88,"Medium","Low","Medium","Public","College",67,"11-20","3","2","2"
28,64,83,"Low","High","Medium","Private","High School",67,"21-30","2","2","3"
24,62,53,"Medium","Medium","Medium","Public","Postgraduate",65,"21-30","1","1","3"
30,87,58,"High","Low","Medium","Public","College",71,"21-30","1","3","4"
12,81,64,"High","High","Medium","Public","High School",66,"11-20","2","2","2"
20,78,64,"Medium","High","Medium","Private","High School",68,"11-20","2","2","3"
10,85,92,"Medium","Low","High","Private","High School",65,"0-10","3","1","2"
19,93,80,"Medium","Medium","Medium","Private","College",71,"11-20","2","3","2"
19,77,54,"Low","Low","Medium","Private","High School",64,"11-20","1","1","2"
24,86,69,"High","Medium","High","Public","Postgraduate",72,"21-30","2","3","3"
20,98,78,"Low","High","High","Public","High School",69,"11-20","2","2","3"
24,94,63,"Medium","Low","High","Public","High School",70,"21-30","1","3","3"
24,77,52,"Medium","Medium","Medium","Private","High School",66,"21-30","1","2","3"
33,86,69,"Medium","Medium","Medium","Public","College",70,"30+","2","3","4"
18,67,73,"Low","Medium","Medium","Private","Postgraduate",62,"11-20","2","1","2"
14,82,95,"Medium","Low","Medium","Private","Postgraduate",66,"11-20","3","2","2"
21,99,95,"Low","Low","Medium","Public","High School",70,"21-30","3","3","3"
15,81,75,"Low","Medium","High","Public","Postgraduate",63,"11-20","2","1","2"
29,97,74,"Medium","Medium","Low","Public","High School",73,"21-30","2","3","3"
18,76,82,"High","Medium","High","Public","Postgraduate",70,"11-20","2","3","2"
17,100,63,"Low","Low","Medium","Private","High School",71,"11-20","1","3","2"
17,83,64,"Medium","Medium","Medium","Private","High School",65,"11-20","2","1","2"
24,62,50,"Medium","High","High","Private","Postgraduate",64,"21-30","1","1","3"
19,83,54,"Medium","Low","Medium","Private","High School",66,"11-20","1","2","2"
16,71,59,"High","Low","High","Public","Postgraduate",82,"11-20","1","3","2"
30,61,82,"Low","Low","High","Public","Postgraduate",68,"21-30","2","2","4"
15,93,61,"High","Medium","Medium","Public","High School",67,"11-20","1","2","2"
20,71,56,"High","Medium","Medium","Private","College",68,"11-20","1","2","3"
24,92,81,"Medium","Low","Medium","Private","High School",69,"21-30","2","2","3"
10,72,83,"Medium","Medium","Medium","Public","High School",63,"0-10","2","1","2"
23,68,53,"High","High","Medium","Public","High School",66,"21-30","1","2","3"
14,99,89,"High","Medium","Medium","Private","Postgraduate",68,"11-20","3","2","2"
25,74,80,"Medium","Medium","Medium","Public","College",71,"21-30","2","3","3"
14,84,70,"High","High","Medium","Public","College",69,"11-20","2","2","2"
24,84,99,"Medium","Medium","High","Public","Postgraduate",70,"21-30","3","3","3"
27,82,51,"High","High","Medium","Public","College",70,"21-30","1","3","3"
25,97,77,"Low","Low","High","Private","Postgraduate",73,"21-30","2","3","3"
22,87,58,"Medium","Low","Medium","Private","High School",68,"21-30","1","2","3"
19,76,66,"Medium","High","Medium","Public","High School",65,"11-20","2","1","2"
17,94,57,"Medium","Medium","High","Public","High School",72,"11-20","1","3","2"
29,67,83,"Medium","Low","Medium","Private","High School",67,"21-30","2","2","3"
16,82,70,"High","Low","High","Public","College",68,"11-20","2","2","2"
14,98,99,"Low","High","Medium","Public","High School",69,"11-20","3","2","2"
24,85,83,"Low","Medium","High","Public","College",70,"21-30","2","3","3"
15,93,96,"Medium","Medium","Medium","Public","High School",69,"11-20","3","2","2"
14,86,62,"Medium","Medium","Medium","Private","High School",68,"11-20","1","2","2"
11,94,66,"Medium","Low","High","Private","High School",65,"11-20","2","1","2"
17,98,68,"Medium","Low","Medium","Public","College",70,"11-20","2","3","2"
20,71,92,"High","Low","Medium","Private","College",65,"11-20","3","1","3"
21,67,61,"Medium","Low","Medium","Private","High School",61,"21-30","1","1","3"
26,79,97,"Medium","High","Medium","Private","High School",69,"21-30","3","2","3"
23,88,52,"Medium","Medium","Low","Public","High School",67,"21-30","1","2","3"
19,69,94,"Medium","Low","High","Public","High School",65,"11-20","3","1","2"
19,60,73,"High","Medium","Low","Private","High School",63,"11-20","2","1","2"
23,74,76,"Medium","Medium","High","Private","High School",67,"21-30","2","2","3"
28,99,100,"Medium","Medium","Medium","Private","High School",76,"21-30","3","3","3"
21,88,94,"Medium","Medium","High","Public","College",70,"21-30","3","3","3"
17,76,95,"Low","Low","Medium","Private","Postgraduate",67,"11-20","3","2","2"
14,68,79,"Low","Low","Medium","Private","College",66,"11-20","2","2","2"
11,74,98,"Low","Low","Medium","Public","High School",65,"11-20","3","1","2"
24,67,84,"High","Low","Medium","Public","College",65,"21-30","2","1","3"
23,64,91,"Medium","Low","Medium","Public","High School",63,"21-30","3","1","3"
23,96,86,"Medium","Medium","High","Public","",74,"21-30","2","3","3"
19,100,89,"High","High","Low","Private","College",72,"11-20","3","3","2"
28,67,82,"Low","High","Low","Public","High School",68,"21-30","2","2","3"
17,62,86,"High","Medium","Medium","Public","High School",62,"11-20","2","1","2"
26,73,72,"Medium","Low","Low","Private","College",65,"21-30","2","1","3"
20,78,85,"Medium","High","High","Private","High School",69,"11-20","2","2","3"
16,68,64,"Medium","High","Low","Public","High School",61,"11-20","2","1","2"
24,72,82,"High","Medium","Medium","Private","High School",67,"21-30","2","2","3"
22,68,76,"Medium","Medium","Medium","Public","High School",66,"21-30","2","2","3"
22,91,95,"Medium","Low","High","Private","High School",70,"21-30","3","3","3"
20,89,84,"Low","High","Medium","Public","Postgraduate",72,"11-20","2","3","3"
20,85,80,"Medium","Low","Medium","Private","Postgraduate",69,"11-20","2","2","3"
34,75,66,"Medium","Low","Medium","Private","High School",68,"30+","2","2","4"
27,96,93,"Medium","Medium","Medium","Public","College",74,"21-30","3","3","3"
24,99,53,"High","Low","Medium","Private","High School",70,"21-30","1","3","3"
21,67,95,"High","Medium","Medium","Private","High School",67,"21-30","3","2","3"
26,69,83,"Medium","Medium","High","Private","High School",68,"21-30","2","2","3"
23,81,59,"Medium","High","High","Private","Postgraduate",69,"21-30","1","2","3"
20,64,95,"Medium","Medium","Medium","Public","High School",66,"11-20","3","2","3"
18,77,66,"High","Medium","High","Public","College",66,"11-20","2","2","2"
20,83,58,"Medium","Medium","Medium","Public","High School",68,"11-20","1","2","3"
1,81,66,"Medium","Low","Medium","Public","College",60,"0-10","2","1","1"
21,73,98,"High","High","High","Public","Postgraduate",69,"21-30","3","2","3"
17,82,88,"Medium","Medium","Medium","Public","High School",66,"11-20","3","2","2"
30,98,96,"Medium","Medium","Medium","Private","Postgraduate",77,"21-30","3","3","4"
20,68,65,"Low","High","Medium","Public","College",63,"11-20","2","1","3"
13,86,54,"Medium","High","High","Public","College",66,"11-20","1","2","2"
20,62,78,"Medium","High","Medium","Private","High School",64,"11-20","2","1","3"
14,63,74,"Medium","Low","Medium","Private","Postgraduate",63,"11-20","2","1","2"
23,82,86,"Medium","High","Medium","Public","High School",68,"21-30","2","2","3"
22,64,77,"Medium","High","Medium","Private","College",65,"21-30","2","1","3"
26,61,70,"Low","Medium","Medium","Private","Postgraduate",65,"21-30","2","1","3"
15,67,50,"Low","Medium","","Public","College",64,"11-20","1","1","2"
20,83,73,"Medium","High","Medium","Public","College",68,"11-20","2","2","3"
12,88,56,"Medium","Low","High","Private","High School",62,"11-20","1","1","2"
24,68,96,"Medium","Low","High","Public","High School",67,"21-30","3","2","3"
23,87,96,"High","Medium","Medium","Private","College",73,"21-30","3","3","3"
23,67,90,"Medium","High","Medium","Private","High School",69,"21-30","3","2","3"
20,85,58,"Low","Low","Medium","Private","Postgraduate",65,"11-20","1","1","3"
22,76,57,"Medium","Medium","High","Private","High School",66,"21-30","1","2","3"
30,86,78,"Medium","Medium","Low","Public","College",73,"21-30","2","3","4"
18,100,86,"Medium","Medium","Medium","Public","High School",72,"11-20","2","3","2"
21,98,95,"Low","High","Low","Public","High School",72,"21-30","3","3","3"
13,60,95,"Medium","Low","Medium","Private","High School",61,"11-20","3","1","2"
15,95,58,"Low","Low","High","Private","High School",69,"11-20","1","2","2"
21,63,100,"Medium","High","Medium","Private","Postgraduate",66,"21-30","3","2","3"
27,98,58,"Medium","High","Medium","Public","Postgraduate",74,"21-30","1","3","3"
18,71,92,"Medium","Low","Medium","Public","College",64,"11-20","3","1","2"
19,75,79,"Medium","Medium","Medium","Public","High School",66,"11-20","2","2","2"
18,64,84,"Medium","Medium","Medium","Public","College",64,"11-20","2","1","2"
17,64,80,"Low","Medium","Medium","Private","High School",66,"11-20","2","2","2"
22,89,93,"Medium","High","Low","Private","High School",72,"21-30","3","3","3"
11,98,82,"High","Medium","Medium","Private","Postgraduate",71,"11-20","2","3","2"
28,84,92,"Medium","Medium","Medium","Public","High School",70,"21-30","3","3","3"
16,89,58,"Low","Low","Medium","Public","College",67,"11-20","1","2","2"
24,90,93,"Low","Low","High","Public","Postgraduate",71,"21-30","3","3","3"
12,71,100,"Medium","High","Medium","Public","College",63,"11-20","3","1","2"
24,62,83,"Low","Medium","Low","Public","College",64,"21-30","2","1","3"
24,60,99,"Medium","Low","Low","Public","High School",64,"21-30","3","1","3"
22,74,61,"Medium","Low","Medium","Public","Postgraduate",65,"21-30","1","1","3"
14,70,91,"High","Medium","Medium","Public","High School",65,"11-20","3","1","2"
21,62,58,"Medium","Low","High","Private","College",62,"21-30","1","1","3"
13,67,76,"Medium","Low","Medium","Private","High School",65,"11-20","2","1","2"
18,65,83,"Low","Medium","High","Private","High School",64,"11-20","2","1","2"
26,97,83,"Low","Low","Medium","Public","Postgraduate",74,"21-30","2","3","3"
25,66,84,"Low","High","Medium","Public","High School",67,"21-30","2","2","3"
20,82,66,"Low","High","Medium","Public","Postgraduate",66,"11-20","2","2","3"
14,84,99,"Medium","Medium","High","Public","Postgraduate",70,"11-20","3","3","2"
24,82,50,"Medium","Medium","Medium","Public","Postgraduate",68,"21-30","1","2","3"
20,64,81,"Medium","High","High","Public","",64,"11-20","2","1","3"
6,73,93,"Low","Low","Medium","Private","High School",58,"0-10","3","1","1"
25,62,95,"Low","High","Medium","Public","College",65,"21-30","3","1","3"
20,76,86,"Medium","Medium","Medium","Public","High School",68,"11-20","2","2","3"
27,68,79,"Medium","Low","High","Private","Postgraduate",64,"21-30","2","1","3"
13,82,73,"Low","Low","Medium","Public","High School",66,"11-20","2","2","2"
1,88,72,"High","Medium","Medium","Private","College",92,"0-10","2","3","1"
22,81,71,"Medium","High","Low","Public","High School",69,"21-30","2","2","3"
22,77,85,"Low","Low","Medium","Public","College",68,"21-30","2","2","3"
10,75,87,"Low","Medium","Medium","Public","High School",63,"0-10","2","1","2"
14,94,76,"Medium","Low","Low","Public","High School",64,"11-20","2","1","2"
37,69,87,"Medium","Low","Medium","Public","College",68,"30+","2","2","4"
18,89,76,"High","Low","Medium","Public","High School",67,"11-20","2","2","2"
24,90,55,"Medium","High","Medium","Public","Postgraduate",68,"21-30","1","2","3"
16,77,93,"Medium","Low","Medium","Public","",66,"11-20","3","2","2"
7,72,94,"Medium","Medium","Medium","Private","Postgraduate",66,"0-10","3","2","1"
19,79,63,"Medium","Low","High","Public","High School",68,"11-20","1","2","2"
18,64,89,"Low","Medium","High","Private","High School",64,"11-20","3","1","2"
18,62,76,"Medium","Medium","Medium","Private","College",63,"11-20","2","1","2"
19,64,56,"Medium","Low","Medium","Private","High School",62,"11-20","1","1","2"
22,67,70,"High","Low","Medium","Private","High School",66,"21-30","2","2","3"
19,80,54,"Medium","Low","Medium","Public","Postgraduate",65,"11-20","1","1","2"
12,94,89,"Medium","Low","Low","Private","High School",66,"11-20","3","2","2"
23,69,60,"Medium","Low","High","Private","High School",66,"21-30","1","2","3"
8,97,58,"High","High","Medium","Public","College",69,"0-10","1","2","1"
8,98,60,"Medium","High","High","Private","Postgraduate",67,"0-10","1","2","1"
24,98,61,"Medium","Medium","High","Private","High School",75,"21-30","1","3","3"
23,94,84,"High","Low","High","Public","Postgraduate",73,"21-30","2","3","3"
20,75,82,"High","Low","Low","Public","College",66,"11-20","2","2","3"
12,63,56,"Low","Medium","Medium","Public","College",61,"11-20","1","1","2"
16,83,86,"Medium","Low","High","Private","High School",68,"11-20","2","2","2"
18,82,67,"High","Medium","High","Public","College",67,"11-20","2","2","2"
10,94,73,"Medium","Medium","Medium","Public","High School",66,"0-10","2","2","2"
16,100,56,"Medium","High","Medium","Public","High School",69,"11-20","1","2","2"
24,80,85,"Low","Low","Medium","Public","High School",69,"21-30","2","2","3"
29,74,69,"Medium","Low","High","Private","College",67,"21-30","2","2","3"
17,67,82,"Medium","Medium","Medium","Public","High School",65,"11-20","2","1","2"
25,60,71,"Low","High","Medium","Public","High School",63,"21-30","2","1","3"
9,80,52,"Low","High","Medium","Public","Postgraduate",63,"0-10","1","1","1"
24,82,85,"Low","Low","Medium","Public","High School",66,"21-30","2","2","3"
15,93,78,"Low","Medium","Medium","Public","High School",66,"11-20","2","2","2"
22,80,72,"Low","Medium","Medium","Public","College",69,"21-30","2","2","3"
19,97,60,"High","Medium","Medium","Public","Postgraduate",72,"11-20","1","3","2"
28,85,81,"Low","Low","Medium","Public","High School",70,"21-30","2","3","3"
15,94,64,"Medium","Low","Medium","Public","College",68,"11-20","2","2","2"
24,66,71,"Low","Low","High","Public","High School",66,"21-30","2","2","3"
18,94,53,"Medium","Low","Medium","Public","College",67,"11-20","1","2","2"
19,87,89,"Medium","Low","Low","Public","Postgraduate",68,"11-20","3","2","2"
19,67,55,"Medium","Medium","High","Private","High School",62,"11-20","1","1","2"
15,68,95,"High","Medium","Medium","Private","College",64,"11-20","3","1","2"
20,97,93,"Low","High","High","Public","College",71,"11-20","3","3","3"
20,61,99,"Medium","Medium","High","Public","College",65,"11-20","3","1","3"
21,79,95,"High","Medium","Medium","Public","Postgraduate",69,"21-30","3","2","3"
21,73,99,"Medium","Low","Medium","Public","High School",65,"21-30","3","1","3"
25,87,94,"High","Medium","High","Public","High School",71,"21-30","3","3","3"
26,94,56,"Low","High","Medium","Public","College",69,"21-30","1","2","3"
14,74,72,"High","Medium","Medium","Private","College",65,"11-20","2","1","2"
25,77,54,"Medium","Medium","Medium","Public","College",66,"21-30","1","2","3"
13,99,77,"Low","Medium","High","Private","College",68,"11-20","2","2","2"
24,91,76,"Medium","Medium","Medium","Private","High School",72,"21-30","2","3","3"
24,96,96,"Medium","Medium","Medium","Public","High School",74,"21-30","3","3","3"
9,78,98,"Low","Low","Medium","Public","High School",64,"0-10","3","1","1"
21,69,63,"Medium","Medium","Medium","Public","High School",64,"21-30","1","1","3"
17,76,79,"Low","Low","Medium","Public","Postgraduate",63,"11-20","2","1","2"
15,89,73,"High","Low","Low","Private","High School",66,"11-20","2","2","2"
28,64,77,"Medium","High","Medium","Public","High School",67,"21-30","2","2","3"
16,71,77,"Low","Medium","Medium","Public","College",64,"11-20","2","1","2"
15,62,96,"Low","Medium","High","Private","High School",62,"11-20","3","1","2"
20,77,95,"High","Medium","","Public","High School",66,"11-20","3","2","3"
24,93,56,"Low","Low","High","Public","Postgraduate",71,"21-30","1","3","3"
19,61,67,"Low","Medium","Medium","Public","Postgraduate",63,"11-20","2","1","2"
27,87,88,"Medium","Low","High","Public","College",72,"21-30","3","3","3"
23,97,84,"Low","High","Medium","Public","High School",71,"21-30","2","3","3"
7,69,82,"Low","Medium","High","Private","Postgraduate",61,"0-10","2","1","1"
17,88,100,"Medium","Low","High","Public","Postgraduate",71,"11-20","3","3","2"
17,99,67,"Low","Medium","Medium","Private","Postgraduate",69,"11-20","2","2","2"
23,98,76,"Low","Low","High","Public","",74,"21-30","2","3","3"
4,69,99,"Medium","Medium","High","Public","High School",61,"0-10","3","1","1"
35,64,85,"High","Medium","High","Private","High School",68,"30+","2","2","4"
23,66,82,"High","Medium","Medium","Public","High School",67,"21-30","2","2","3"
21,88,58,"Medium","High","Medium","Private","College",70,"21-30","1","3","3"
27,89,62,"Medium","Low","Medium","Public","High School",69,"21-30","1","2","3"
34,87,69,"High","Low","Medium","Private","College",72,"30+","2","3","4"
25,73,73,"Medium","Medium","Medium","Public","High School",66,"21-30","2","2","3"
26,67,75,"Medium","Medium","Medium","Public","High School",67,"21-30","2","2","3"
21,83,95,"High","High","High","Public","High School",70,"21-30","3","3","3"
19,79,55,"Medium","Medium","Medium","Private","Postgraduate",68,"11-20","1","2","2"
17,89,62,"High","Medium","Medium","Private","College",68,"11-20","1","2","2"
15,78,57,"High","Medium","High","Public","High School",65,"11-20","1","1","2"
16,74,87,"Medium","Low","Low","Public","College",63,"11-20","2","1","2"
12,72,99,"High","Low","Medium","Public","College",62,"11-20","3","1","2"
20,68,95,"Medium","Low","Medium","Public","High School",66,"11-20","3","2","3"
10,71,86,"Medium","Medium","Low","Public","Postgraduate",62,"0-10","2","1","2"
21,64,51,"Low","High","Low","Public","College",61,"21-30","1","1","3"
20,74,67,"High","Medium","Medium","Private","College",63,"11-20","2","1","3"
21,61,93,"Low","Medium","High","Private","",65,"21-30","3","1","3"
17,67,83,"High","Low","Medium","Public","High School",64,"11-20","2","1","2"
38,90,60,"Low","Low","Medium","Public","College",74,"30+","1","3","4"
28,73,73,"Medium","High","High","Public","Postgraduate",70,"21-30","2","3","3"
13,87,54,"Low","Low","Medium","Public","",63,"11-20","1","1","2"
21,89,76,"Medium","High","Medium","Public","High School",68,"21-30","2","2","3"
16,83,95,"Medium","Low","High","Public","College",69,"11-20","3","2","2"
14,98,52,"High","Medium","High","Private","",70,"11-20","1","3","2"
12,61,81,"Medium","High","Medium","Public","College",62,"11-20","2","1","2"
23,90,62,"Medium","Medium","Low","Private","Postgraduate",71,"21-30","1","3","3"
16,98,100,"Low","Low","Medium","Public","",69,"11-20","3","2","2"
26,94,53,"Low","Low","High","Public","High School",69,"21-30","1","2","3"
26,67,81,"High","Low","High","Public","College",68,"21-30","2","2","3"
28,73,63,"Low","Low","Medium","Public","High School",65,"21-30","1","1","3"
15,67,94,"High","Medium","Medium","Private","High School",65,"11-20","3","1","2"
23,84,56,"Low","Medium","High","Public","High School",65,"21-30","1","1","3"
24,88,71,"Medium","High","High","Public","High School",72,"21-30","2","3","3"
17,73,59,"High","Low","High","Private","High School",63,"11-20","1","1","2"
15,82,90,"High","High","Medium","Public","High School",68,"11-20","3","2","2"
30,88,68,"Low","Medium","High","Public","College",72,"21-30","2","3","4"
21,77,59,"Medium","Low","Medium","Private","High School",66,"21-30","1","2","3"
24,94,86,"High","Low","Medium","Public","College",71,"21-30","2","3","3"
15,91,91,"Low","Medium","Medium","Public","College",67,"11-20","3","2","2"
13,63,73,"Low","Low","High","Public","Postgraduate",61,"11-20","2","1","2"
17,85,69,"Medium","Low","High","Private","High School",70,"11-20","2","3","2"
19,69,82,"Low","Low","","Public","College",64,"11-20","2","1","2"
14,82,83,"Medium","Medium","Medium","Public","High School",64,"11-20","2","1","2"
20,98,83,"Medium","Low","Medium","Public","High School",68,"11-20","2","2","3"
10,95,64,"High","Low","Medium","Private","Postgraduate",70,"0-10","2","3","2"
13,76,97,"High","Low","Low","Public","College",65,"11-20","3","1","2"
24,72,61,"Medium","Low","Medium","Private","High School",67,"21-30","1","2","3"
24,69,69,"Medium","Low","High","Private","College",65,"21-30","2","1","3"
18,81,64,"Medium","Medium","Medium","Public","High School",65,"11-20","2","1","2"
14,65,97,"Low","Low","High","Public","High School",65,"11-20","3","1","2"
14,82,91,"High","Low","Medium","Public","High School",66,"11-20","3","2","2"
18,60,91,"Low","Low","Medium","Public","High School",62,"11-20","3","1","2"
24,73,50,"Low","Low","Medium","Public","High School",63,"21-30","1","1","3"
26,69,84,"Medium","Medium","Medium","Private","High School",63,"21-30","2","1","3"
17,99,62,"Medium","Medium","Medium","Private","High School",70,"11-20","1","3","2"
13,89,98,"Medium","Medium","Medium","Private","High School",67,"11-20","3","2","2"
22,74,77,"Low","High","Medium","Private","High School",66,"21-30","2","2","3"
15,64,78,"Medium","Low","Medium","Public","High School",63,"11-20","2","1","2"
17,81,68,"High","Low","Low","Private","College",66,"11-20","2","2","2"
28,69,77,"Medium","Medium","Medium","Public","College",67,"21-30","2","2","3"
25,81,87,"Low","Low","High","Private","Postgraduate",68,"21-30","2","2","3"
21,93,78,"Low","Medium","Low","Public","High School",67,"21-30","2","2","3"
12,85,82,"Medium","High","Medium","Public","High School",66,"11-20","2","2","2"
21,85,74,"Medium","Medium","Medium","Public","High School",71,"21-30","2","3","3"
26,82,86,"Medium","Low","High","Public","Postgraduate",69,"21-30","2","2","3"
18,97,95,"High","Medium","Medium","Public","Postgraduate",72,"11-20","3","3","2"
28,97,53,"Low","Low","Medium","Private","College",70,"21-30","1","3","3"
28,81,55,"Medium","Medium","Low","Private","High School",68,"21-30","1","2","3"
30,72,84,"Medium","Low","High","Private","High School",68,"21-30","2","2","4"
22,78,69,"High","Low","Medium","Public","High School",67,"21-30","2","2","3"
24,67,64,"Low","Low","Medium","Public","College",62,"21-30","2","1","3"
28,85,59,"Low","Low","Medium","Public","Postgraduate",67,"21-30","1","2","3"
23,80,79,"Medium","Medium","High","Public","Postgraduate",69,"21-30","2","2","3"
17,64,67,"Medium","Low","Medium","Public","College",64,"11-20","2","1","2"
17,68,75,"Medium","Low","High","Private","College",66,"11-20","2","2","2"
21,79,98,"High","Low","Medium","Public","High School",69,"21-30","3","2","3"
12,96,88,"High","Medium","Medium","Private","College",70,"11-20","3","3","2"
19,83,90,"Low","Low","Medium","Public","College",69,"11-20","3","2","2"
27,87,56,"Medium","Medium","High","Public","Postgraduate",72,"21-30","1","3","3"
7,74,66,"Low","Low","High","Private","High School",61,"0-10","2","1","1"
29,83,55,"High","Low","Low","Private","High School",68,"21-30","1","2","3"
27,78,98,"Low","Medium","Medium","Public","High School",68,"21-30","3","2","3"
17,86,84,"High","Medium","Medium","Private","High School",66,"11-20","2","2","2"
23,62,51,"Medium","High","Medium","Public","College",65,"21-30","1","1","3"
20,80,74,"Medium","Low","Low","Public","College",66,"11-20","2","2","3"
27,72,63,"Medium","High","Medium","Private","College",67,"21-30","1","2","3"
26,73,77,"Medium","Medium","High","Private","College",68,"21-30","2","2","3"
12,98,59,"Low","High","Medium","Public","Postgraduate",67,"11-20","1","2","2"
24,67,53,"Medium","Medium","Medium","Public","College",63,"21-30","1","1","3"
19,72,66,"Medium","Medium","High","Private","Postgraduate",64,"11-20","2","1","2"
20,80,65,"High","Medium","Medium","Private","College",66,"11-20","2","2","3"
16,95,86,"Medium","Low","Low","Public","High School",69,"11-20","2","2","2"
30,77,74,"Medium","High","Medium","Private","Postgraduate",70,"21-30","2","3","4"
26,90,65,"High","Medium","High","Private","High School",72,"21-30","2","3","3"
16,94,79,"High","High","","Public","High School",71,"11-20","2","3","2"
12,72,54,"Low","Low","Medium","Public","Postgraduate",63,"11-20","1","1","2"
18,76,83,"Medium","High","Medium","Public","High School",68,"11-20","2","2","2"
23,74,57,"Low","High","High","Private","College",67,"21-30","1","2","3"
21,93,64,"Medium","Low","Medium","Public","Postgraduate",69,"21-30","2","2","3"
28,62,64,"High","Low","Medium","Private","Postgraduate",65,"21-30","2","1","3"
25,72,73,"High","Medium","High","Public","College",69,"21-30","2","2","3"
26,87,98,"High","Medium","High","Public","College",71,"21-30","3","3","3"
22,83,66,"Medium","Medium","Medium","Private","High School",67,"21-30","2","2","3"
12,77,64,"Low","High","High","Public","College",64,"11-20","2","1","2"
19,82,58,"Low","Medium","High","Private","College",68,"11-20","1","2","2"
26,68,70,"Medium","Low","Medium","Public","College",67,"21-30","2","2","3"
20,77,59,"Low","High","Medium","Public","High School",62,"11-20","1","1","3"
23,80,57,"Low","Medium","High","Public","Postgraduate",68,"21-30","1","2","3"
18,96,93,"Medium","Medium","High","Public","College",72,"11-20","3","3","2"
14,70,53,"Low","Medium","Medium","Public","High School",61,"11-20","1","1","2"
19,95,86,"Medium","High","Medium","Public","High School",67,"11-20","2","2","2"
22,86,60,"High","High","High","Public","Postgraduate",70,"21-30","1","3","3"
16,61,51,"Low","Low","Medium","Public","High School",59,"11-20","1","1","2"
19,89,90,"High","Low","High","Private","College",70,"11-20","3","3","2"
14,61,85,"High","Low","Medium","Public","High School",60,"11-20","2","1","2"
27,100,67,"Medium","High","High","Public","College",74,"21-30","2","3","3"
18,95,54,"High","Medium","High","Private","College",68,"11-20","1","2","2"
29,72,68,"Low","Low","Medium","Public","College",67,"21-30","2","2","3"
29,70,59,"High","Medium","Medium","Private","Postgraduate",67,"21-30","1","2","3"
20,75,97,"High","Medium","Medium","Public","College",66,"11-20","3","2","3"
14,74,76,"High","Low","High","Public","High School",63,"11-20","2","1","2"
7,75,98,"Low","Low","High","Public","College",62,"0-10","3","1","1"
11,73,68,"High","Low","High","Private","College",64,"11-20","2","1","2"
12,85,78,"High","Medium","Medium","Public","College",68,"11-20","2","2","2"
28,67,60,"High","Medium","Medium","Public","High School",65,"21-30","1","1","3"
21,94,90,"Low","Medium","Medium","Public","Postgraduate",71,"21-30","3","3","3"
22,92,52,"Low","Medium","Medium","Private","Postgraduate",68,"21-30","1","2","3"
7,79,85,"Medium","Medium","Medium","Public","High School",62,"0-10","2","1","1"
13,94,70,"Medium","Medium","Medium","Private","High School",68,"11-20","2","2","2"
25,70,79,"Low","High","Medium","Public","High School",68,"21-30","2","2","3"
22,61,80,"High","Medium","High","Public","Postgraduate",67,"21-30","2","2","3"
19,85,86,"Medium","Low","Medium","Public","College",67,"11-20","2","2","2"
23,78,60,"Medium","High","High","Public","High School",70,"21-30","1","3","3"
30,83,77,"Medium","Low","Medium","Public","High School",69,"21-30","2","2","4"
19,96,71,"Medium","Low","High","Private","Postgraduate",70,"11-20","2","3","2"
20,99,64,"Low","High","Medium","Public","High School",69,"11-20","2","2","3"
21,85,75,"Low","High","High","Public","High School",70,"21-30","2","3","3"
34,91,98,"Medium","Medium","Medium","Public","",72,"30+","3","3","4"
7,63,97,"Medium","Low","Medium","Public","High School",59,"0-10","3","1","1"
24,66,64,"Medium","Medium","High","Public","High School",64,"21-30","2","1","3"
19,89,94,"Medium","High","Medium","Private","College",72,"11-20","3","3","2"
23,77,94,"Medium","High","Medium","Private","Postgraduate",70,"21-30","3","3","3"
16,78,62,"Medium","High","High","Public","High School",63,"11-20","1","1","2"
20,72,80,"Medium","Low","High","Private","College",66,"11-20","2","2","3"
24,84,93,"Medium","High","Medium","Public","High School",72,"21-30","3","3","3"
39,67,76,"Medium","Medium","Medium","Private","",71,"30+","2","3","4"
25,85,68,"Medium","High","Medium","Public","Postgraduate",71,"21-30","2","3","3"
15,67,83,"Low","Medium","Low","Public","High School",62,"11-20","2","1","2"
17,63,59,"Medium","Low","High","Public","Postgraduate",62,"11-20","1","1","2"
17,73,58,"Medium","Medium","Medium","Public","College",64,"11-20","1","1","2"
9,69,92,"Medium","Low","Medium","Private","Postgraduate",65,"0-10","3","1","1"
18,96,52,"Low","Low","Medium","Private","College",68,"11-20","1","2","2"
24,62,90,"Low","High","Medium","Private","College",67,"21-30","3","2","3"
12,67,65,"Low","High","Medium","Public","High School",61,"11-20","2","1","2"
26,82,74,"High","Medium","Medium","Public","High School",68,"21-30","2","2","3"
23,79,77,"Medium","Low","High","Public","High School",68,"21-30","2","2","3"
16,62,88,"Medium","Low","High","Public","High School",62,"11-20","3","1","2"
19,60,94,"High","Low","Low","Private","High School",62,"11-20","3","1","2"
30,100,90,"Low","Medium","Low","Public","High School",74,"21-30","3","3","4"
24,86,79,"Medium","Low","Medium","Public","High School",68,"21-30","2","2","3"
20,75,67,"Medium","High","Low","Public","College",66,"11-20","2","2","3"
19,79,76,"High","Medium","Medium","Private","",67,"11-20","2","2","2"
20,71,52,"High","Medium","High","Public","High School",65,"11-20","1","1","3"
17,74,62,"Medium","High","Medium","Public","High School",66,"11-20","1","2","2"
7,86,68,"Medium","Low","Medium","Public","Postgraduate",67,"0-10","2","2","1"
32,95,66,"High","High","Medium","Private","College",76,"30+","2","3","4"
21,67,55,"High","High","High","Private","High School",66,"21-30","1","2","3"
22,94,53,"High","Medium","High","Public","College",68,"21-30","1","2","3"
20,65,71,"Low","Low","Medium","Private","College",63,"11-20","2","1","3"
16,69,54,"Medium","Low","Low","Public","College",65,"11-20","1","1","2"
19,61,64,"Medium","Low","Medium","Public","High School",63,"11-20","2","1","2"
10,66,74,"Low","Low","Medium","Public","High School",59,"0-10","2","1","2"
34,97,60,"Medium","Medium","Medium","Private","High School",74,"30+","1","3","4"
13,78,54,"Low","Low","High","Public","College",62,"11-20","1","1","2"
14,63,72,"Medium","Low","Low","Public","High School",59,"11-20","2","1","2"
17,98,72,"High","Low","Medium","Public","High School",71,"11-20","2","3","2"
28,95,96,"Medium","Medium","Medium","Public","Postgraduate",73,"21-30","3","3","3"
20,90,56,"Medium","Low","High","Private","High School",68,"11-20","1","2","3"
13,97,81,"Medium","Low","Medium","Public","High School",68,"11-20","2","2","2"
28,69,66,"Medium","Low","Medium","Public","College",66,"21-30","2","2","3"
24,93,56,"Medium","Low","Medium","Public","College",69,"21-30","1","2","3"
23,88,70,"Medium","Medium","High","Public","High School",70,"21-30","2","3","3"
24,95,71,"High","Medium","High","Public","High School",74,"21-30","2","3","3"
34,92,68,"Low","Medium","High","Public","College",75,"30+","2","3","4"
33,74,88,"Medium","Medium","Medium","Private","College",71,"30+","3","3","4"
16,91,92,"Low","Low","High","Private","High School",71,"11-20","3","3","2"
30,70,57,"Medium","Low","Medium","Public","College",65,"21-30","1","1","4"
22,73,58,"High","Medium","Medium","Private","Postgraduate",65,"21-30","1","1","3"
23,64,71,"Low","Medium","Medium","Public","Postgraduate",65,"21-30","2","1","3"
10,97,66,"Medium","Low","Medium","Public","Postgraduate",67,"0-10","2","2","2"
19,72,91,"High","Low","Medium","Private","",67,"11-20","3","2","2"
15,81,100,"Medium","Low","Medium","Public","Postgraduate",67,"11-20","3","2","2"
25,76,59,"Medium","Medium","Medium","Private","College",71,"21-30","1","3","3"
26,98,88,"Low","Medium","High","Public","College",72,"21-30","3","3","3"
8,73,80,"Low","Low","High","Public","College",62,"0-10","2","1","1"
20,91,82,"Medium","Medium","Medium","Public","College",70,"11-20","2","3","3"
27,94,63,"High","Low","Medium","Public","College",72,"21-30","1","3","3"
19,77,55,"Medium","Medium","Low","Public","College",64,"11-20","1","1","2"
24,75,77,"High","Low","Medium","Private","College",66,"21-30","2","2","3"
22,90,81,"Medium","Medium","Medium","Public","High School",69,"21-30","2","2","3"
22,97,98,"High","Medium","Medium","Public","College",71,"21-30","3","3","3"
18,90,84,"High","Low","High","Private","High School",68,"11-20","2","2","2"
13,69,72,"Low","High","Medium","Public","High School",63,"11-20","2","1","2"
13,96,100,"Medium","Medium","High","Public","High School",71,"11-20","3","3","2"
24,76,69,"Low","Low","Medium","Private","High School",65,"21-30","2","1","3"
20,83,58,"Medium","Low","High","Public","High School",66,"11-20","1","2","3"
19,93,81,"Medium","High","Medium","Private","College",68,"11-20","2","2","2"
17,68,63,"Medium","Low","Medium","Public","High School",61,"11-20","1","1","2"
18,91,96,"Medium","Low","Medium","Private","Postgraduate",71,"11-20","3","3","2"
26,84,71,"Medium","Medium","Medium","Public","High School",70,"21-30","2","3","3"
18,96,57,"Low","Low","Medium","Public","High School",66,"11-20","1","2","2"
12,67,57,"Low","Low","Medium","Private","College",61,"11-20","1","1","2"
24,77,82,"Low","Medium","Medium","Private","High School",67,"21-30","2","2","3"
19,93,68,"Medium","High","High","Public","Postgraduate",72,"11-20","2","3","2"
20,61,68,"Medium","High","Low","Private","High School",65,"11-20","2","1","3"
30,64,81,"Low","Medium","Medium","Public","College",68,"21-30","2","2","4"
20,100,61,"High","Medium","Medium","Public","College",70,"11-20","1","3","3"
22,71,57,"Medium","Low","High","Public","High School",63,"21-30","1","1","3"
13,99,83,"Medium","Medium","Medium","Public","Postgraduate",69,"11-20","2","2","2"
19,67,50,"Medium","High","Medium","Public","High School",62,"11-20","1","1","2"
24,74,95,"High","High","Medium","Public","Postgraduate",71,"21-30","3","3","3"
11,90,59,"Low","Low","High","Public","High School",64,"11-20","1","1","2"
21,86,72,"Medium","High","High","Public","High School",69,"21-30","2","2","3"
21,83,61,"High","Low","High","Public","Postgraduate",71,"21-30","1","3","3"
20,81,61,"Low","Low","Medium","Public","High School",63,"11-20","1","1","3"
26,94,92,"Low","Low","High","Public","High School",72,"21-30","3","3","3"
22,69,79,"Medium","Low","Low","Public","College",66,"21-30","2","2","3"
29,78,66,"Medium","Low","Medium","Public","High School",69,"21-30","2","2","3"
14,66,63,"Low","Low","Medium","Public","High School",60,"11-20","1","1","2"
21,84,61,"Low","Medium","High","Private","High School",68,"21-30","1","2","3"
21,70,78,"Medium","Medium","Low","Public","College",65,"21-30","2","1","3"
14,73,87,"High","Medium","Medium","Public","College",67,"11-20","2","2","2"
26,79,63,"Medium","Low","Medium","Public","High School",66,"21-30","1","2","3"
34,61,67,"High","High","Medium","Private","Postgraduate",68,"30+","2","2","4"
20,64,86,"Medium","Low","High","Private","High School",63,"11-20","2","1","3"
23,87,87,"Medium","Medium","Medium","Private","College",73,"21-30","2","3","3"
21,77,60,"Medium","Medium","Medium","Private","College",66,"21-30","1","2","3"
16,95,69,"Low","Low","High","Public","College",67,"11-20","2","2","2"
9,88,93,"Low","Medium","Medium","Public","Postgraduate",66,"0-10","3","2","1"
16,60,87,"Low","Low","Low","Public","High School",60,"11-20","2","1","2"
12,85,58,"Low","Low","High","Public","Postgraduate",67,"11-20","1","2","2"
30,64,69,"Medium","High","Low","Public","High School",67,"21-30","2","2","4"
19,91,99,"High","Medium","Medium","Public","High School",70,"11-20","3","3","2"
18,100,76,"Low","Low","Medium","Public","High School",69,"11-20","2","2","2"
25,81,86,"Medium","Low","Medium","Public","Postgraduate",68,"21-30","2","2","3"
13,87,55,"High","High","High","Private","High School",67,"11-20","1","2","2"
15,69,92,"Low","Low","Medium","Public","College",63,"11-20","3","1","2"
20,78,80,"High","High","Medium","Public","College",70,"11-20","2","3","3"
26,94,59,"High","Low","Medium","Public","High School",71,"21-30","1","3","3"
23,67,69,"Low","High","Medium","Public","High School",67,"21-30","2","2","3"
21,71,54,"High","Medium","Medium","Private","High School",64,"21-30","1","1","3"
20,78,89,"High","Medium","Medium","Private","College",66,"11-20","3","2","3"
22,88,87,"Low","Low","High","Public","Postgraduate",70,"21-30","2","3","3"
21,75,75,"High","Medium","Medium","Private","High School",65,"21-30","2","1","3"
14,97,73,"Medium","Medium","Low","Public","College",68,"11-20","2","2","2"
20,64,73,"High","Medium","High","Public","Postgraduate",65,"11-20","2","1","3"
14,75,52,"Medium","Medium","Medium","Public","Postgraduate",65,"11-20","1","1","2"
20,88,68,"Medium","Low","High","Public","College",69,"11-20","2","2","3"
17,69,56,"Medium","Medium","Medium","Public","High School",63,"11-20","1","1","2"
35,86,59,"Medium","Low","Low","Public","College",70,"30+","1","3","4"
20,67,98,"Medium","Medium","Medium","Public","College",64,"11-20","3","1","3"
12,62,63,"High","High","Medium","Public","High School",62,"11-20","1","1","2"
19,65,74,"Medium","Low","","Private","High School",66,"11-20","2","2","2"
23,97,94,"High","Low","Medium","Public","High School",73,"21-30","3","3","3"
30,82,71,"Medium","Low","High","Public","Postgraduate",72,"21-30","2","3","4"
16,92,76,"High","High","Medium","Private","Postgraduate",68,"11-20","2","2","2"
11,73,58,"Medium","Medium","Medium","Private","College",62,"11-20","1","1","2"
25,84,64,"Medium","Low","Medium","Private","High School",67,"21-30","2","2","3"
12,80,75,"Medium","Low","High","Public","High School",62,"11-20","2","1","2"
17,98,68,"Medium","Medium","Medium","Public","High School",72,"11-20","2","3","2"
18,90,52,"High","Medium","High","Public","High School",67,"11-20","1","2","2"
20,89,70,"Low","Low","Medium","Private","High School",68,"11-20","2","2","3"
24,62,91,"Medium","Medium","Medium","Public","High School",65,"21-30","3","1","3"
16,82,56,"Low","High","High","Private","High School",79,"11-20","1","3","2"
18,79,51,"High","Medium","Medium","Private","High School",66,"11-20","1","2","2"
20,97,56,"Low","Low","Medium","Private","High School",68,"11-20","1","2","3"
21,70,84,"Medium","High","High","Public","Postgraduate",65,"21-30","2","1","3"
21,71,90,"Medium","Low","Medium","Public","High School",67,"21-30","3","2","3"
23,76,52,"Low","Medium","Medium","Public","College",67,"21-30","1","2","3"
25,70,94,"Medium","Medium","","Public","High School",67,"21-30","3","2","3"
22,65,81,"High","Medium","Medium","Public","College",68,"21-30","2","2","3"
23,94,76,"Low","Medium","Medium","Public","High School",72,"21-30","2","3","3"
11,82,63,"High","Medium","Medium","Public","High School",65,"11-20","1","1","2"
20,94,69,"Low","Low","Medium","Public","High School",65,"11-20","2","1","3"
23,93,97,"Low","Medium","Medium","Public","College",70,"21-30","3","3","3"
24,71,96,"Medium","Low","","Public","High School",67,"21-30","3","2","3"
16,82,81,"Medium","Medium","Medium","Private","College",68,"11-20","2","2","2"
16,63,79,"Medium","Low","High","Public","College",63,"11-20","2","1","2"
17,97,61,"Low","Low","Medium","Public","High School",68,"11-20","1","2","2"
23,76,98,"Medium","Medium","Low","Public","Postgraduate",69,"21-30","3","2","3"
26,76,88,"Low","Low","Low","Public","High School",66,"21-30","3","2","3"
18,72,69,"High","High","Medium","Public","High School",64,"11-20","2","1","2"
25,78,91,"Medium","Low","Medium","Public","High School",69,"21-30","3","2","3"
21,70,61,"Medium","Low","Medium","Public","High School",62,"21-30","1","1","3"
19,75,61,"High","Medium","Medium","Public","High School",65,"11-20","1","1","2"
19,92,90,"Medium","Low","High","Public","High School",70,"11-20","3","3","2"
24,93,78,"Medium","High","Medium","Public","High School",72,"21-30","2","3","3"
22,72,78,"High","Low","High","Public","High School",66,"21-30","2","2","3"
34,79,79,"Low","Medium","High","Private","High School",70,"30+","2","3","4"
15,95,56,"Medium","Low","High","Public","High School",67,"11-20","1","2","2"
23,62,67,"Low","Low","Medium","Public","Postgraduate",65,"21-30","2","1","3"
17,96,79,"Low","Medium","Medium","Private","Postgraduate",68,"11-20","2","2","2"
15,69,62,"Low","Medium","High","Public","High School",62,"11-20","1","1","2"
20,87,75,"High","Low","Medium","Public","Postgraduate",68,"11-20","2","2","3"
21,83,78,"Medium","High","High","Public","High School",69,"21-30","2","2","3"
38,82,97,"Low","Low","Medium","Private","College",72,"30+","3","3","4"
19,94,62,"Medium","Medium","Medium","Public","High School",65,"11-20","1","1","2"
13,64,72,"Medium","Medium","Medium","Private","Postgraduate",63,"11-20","2","1","2"
22,74,99,"Medium","Low","Medium","Public","College",68,"21-30","3","2","3"
8,82,59,"Medium","Medium","Medium","Public","College",62,"0-10","1","1","1"
19,92,89,"Medium","Low","High","Private","Postgraduate",69,"11-20","3","2","2"
20,69,59,"Medium","High","High","Public","High School",65,"11-20","1","1","3"
25,92,93,"High","High","Medium","Public","High School",74,"21-30","3","3","3"
26,76,74,"Medium","Medium","High","Public","High School",70,"21-30","2","3","3"
17,68,99,"High","Medium","Medium","Public","High School",65,"11-20","3","1","2"
19,90,59,"Low","High","Medium","Public","College",70,"11-20","1","3","2"
15,64,84,"Low","Medium","Medium","Public","College",59,"11-20","2","1","2"
13,81,85,"Low","Low","Medium","Private","High School",63,"11-20","2","1","2"
22,63,86,"Low","Low","High","Public","College",64,"21-30","2","1","3"
12,74,55,"High","Medium","Low","Public","Postgraduate",63,"11-20","1","1","2"
18,84,64,"Medium","Low","High","Public","High School",67,"11-20","2","2","2"
14,82,67,"Medium","High","Medium","Public","High School",65,"11-20","2","1","2"
23,76,66,"Medium","Medium","Medium","Public","College",67,"21-30","2","2","3"
31,77,84,"Medium","High","High","Public","",73,"30+","2","3","4"
12,69,53,"Low","Low","High","Public","College",64,"11-20","1","1","2"
9,78,87,"Medium","Medium","High","Private","Postgraduate",65,"0-10","2","1","1"
19,98,76,"Medium","Medium","Medium","Private","High School",72,"11-20","2","3","2"
20,94,59,"High","Medium","Medium","Public","High School",72,"11-20","1","3","3"
21,66,61,"Medium","High","High","Public","College",66,"21-30","1","2","3"
17,61,55,"High","Medium","Medium","Private","College",62,"11-20","1","1","2"
19,97,73,"Medium","Medium","Medium","Private","College",68,"11-20","2","2","2"
22,81,80,"Low","Medium","Medium","Public","College",67,"21-30","2","2","3"
26,82,79,"Medium","Medium","Medium","Public","Postgraduate",69,"21-30","2","2","3"
8,91,98,"Medium","Medium","Medium","Private","High School",67,"0-10","3","2","1"
18,73,65,"Medium","Low","High","Public","College",63,"11-20","2","1","2"
21,79,88,"Low","Low","Medium","Private","High School",65,"21-30","3","1","3"
14,99,86,"Low","High","High","Private","College",71,"11-20","2","3","2"
30,87,53,"Low","Low","High","Private","Postgraduate",70,"21-30","1","3","4"
16,66,97,"Medium","Low","High","Public","Postgraduate",68,"11-20","3","2","2"
20,65,97,"High","Low","Medium","Public","College",65,"11-20","3","1","3"
23,68,70,"Medium","Medium","Medium","Public","High School",68,"21-30","2","2","3"
16,91,71,"Medium","High","Medium","Public","College",69,"11-20","2","2","2"
9,72,91,"Medium","High","Medium","Public","High School",62,"0-10","3","1","1"
17,61,75,"Medium","Medium","High","Public","College",62,"11-20","2","1","2"
26,98,90,"Low","High","Low","Public","Postgraduate",72,"21-30","3","3","3"
18,67,52,"High","Medium","Medium","Private","Postgraduate",64,"11-20","1","1","2"
15,60,63,"Low","Low","High","Public","High School",58,"11-20","1","1","2"
26,69,55,"Low","Low","Medium","Public","College",66,"21-30","1","2","3"
18,69,73,"Low","Low","High","Public","Postgraduate",64,"11-20","2","1","2"
17,77,93,"Low","High","High","Private","College",68,"11-20","3","2","2"
21,97,78,"Medium","High","Medium","Public","Postgraduate",69,"21-30","2","2","3"
25,95,76,"Medium","Low","Medium","Public","High School",71,"21-30","2","3","3"
34,78,68,"Medium","Medium","Medium","Public","College",71,"30+","2","3","4"
25,76,53,"Medium","High","High","Private","High School",67,"21-30","1","2","3"
27,82,88,"Medium","High","High","Private","High School",71,"21-30","3","3","3"
17,70,79,"Low","Medium","Medium","Public","High School",64,"11-20","2","1","2"
14,62,97,"High","Medium","Medium","Public","High School",62,"11-20","3","1","2"
20,98,72,"Medium","High","Medium","Public","High School",70,"11-20","2","3","3"
21,67,70,"Low","Low","Medium","Private","Postgraduate",63,"21-30","2","1","3"
14,68,99,"High","High","Medium","Public","High School",66,"11-20","3","2","2"
19,79,57,"Low","Low","Low","Public","High School",65,"11-20","1","1","2"
22,80,63,"Medium","High","Medium","Public","College",69,"21-30","1","2","3"
22,61,74,"Medium","Low","Medium","Public","High School",63,"21-30","2","1","3"
23,66,76,"Low","High","Medium","Public","College",64,"21-30","2","1","3"
22,75,77,"High","Low","Low","Public","High School",66,"21-30","2","2","3"
17,87,61,"Medium","High","Medium","Public","High School",67,"11-20","1","2","2"
17,69,96,"Medium","Low","Medium","Public","College",66,"11-20","3","2","2"
13,77,85,"Low","Low","Medium","Public","Postgraduate",65,"11-20","2","1","2"
31,82,63,"Medium","High","Medium","Private","Postgraduate",72,"30+","1","3","4"
20,96,65,"High","Medium","Low","Public","High School",70,"11-20","2","3","3"
19,73,94,"Medium","High","Low","Public","College",67,"11-20","3","2","2"
14,65,69,"Low","Medium","","Public","College",64,"11-20","2","1","2"
38,80,78,"Medium","Low","Medium","Public","College",72,"30+","2","3","4"
14,90,56,"Medium","Low","Medium","Public","High School",65,"11-20","1","1","2"
17,64,63,"Medium","High","Medium","Public","High School",62,"11-20","1","1","2"
22,77,71,"High","Low","Medium","Public","High School",67,"21-30","2","2","3"
24,61,83,"High","Medium","Medium","Public","High School",64,"21-30","2","1","3"
26,61,64,"Low","Medium","Medium","Private","Postgraduate",63,"21-30","2","1","3"
31,79,98,"Medium","Medium","High","Public","College",72,"30+","3","3","4"
23,72,61,"High","High","Medium","Public","High School",66,"21-30","1","2","3"
14,94,89,"Medium","Medium","Medium","Public","Postgraduate",70,"11-20","3","3","2"
18,84,68,"Low","Medium","High","Private","Postgraduate",66,"11-20","2","2","2"
22,78,92,"Low","High","High","Public","High School",70,"21-30","3","3","3"
32,76,96,"Low","Low","High","Public","High School",67,"30+","3","2","4"
12,80,59,"High","Low","High","Public","High School",64,"11-20","1","1","2"
27,62,75,"Medium","Medium","High","Public","",67,"21-30","2","2","3"
21,96,58,"Medium","High","High","Public","College",72,"21-30","1","3","3"
25,100,85,"Low","Medium","Medium","Public","High School",72,"21-30","2","3","3"
19,67,92,"Low","High","Medium","Public","Postgraduate",68,"11-20","3","2","2"
15,65,69,"Medium","High","Medium","Public","Postgraduate",64,"11-20","2","1","2"
25,66,70,"Medium","High","Medium","Public","High School",66,"21-30","2","2","3"
24,86,60,"Medium","Low","High","Private","College",68,"21-30","1","2","3"
26,86,65,"Low","Low","High","Public","High School",66,"21-30","2","2","3"
20,94,66,"High","Low","High","Private","High School",70,"11-20","2","3","3"
16,90,58,"High","Low","Medium","Public","Postgraduate",70,"11-20","1","3","2"
11,78,65,"Medium","Medium","","Private","High School",62,"11-20","2","1","2"
25,85,95,"Medium","Medium","Low","Public","College",69,"21-30","3","2","3"
23,88,66,"Low","Medium","High","Private","College",69,"21-30","2","2","3"
14,81,64,"Medium","Medium","Medium","Public","College",66,"11-20","2","2","2"
17,79,69,"Medium","Low","Medium","Public","Postgraduate",68,"11-20","2","2","2"
17,86,98,"Medium","Low","High","Public","Postgraduate",71,"11-20","3","3","2"
11,82,88,"Medium","Low","Medium","Private","Postgraduate",64,"11-20","3","1","2"
15,86,60,"Medium","Medium","Medium","Public","College",67,"11-20","1","2","2"
13,85,88,"Medium","Medium","High","Public","High School",68,"11-20","3","2","2"
18,89,88,"Low","High","","Public","",67,"11-20","3","2","2"
16,86,98,"High","Low","Medium","Public","Postgraduate",68,"11-20","3","2","2"
10,81,95,"Medium","Low","High","Public","High School",69,"0-10","3","2","2"
32,87,55,"Medium","Low","High","Public","High School",71,"30+","1","3","4"
28,78,73,"Low","Low","Medium","Private","High School",68,"21-30","2","2","3"
15,70,85,"High","Low","Medium","Private","College",65,"11-20","2","1","2"
22,60,99,"Medium","Low","High","Public","College",63,"21-30","3","1","3"
23,82,54,"Medium","Medium","High","Public","High School",65,"21-30","1","1","3"
27,84,68,"Low","Low","High","Private","Postgraduate",72,"21-30","2","3","3"
15,99,75,"Low","Medium","Low","Public","College",67,"11-20","2","2","2"
27,74,71,"Medium","Medium","Medium","Public","High School",69,"21-30","2","2","3"
17,76,73,"Medium","Low","High","Private","Postgraduate",67,"11-20","2","2","2"
12,68,68,"Low","Medium","Medium","Public","College",64,"11-20","2","1","2"
24,63,99,"Low","Low","Medium","Public","High School",62,"21-30","3","1","3"
28,91,90,"Medium","High","Low","Private","High School",71,"21-30","3","3","3"
36,70,87,"Medium","Low","Medium","Public","",70,"30+","2","3","4"
13,84,71,"Low","Medium","High","Public","College",64,"11-20","2","1","2"
24,88,94,"Medium","Low","Medium","Private","Postgraduate",69,"21-30","3","2","3"
18,79,55,"Medium","Low","High","Public","High School",65,"11-20","1","1","2"
25,95,57,"Medium","High","Medium","Private","College",73,"21-30","1","3","3"
11,78,98,"Low","Medium","Medium","Public","High School",64,"11-20","3","1","2"
12,71,78,"Low","Medium","Medium","Public","Postgraduate",64,"11-20","2","1","2"
15,96,58,"Medium","Medium","Medium","Public","Postgraduate",70,"11-20","1","3","2"
20,94,97,"Low","Medium","Medium","Public","College",70,"11-20","3","3","3"
16,67,99,"Medium","Medium","Medium","Public","High School",64,"11-20","3","1","2"
24,61,94,"Medium","Medium","High","Private","College",64,"21-30","3","1","3"
26,64,62,"High","Medium","High","Private","High School",66,"21-30","1","2","3"
24,71,64,"Medium","Medium","Medium","Public","College",66,"21-30","2","2","3"
30,99,70,"Low","Medium","Medium","Public","High School",74,"21-30","2","3","4"
22,82,79,"Medium","Medium","Medium","Public","College",69,"21-30","2","2","3"
13,75,100,"High","Medium","Medium","Public","Postgraduate",67,"11-20","3","2","2"
28,96,98,"High","Low","Medium","Public","High School",73,"21-30","3","3","3"
16,78,96,"High","Medium","Medium","Public","Postgraduate",66,"11-20","3","2","2"
25,73,54,"High","Medium","Medium","Public","High School",67,"21-30","1","2","3"
29,98,88,"Low","Low","Medium","Public","College",75,"21-30","3","3","3"
23,94,94,"Low","Medium","High","Public","High School",73,"21-30","3","3","3"
11,94,67,"Medium","High","Medium","Public","High School",67,"11-20","2","2","2"
14,80,61,"Medium","Medium","High","Public","College",65,"11-20","1","1","2"
28,92,87,"Low","Low","Low","Public","High School",71,"21-30","2","3","3"
19,67,55,"Low","Medium","Medium","Public","High School",63,"11-20","1","1","2"
20,83,97,"High","Low","High","Public","High School",68,"11-20","3","2","3"
25,99,58,"High","Medium","Medium","Private","High School",72,"21-30","1","3","3"
24,72,73,"Low","Medium","High","Public","High School",67,"21-30","2","2","3"
22,92,99,"Low","Medium","Medium","Public","College",71,"21-30","3","3","3"
19,80,99,"High","Low","Medium","Public","Postgraduate",67,"11-20","3","2","2"
18,62,89,"Medium","High","High","Private","Postgraduate",66,"11-20","3","2","2"
25,91,92,"Medium","Low","Medium","Public","High School",72,"21-30","3","3","3"
23,67,98,"Medium","Low","High","Public","College",64,"21-30","3","1","3"
18,85,96,"Medium","High","High","Public","College",68,"11-20","3","2","2"
26,63,81,"Medium","Low","Medium","Public","High School",65,"21-30","2","1","3"
19,98,87,"High","Medium","Medium","Private","Postgraduate",74,"11-20","2","3","2"
15,72,80,"Medium","Medium","High","Private","College",65,"11-20","2","1","2"
15,69,75,"Medium","Low","High","Public","High School",63,"11-20","2","1","2"
14,65,94,"Medium","Low","Medium","Private","Postgraduate",65,"11-20","3","1","2"
18,98,87,"Medium","Medium","Medium","Public","High School",70,"11-20","2","3","2"
27,88,93,"Medium","Low","Medium","Public","High School",71,"21-30","3","3","3"
15,90,55,"Medium","Low","Medium","Public","College",66,"11-20","1","2","2"
21,80,79,"Low","Medium","High","Public","College",69,"21-30","2","2","3"
16,79,66,"High","Medium","Medium","Public","College",67,"11-20","2","2","2"
18,64,76,"Low","Low","Medium","Public","High School",64,"11-20","2","1","2"
11,82,81,"High","Low","High","Public","High School",67,"11-20","2","2","2"
19,70,92,"Medium","Low","High","Public","High School",67,"11-20","3","2","2"
19,99,52,"Medium","Medium","Medium","Public","High School",70,"11-20","1","3","2"
23,92,58,"Medium","Low","Medium","Private","Postgraduate",71,"21-30","1","3","3"
21,77,96,"High","Low","High","Private","High School",68,"21-30","3","2","3"
13,66,98,"Low","High","High","Public","High School",65,"11-20","3","1","2"
27,91,53,"Medium","Low","Medium","Private","Postgraduate",70,"21-30","1","3","3"
21,65,67,"Low","Low","","Public","High School",64,"21-30","2","1","3"
21,68,50,"High","Medium","Low","Private","High School",67,"21-30","1","2","3"
20,68,88,"Medium","Low","Low","Private","High School",63,"11-20","3","1","3"
17,82,84,"High","Low","Low","Public","High School",65,"11-20","2","1","2"
21,91,78,"High","Low","High","Public","High School",70,"21-30","2","3","3"
23,73,85,"Medium","Low","Medium","Public","College",67,"21-30","2","2","3"
10,63,77,"Low","Low","Medium","Private","High School",60,"0-10","2","1","2"
17,79,62,"Low","Low","Medium","Public","High School",64,"11-20","1","1","2"
18,90,88,"Low","Medium","Medium","Private","High School",65,"11-20","3","1","2"
22,69,89,"Low","Low","High","Public","High School",64,"21-30","3","1","3"
27,69,93,"Medium","Medium","Medium","Public","College",67,"21-30","3","2","3"
15,98,98,"High","Medium","Medium","Private","High School",71,"11-20","3","3","2"
17,98,87,"Low","High","Medium","Private","High School",69,"11-20","2","2","2"
17,100,53,"Low","Medium","High","Public","High School",70,"11-20","1","3","2"
15,92,51,"Medium","High","High","Public","College",69,"11-20","1","2","2"
18,68,87,"High","Medium","Medium","Public","High School",69,"11-20","2","2","2"
25,68,53,"Low","Medium","","Public","College",64,"21-30","1","1","3"
14,74,66,"Medium","Medium","High","Private","Postgraduate",63,"11-20","2","1","2"
23,73,57,"Medium","Medium","Medium","Public","College",67,"21-30","1","2","3"
10,98,98,"Low","Medium","Medium","Public","College",66,"0-10","3","2","2"
17,92,66,"Medium","Low","Medium","Public","High School",69,"11-20","2","2","2"
18,89,53,"Medium","Low","High","Private","College",69,"11-20","1","2","2"
30,67,97,"High","High","Medium","Public","",69,"21-30","3","2","4"
18,96,80,"High","Low","Medium","Public","College",72,"11-20","2","3","2"
7,93,52,"High","Medium","Low","Private","High School",65,"0-10","1","1","1"
8,67,92,"Medium","High","High","Private","College",63,"0-10","3","1","1"
20,95,58,"Low","Low","High","Public","College",69,"11-20","1","2","3"
24,71,90,"Low","Medium","High","Private","College",69,"21-30","3","2","3"
22,63,80,"Medium","High","High","Private","College",64,"21-30","2","1","3"
21,86,59,"High","Medium","High","Private","College",69,"21-30","1","2","3"
27,86,88,"Medium","Medium","Medium","Private","Postgraduate",72,"21-30","3","3","3"
17,64,73,"High","Low","Medium","Public","College",62,"11-20","2","1","2"
25,73,82,"Low","Medium","Medium","Private","High School",66,"21-30","2","2","3"
10,100,93,"Low","Medium","Low","Public","High School",65,"0-10","3","1","2"
15,87,63,"Medium","High","Medium","Public","College",69,"11-20","1","2","2"
9,89,68,"High","High","High","Public","High School",65,"0-10","2","1","1"
18,69,100,"Medium","Medium","High","Public","High School",67,"11-20","3","2","2"
20,63,75,"Low","Medium","High","Public","High School",63,"11-20","2","1","3"
21,71,78,"Low","Medium","Medium","Public","High School",66,"21-30","2","2","3"
20,70,64,"Low","Low","Low","Private","High School",61,"11-20","2","1","3"
14,69,71,"Medium","Medium","Medium","Public","High School",64,"11-20","2","1","2"
19,68,75,"Low","Medium","Medium","Private","Postgraduate",64,"11-20","2","1","2"
11,83,63,"Medium","Low","Medium","Public","College",65,"11-20","1","1","2"
28,73,62,"Medium","High","Medium","Public","Postgraduate",68,"21-30","1","2","3"
18,93,80,"Medium","Medium","Medium","Private","High School",69,"11-20","2","2","2"
17,67,59,"Medium","Medium","Medium","Public","High School",61,"11-20","1","1","2"
30,79,78,"Medium","High","High","Private","Postgraduate",72,"21-30","2","3","4"
13,61,85,"Medium","Low","Medium","Private","College",61,"11-20","2","1","2"
13,79,60,"Medium","Low","High","Private","College",66,"11-20","1","2","2"
13,62,87,"Medium","Low","Medium","Public","College",60,"11-20","2","1","2"
20,99,68,"Low","Low","High","Public","Postgraduate",69,"11-20","2","2","3"
23,92,100,"Medium","High","High","Public","College",72,"21-30","3","3","3"
24,80,99,"Low","Medium","Medium","Public","High School",69,"21-30","3","2","3"
35,63,90,"Low","Medium","Medium","Public","College",71,"30+","3","3","4"
7,84,67,"Medium","Medium","Medium","Private","College",64,"0-10","2","1","1"
24,90,97,"High","Low","Medium","Public","High School",71,"21-30","3","3","3"
17,68,100,"High","Medium","High","Public","High School",64,"11-20","3","1","2"
16,83,73,"High","Low","Low","Public","College",67,"11-20","2","2","2"
16,93,81,"Medium","Low","Medium","Private","Postgraduate",67,"11-20","2","2","2"
15,91,50,"High","Medium","Medium","Public","High School",66,"11-20","1","2","2"
30,92,52,"Medium","High","Medium","Private","College",73,"21-30","1","3","4"
25,95,75,"Medium","Medium","Medium","Private","High School",73,"21-30","2","3","3"
20,98,80,"Medium","Medium","Medium","Public","College",70,"11-20","2","3","3"
28,76,66,"Medium","High","Low","Public","College",70,"21-30","2","3","3"
11,83,55,"Low","Low","Medium","Public","Postgraduate",62,"11-20","1","1","2"
12,92,89,"Medium","Medium","High","Private","Postgraduate",68,"11-20","3","2","2"
7,88,71,"Medium","Low","Medium","Public","High School",65,"0-10","2","1","1"
16,100,82,"Medium","High","Medium","Public","High School",73,"11-20","2","3","2"
21,61,83,"High","Low","","Private","College",65,"21-30","2","1","3"
21,74,77,"High","Medium","Medium","Public","College",66,"21-30","2","2","3"
21,71,59,"Medium","Low","Medium","Public","College",64,"21-30","1","1","3"
12,70,81,"High","Low","Medium","Public","High School",63,"11-20","2","1","2"
25,69,66,"Medium","Low","Low","Public","College",62,"21-30","2","1","3"
21,88,91,"Low","Low","Medium","Private","Postgraduate",70,"21-30","3","3","3"
24,63,60,"Medium","High","Medium","Public","High School",65,"21-30","1","1","3"
9,90,65,"Medium","Medium","Medium","Private","High School",64,"0-10","2","1","1"
22,88,72,"Low","High","Medium","Public","Postgraduate",70,"21-30","2","3","3"
13,70,87,"Medium","Low","Low","Public","High School",62,"11-20","2","1","2"
18,70,86,"Medium","High","Medium","Public","High School",67,"11-20","2","2","2"
23,85,67,"Low","Medium","Medium","Private","Postgraduate",66,"21-30","2","2","3"
21,90,76,"High","High","High","Public","College",74,"21-30","2","3","3"
15,95,62,"Medium","Medium","Medium","Public","High School",69,"11-20","1","2","2"
20,94,89,"Low","Medium","Medium","Public","High School",70,"11-20","3","3","3"
11,99,60,"Medium","High","Medium","Public","College",68,"11-20","1","2","2"
27,83,91,"Medium","Low","","Public","Postgraduate",70,"21-30","3","3","3"
19,96,97,"Medium","Medium","Medium","Public","High School",71,"11-20","3","3","2"
27,92,100,"High","Medium","High","Public","Postgraduate",73,"21-30","3","3","3"
17,96,93,"Low","Medium","Medium","Private","High School",69,"11-20","3","2","2"
17,60,61,"Medium","Low","Medium","Public","Postgraduate",61,"11-20","1","1","2"
15,99,71,"Medium","Medium","Medium","Public","College",68,"11-20","2","2","2"
25,79,54,"Medium","Low","Medium","Private","Postgraduate",66,"21-30","1","2","3"
16,92,58,"Low","High","Medium","Private","High School",67,"11-20","1","2","2"
24,65,52,"Medium","High","Medium","Public","Postgraduate",64,"21-30","1","1","3"
18,76,82,"High","Medium","Medium","Private","College",67,"11-20","2","2","2"
8,71,77,"Medium","High","Medium","Public","High School",61,"0-10","2","1","1"
17,72,96,"High","Low","High","Public","High School",65,"11-20","3","1","2"
13,65,73,"Medium","Low","Medium","Private","Postgraduate",62,"11-20","2","1","2"
20,92,82,"Medium","Medium","Medium","Public","High School",69,"11-20","2","2","3"
13,60,70,"Medium","Medium","Medium","Public","College",61,"11-20","2","1","2"
26,73,91,"Medium","Low","Low","Public","High School",69,"21-30","3","2","3"
19,67,96,"High","High","Low","Public","College",64,"11-20","3","1","2"
19,84,72,"High","Low","Medium","Public","High School",65,"11-20","2","1","2"
24,70,54,"Low","High","Medium","Public","High School",64,"21-30","1","1","3"
26,70,58,"Medium","Low","Low","Private","Postgraduate",68,"21-30","1","2","3"
20,80,86,"High","Low","Medium","Private","High School",67,"11-20","2","2","3"
15,86,66,"Low","Medium","High","Private","College",68,"11-20","2","2","2"
9,65,89,"Medium","Low","Medium","Public","High School",61,"0-10","3","1","1"
16,67,87,"High","High","High","Public","College",69,"11-20","2","2","2"
16,70,85,"High","Medium","Medium","Private","High School",64,"11-20","2","1","2"
21,99,91,"Medium","Medium","Medium","Public","College",74,"21-30","3","3","3"
18,76,88,"Low","Medium","Medium","Public","College",66,"11-20","3","2","2"
24,84,82,"Medium","Medium","Medium","Public","High School",68,"21-30","2","2","3"
16,70,50,"High","High","Medium","Private","Postgraduate",65,"11-20","1","1","2"
20,80,76,"Medium","Low","Medium","Private","College",66,"11-20","2","2","3"
27,63,80,"Medium","Medium","High","Public","High School",66,"21-30","2","2","3"
22,61,98,"High","High","Low","Private","College",65,"21-30","3","1","3"
20,79,83,"Medium","Low","Medium","Private","College",67,"11-20","2","2","3"
16,76,79,"Medium","Low","High","Public","Postgraduate",65,"11-20","2","1","2"
16,65,77,"Medium","High","High","Public","High School",63,"11-20","2","1","2"
15,88,55,"Medium","High","High","Private","High School",67,"11-20","1","2","2"
17,100,71,"Low","Low","Medium","Public","High School",70,"11-20","2","3","2"
25,76,57,"Low","Medium","Medium","Public","Postgraduate",68,"21-30","1","2","3"
19,85,53,"High","Medium","Medium","Public","College",66,"11-20","1","2","2"
12,99,66,"Low","Medium","Low","Private","Postgraduate",67,"11-20","2","2","2"
31,93,82,"Low","High","High","Private","High School",72,"30+","2","3","4"
22,79,93,"Medium","Medium","Medium","Private","High School",68,"21-30","3","2","3"
12,89,91,"Medium","Low","High","Public","High School",66,"11-20","3","2","2"
17,65,65,"Medium","High","Medium","Private","High School",62,"11-20","2","1","2"
21,80,52,"Medium","Low","Medium","Public","High School",65,"21-30","1","1","3"
30,71,70,"Low","Medium","Medium","Public","High School",67,"21-30","2","2","4"
13,66,66,"Low","Medium","Medium","Public","College",62,"11-20","2","1","2"
26,77,69,"Low","High","Medium","Public","High School",66,"21-30","2","2","3"
28,65,78,"High","High","Medium","Private","College",67,"21-30","2","2","3"
16,88,52,"Medium","High","High","Public","High School",68,"11-20","1","2","2"
18,78,69,"Medium","Medium","Medium","Public","Postgraduate",66,"11-20","2","2","2"
14,81,78,"Medium","Medium","Medium","Private","College",68,"11-20","2","2","2"
19,66,72,"Medium","Low","Medium","Public","High School",62,"11-20","2","1","2"
20,66,83,"Medium","Low","","Public","College",64,"11-20","2","1","3"
24,83,59,"Medium","Low","Medium","Public","High School",68,"21-30","1","2","3"
27,99,58,"Low","Medium","Medium","Private","Postgraduate",71,"21-30","1","3","3"
16,64,65,"Medium","Medium","High","Public","High School",63,"11-20","2","1","2"
8,71,55,"High","Low","High","Public","College",62,"0-10","1","1","1"
20,95,62,"Low","Low","Low","Private","College",69,"11-20","1","2","3"
22,63,54,"Medium","Medium","Medium","Private","High School",62,"21-30","1","1","3"
21,95,70,"Medium","High","Medium","Public","High School",71,"21-30","2","3","3"
18,81,86,"Medium","Low","Medium","Public","College",69,"11-20","2","2","2"
21,76,64,"Low","Medium","High","Private","High School",66,"21-30","2","2","3"
29,72,50,"Low","Low","Medium","Public","High School",64,"21-30","1","1","3"
22,72,78,"Low","Low","High","Public","Postgraduate",65,"21-30","2","1","3"
18,72,85,"High","High","High","Private","High School",68,"11-20","2","2","2"
17,95,70,"High","Low","Medium","Public","High School",69,"11-20","2","2","2"
19,89,65,"Low","Low","Medium","Public","Postgraduate",68,"11-20","2","2","2"
30,87,75,"Low","Low","Low","Public","College",71,"21-30","2","3","4"
19,92,55,"Medium","Medium","Medium","Public","High School",66,"11-20","1","2","2"
20,70,82,"Medium","Low","High","Private","High School",65,"11-20","2","1","3"
17,85,87,"Medium","Low","Medium","Private","",68,"11-20","2","2","2"
27,78,85,"Medium","High","Medium","Public","College",72,"21-30","2","3","3"
32,91,66,"Medium","Low","High","Public","Postgraduate",75,"30+","2","3","4"
23,72,92,"Low","High","Medium","Public","College",67,"21-30","3","2","3"
20,86,97,"Low","Low","Medium","Private","High School",67,"11-20","3","2","3"
20,95,65,"High","Low","Medium","Public","College",70,"11-20","2","3","3"
6,76,63,"Medium","Medium","Medium","Public","College",64,"0-10","1","1","1"
24,63,85,"High","Low","Medium","Private","High School",65,"21-30","2","1","3"
21,81,85,"Medium","Low","High","Public","Postgraduate",68,"21-30","2","2","3"
23,74,76,"Medium","Medium","Low","Public","College",67,"21-30","2","2","3"
16,87,96,"Medium","Low","High","Public","College",66,"11-20","3","2","2"
18,98,57,"Low","High","Medium","Private","Postgraduate",69,"11-20","1","2","2"
18,79,74,"Low","Low","Medium","Public","High School",64,"11-20","2","1","2"
26,79,52,"High","Medium","Medium","Public","Postgraduate",68,"21-30","1","2","3"
18,86,53,"Low","Low","High","Private","High School",68,"11-20","1","2","2"
32,64,53,"Low","Low","Medium","Private","College",65,"30+","1","1","4"
23,70,75,"Medium","High","Medium","Public","High School",65,"21-30","2","1","3"
12,97,79,"Medium","Medium","Medium","Public","High School",65,"11-20","2","1","2"
19,87,50,"Low","High","High","Public","High School",67,"11-20","1","2","2"
16,61,82,"Medium","Low","Medium","Public","High School",63,"11-20","2","1","2"
7,68,74,"Medium","Low","High","Public","High School",62,"0-10","2","1","1"
30,87,61,"High","Medium","High","Private","High School",73,"21-30","1","3","4"
24,91,51,"High","Medium","Medium","Public","High School",72,"21-30","1","3","3"
23,94,58,"High","Low","Low","Public","High School",71,"21-30","1","3","3"
21,72,80,"High","Low","Medium","Public","High School",67,"21-30","2","2","3"
12,97,83,"Medium","Low","Medium","Public","College",66,"11-20","2","2","2"
17,82,82,"High","Medium","Medium","Private","High School",68,"11-20","2","2","2"
25,88,58,"Low","Low","Medium","Public","Postgraduate",70,"21-30","1","3","3"
14,84,96,"Medium","Low","Medium","Private","Postgraduate",66,"11-20","3","2","2"
5,65,71,"Medium","Low","Medium","Private","College",56,"0-10","2","1","1"
19,99,88,"High","Low","High","Public","High School",71,"11-20","3","3","2"
19,65,58,"Medium","Medium","High","Private","Postgraduate",64,"11-20","1","1","2"
21,70,74,"Low","Medium","Medium","Public","Postgraduate",65,"21-30","2","1","3"
24,93,76,"High","Low","Medium","Public","High School",70,"21-30","2","3","3"
24,85,89,"Medium","Low","Medium","Public","Postgraduate",70,"21-30","3","3","3"
22,94,81,"Medium","Medium","High","Public","High School",71,"21-30","2","3","3"
27,81,70,"Medium","Low","Medium","Public","High School",70,"21-30","2","3","3"
11,75,64,"Medium","Low","Medium","Public","College",62,"11-20","2","1","2"
23,97,99,"Low","Low","Medium","Private","High School",72,"21-30","3","3","3"
24,61,64,"Low","Low","Medium","Private","High School",62,"21-30","2","1","3"
13,94,56,"High","Low","High","Public","College",67,"11-20","1","2","2"
11,69,65,"Low","Low","Medium","Public","College",58,"11-20","2","1","2"
16,94,66,"Medium","Medium","High","Public","College",69,"11-20","2","2","2"
16,66,56,"Medium","Low","High","Private","College",60,"11-20","1","1","2"
25,83,85,"High","Low","Medium","Public","College",72,"21-30","2","3","3"
16,96,81,"Medium","Low","Low","Public","High School",66,"11-20","2","2","2"
15,79,66,"Medium","Low","Medium","Public","College",66,"11-20","2","2","2"
16,90,100,"Low","High","Medium","Private","High School",69,"11-20","3","2","2"
27,92,83,"Low","Low","Medium","Public","College",70,"21-30","2","3","3"
20,89,85,"Medium","Medium","High","Public","Postgraduate",70,"11-20","2","3","3"
19,97,78,"Low","Medium","Low","Private","College",70,"11-20","2","3","2"
19,78,78,"Medium","Low","High","Public","College",67,"11-20","2","2","2"
28,67,51,"Medium","Medium","Medium","Public","High School",67,"21-30","1","2","3"
16,62,89,"High","Medium","Medium","Public","High School",59,"11-20","3","1","2"
28,70,96,"Low","Medium","Medium","Private","",67,"21-30","3","2","3"
21,66,56,"Medium","Low","Medium","Private","Postgraduate",65,"21-30","1","1","3"
19,82,90,"Medium","High","Medium","Public","College",68,"11-20","3","2","2"
35,67,77,"Low","Low","Medium","Public","College",71,"30+","2","3","4"
14,62,64,"Medium","Low","Medium","Public","College",61,"11-20","2","1","2"
18,61,96,"Medium","Medium","Medium","Public","High School",63,"11-20","3","1","2"
13,93,51,"Low","Low","High","Private","High School",67,"11-20","1","2","2"
26,84,64,"Medium","Medium","High","Public","College",69,"21-30","2","2","3"
30,74,94,"Low","Medium","Medium","Public","High School",70,"21-30","3","3","4"
30,96,74,"High","Low","Low","Public","High School",69,"21-30","2","2","4"
27,63,80,"Medium","Low","High","Public","High School",66,"21-30","2","2","3"
19,99,87,"Low","Medium","Medium","Public","High School",70,"11-20","2","3","2"
18,85,57,"Low","Medium","High","Public","Postgraduate",67,"11-20","1","2","2"
10,67,61,"Medium","Low","High","Private","High School",61,"0-10","1","1","2"
32,87,100,"Medium","Medium","Low","Private","Postgraduate",74,"30+","3","3","4"
23,91,62,"Low","Medium","High","Private","College",70,"21-30","1","3","3"
17,77,77,"Low","Medium","Medium","Private","High School",66,"11-20","2","2","2"
28,94,65,"High","Low","High","Public","High School",73,"21-30","2","3","3"
14,66,93,"Medium","Medium","Medium","Private","High School",62,"11-20","3","1","2"
22,71,98,"Low","Low","High","Public","High School",65,"21-30","3","1","3"
19,64,57,"Low","Medium","High","Private","High School",62,"11-20","1","1","2"
24,68,80,"Medium","Low","Low","Public","Postgraduate",64,"21-30","2","1","3"
20,70,91,"Medium","Low","Medium","Public","High School",63,"11-20","3","1","3"
11,97,91,"Medium","Medium","Medium","Public","High School",69,"11-20","3","2","2"
20,63,72,"Low","Low","High","Public","Postgraduate",63,"11-20","2","1","3"
26,77,61,"Medium","Low","Medium","Public","College",67,"21-30","1","2","3"
20,81,69,"Medium","Medium","Medium","Private","High School",65,"11-20","2","1","3"
25,96,88,"Medium","Low","Medium","Private","High School",71,"21-30","3","3","3"
14,100,100,"Medium","Low","Medium","Public","Postgraduate",71,"11-20","3","3","2"
20,90,78,"High","Medium","High","Public","Postgraduate",69,"11-20","2","2","3"
16,99,60,"Medium","Low","High","Private","Postgraduate",71,"11-20","1","3","2"
24,91,52,"Medium","Low","Medium","Public","High School",68,"21-30","1","2","3"
20,99,97,"Medium","Low","Medium","Public","High School",70,"11-20","3","3","3"
24,88,74,"Medium","Low","High","Private","Postgraduate",71,"21-30","2","3","3"
27,63,86,"Medium","Medium","Medium","Public","Postgraduate",68,"21-30","2","2","3"
24,76,83,"Medium","High","Medium","Private","High School",69,"21-30","2","2","3"
22,86,95,"Medium","Medium","Low","Private","College",71,"21-30","3","3","3"
14,74,63,"Low","Low","High","Private","College",63,"11-20","1","1","2"
20,71,72,"Medium","Medium","Medium","Public","Postgraduate",66,"11-20","2","2","3"
17,83,96,"Medium","Low","Medium","Public","College",67,"11-20","3","2","2"
18,97,79,"Medium","High","Medium","Private","High School",71,"11-20","2","3","2"
18,61,54,"Medium","Medium","Medium","Public","College",59,"11-20","1","1","2"
14,91,60,"Medium","High","Medium","Public","High School",67,"11-20","1","2","2"
8,89,62,"Medium","Medium","Medium","Public","High School",66,"0-10","1","2","1"
16,99,100,"High","High","High","Public","High School",72,"11-20","3","3","2"
21,97,61,"Low","Low","High","Public","Postgraduate",70,"21-30","1","3","3"
12,90,93,"Low","High","Medium","Public","High School",68,"11-20","3","2","2"
20,81,54,"Low","Low","Low","Public","College",63,"11-20","1","1","3"
31,68,59,"Medium","High","High","Public","Postgraduate",69,"30+","1","2","4"
26,82,94,"Low","Low","Low","Private","High School",67,"21-30","3","2","3"
30,91,95,"Low","Medium","High","Public","College",75,"21-30","3","3","4"
22,96,59,"Medium","Medium","High","Private","High School",67,"21-30","1","2","3"
27,92,61,"Medium","Medium","High","Private","Postgraduate",74,"21-30","1","3","3"
16,68,77,"Medium","Medium","High","Public","Postgraduate",66,"11-20","2","2","2"
16,84,53,"Medium","Low","Medium","Public","High School",65,"11-20","1","1","2"
4,73,97,"High","Low","High","Public","High School",60,"0-10","3","1","1"
27,60,68,"High","Medium","Medium","Private","High School",63,"21-30","2","1","3"
29,68,74,"Low","High","High","Public","Postgraduate",69,"21-30","2","2","3"
17,65,55,"Medium","Medium","Medium","Public","High School",64,"11-20","1","1","2"
18,94,52,"Medium","Medium","Medium","Private","College",68,"11-20","1","2","2"
15,70,73,"Low","Medium","Low","Public","",63,"11-20","2","1","2"
22,71,56,"Low","Medium","High","Public","Postgraduate",65,"21-30","1","1","3"
27,98,82,"Medium","High","Medium","Public","High School",74,"21-30","2","3","3"
10,75,90,"Medium","Low","Medium","Public","Postgraduate",65,"0-10","3","1","2"
22,60,52,"Medium","Low","Medium","Public","High School",61,"21-30","1","1","3"
18,71,81,"Medium","Low","High","Public","High School",66,"11-20","2","2","2"
21,65,91,"High","Medium","High","Public","High School",67,"21-30","3","2","3"
23,64,72,"Medium","Low","High","Public","College",66,"21-30","2","2","3"
19,63,98,"High","High","Medium","Private","Postgraduate",69,"11-20","3","2","2"
19,84,56,"Low","Low","Medium","Public","High School",65,"11-20","1","1","2"
19,68,66,"Medium","Medium","Medium","Public","High School",65,"11-20","2","1","2"
26,74,62,"Medium","Low","Medium","Private","High School",66,"21-30","1","2","3"
23,94,100,"Low","Medium","High","Public","Postgraduate",73,"21-30","3","3","3"
21,77,65,"Medium","Low","High","Public","High School",64,"21-30","2","1","3"
12,97,69,"Low","Low","High","Public","High School",67,"11-20","2","2","2"
18,80,92,"High","Medium","High","Private","College",67,"11-20","3","2","2"
25,76,96,"Medium","Medium","Medium","Public","High School",68,"21-30","3","2","3"
20,90,97,"Medium","High","High","Public","College",71,"11-20","3","3","3"
24,63,78,"Medium","Low","High","Private","High School",64,"21-30","2","1","3"
31,64,83,"Medium","Medium","Medium","Public","High School",67,"30+","2","2","4"
26,86,67,"Medium","Low","High","Private","High School",68,"21-30","2","2","3"
21,79,80,"High","Low","High","Private","College",67,"21-30","2","2","3"
17,92,65,"High","Medium","High","Public","College",70,"11-20","2","3","2"
5,97,87,"Medium","Medium","Medium","Private","High School",64,"0-10","2","1","1"
19,76,65,"Medium","Low","Medium","Public","High School",63,"11-20","2","1","2"
18,84,94,"Medium","High","Medium","Public","High School",71,"11-20","3","3","2"
22,80,57,"Low","Low","Medium","Public","Postgraduate",64,"21-30","1","1","3"
19,99,79,"High","Medium","Medium","Private","High School",70,"11-20","2","3","2"
18,93,76,"High","Low","Medium","Public","College",70,"11-20","2","3","2"
9,96,63,"Medium","High","Medium","Private","High School",67,"0-10","1","2","1"
14,70,51,"Low","Low","High","Public","College",62,"11-20","1","1","2"
23,91,57,"Low","Low","High","Private","High School",69,"21-30","1","2","3"
30,71,98,"Low","High","Medium","Public","High School",69,"21-30","3","2","4"
19,68,97,"Low","Low","Medium","Public","College",62,"11-20","3","1","2"
22,98,56,"High","High","Medium","Private","College",70,"21-30","1","3","3"
26,61,69,"High","Medium","High","Public","High School",66,"21-30","2","2","3"
15,99,73,"Low","Low","Medium","Public","High School",69,"11-20","2","2","2"
22,66,74,"Medium","Low","High","Public","Postgraduate",65,"21-30","2","1","3"
16,93,65,"Low","Medium","Medium","Public","High School",66,"11-20","2","2","2"
25,71,96,"Low","Low","Medium","Public","High School",69,"21-30","3","2","3"
21,74,95,"Low","Medium","Medium","Private","High School",66,"21-30","3","2","3"
22,69,51,"Medium","Low","High","Public","High School",65,"21-30","1","1","3"
15,83,83,"Low","High","Medium","Public","Postgraduate",66,"11-20","2","2","2"
24,74,54,"Medium","Low","","Public","",63,"21-30","1","1","3"
33,86,80,"Medium","Low","High","Public","Postgraduate",72,"30+","2","3","4"
14,61,93,"Low","Medium","High","Public","High School",62,"11-20","3","1","2"
18,63,82,"Medium","High","Medium","Private","High School",64,"11-20","2","1","2"
21,64,73,"High","Low","Medium","Public","College",61,"21-30","2","1","3"
25,77,98,"Low","High","Medium","Public","High School",70,"21-30","3","3","3"
17,93,87,"Medium","Low","High","Private","High School",67,"11-20","2","2","2"
3,96,62,"Medium","Low","Medium","Private","High School",66,"0-10","1","2","1"
28,70,69,"Medium","Low","Low","Public","High School",66,"21-30","2","2","3"
25,83,88,"Low","Medium","High","Public","College",68,"21-30","3","2","3"
10,91,51,"Medium","Low","Medium","Public","Postgraduate",67,"0-10","1","2","2"
16,72,53,"Medium","High","High","Public","College",65,"11-20","1","1","2"
29,76,93,"Low","Medium","High","Public","College",70,"21-30","3","3","3"
29,81,52,"Medium","High","Medium","Public","College",69,"21-30","1","2","3"
26,65,84,"Medium","Low","High","Public","Postgraduate",68,"21-30","2","2","3"
19,61,66,"Medium","High","Medium","Public","High School",61,"11-20","2","1","2"
20,66,91,"Low","Medium","High","Public","High School",65,"11-20","3","1","3"
19,85,92,"Medium","Medium","Medium","Public","College",71,"11-20","3","3","2"
27,63,98,"Low","Medium","Medium","Private","High School",66,"21-30","3","2","3"
15,68,55,"Medium","High","Medium","Private","High School",62,"11-20","1","1","2"
15,74,71,"Medium","Low","High","Public","Postgraduate",61,"11-20","2","1","2"
26,63,79,"Medium","Low","High","Public","High School",67,"21-30","2","2","3"
20,68,96,"Medium","Low","High","Public","High School",66,"11-20","3","2","3"
28,96,63,"High","High","Medium","Public","High School",71,"21-30","1","3","3"
16,61,54,"High","Low","High","Private","College",62,"11-20","1","1","2"
20,86,60,"Low","High","Medium","Public","Postgraduate",67,"11-20","1","2","3"
14,75,75,"Medium","Low","High","Public","High School",64,"11-20","2","1","2"
20,87,84,"Medium","Medium","Medium","Private","High School",68,"11-20","2","2","3"
11,84,85,"High","Medium","Medium","Public","College",67,"11-20","2","2","2"
17,69,54,"High","High","Low","Public","High School",63,"11-20","1","1","2"
11,94,88,"Medium","Medium","Medium","Public","High School",70,"11-20","3","3","2"
24,80,83,"Medium","Low","Low","Public","High School",67,"21-30","2","2","3"
24,93,70,"Low","Medium","High","Private","High School",71,"21-30","2","3","3"
10,76,79,"Low","Medium","Medium","Private","High School",62,"0-10","2","1","2"
28,99,88,"Medium","Low","Medium","Public","High School",75,"21-30","3","3","3"
35,91,63,"Low","Medium","Medium","Public","High School",72,"30+","1","3","4"
20,99,97,"Low","High","Medium","Public","College",73,"11-20","3","3","3"
16,81,57,"High","Low","Low","Private","High School",64,"11-20","1","1","2"
37,79,95,"High","High","Medium","Public","High School",73,"30+","3","3","4"
12,90,87,"Low","Low","High","Public","Postgraduate",66,"11-20","2","2","2"
20,95,83,"High","Medium","Medium","Private","High School",69,"11-20","2","2","3"
21,99,54,"High","Low","Medium","Public","College",70,"21-30","1","3","3"
28,73,96,"Medium","Medium","Medium","Public","Postgraduate",70,"21-30","3","3","3"
22,92,65,"Medium","Medium","High","Private","High School",71,"21-30","2","3","3"
17,68,87,"High","Low","Medium","Private","College",64,"11-20","2","1","2"
14,82,94,"Low","Medium","High","Private","Postgraduate",71,"11-20","3","3","2"
18,67,62,"High","Low","Low","Private","High School",63,"11-20","1","1","2"
14,74,96,"Low","Low","High","Public","College",68,"11-20","3","2","2"
20,97,81,"Medium","Medium","High","Public","College",71,"11-20","2","3","3"
17,66,83,"Medium","Medium","High","Private","High School",65,"11-20","2","1","2"
11,85,96,"Medium","Low","Medium","Public","High School",66,"11-20","3","2","2"
28,84,76,"High","High","Medium","Private","High School",72,"21-30","2","3","3"
17,65,72,"Low","Low","Medium","Public","College",65,"11-20","2","1","2"
12,73,82,"Medium","Low","Medium","Public","High School",60,"11-20","2","1","2"
19,83,78,"High","Low","High","Public","Postgraduate",67,"11-20","2","2","2"
20,67,53,"High","Low","Medium","Private","Postgraduate",65,"11-20","1","1","3"
10,92,59,"High","Low","Medium","Public","High School",64,"0-10","1","1","2"
22,99,51,"Medium","High","High","Public","High School",72,"21-30","1","3","3"
14,69,55,"Medium","Low","Low","Private","High School",62,"11-20","1","1","2"
30,67,86,"Medium","Low","Medium","Public","High School",67,"21-30","2","2","4"
23,78,50,"Medium","Medium","Medium","Private","Postgraduate",67,"21-30","1","2","3"
18,90,65,"Low","Medium","Medium","Public","College",69,"11-20","2","2","2"
16,71,72,"Low","Medium","Low","Private","College",65,"11-20","2","1","2"
19,61,97,"Low","Medium","High","Public","College",62,"11-20","3","1","2"
24,82,66,"Medium","Medium","Medium","Private","Postgraduate",69,"21-30","2","2","3"
20,98,89,"Medium","High","Medium","Public","College",72,"11-20","3","3","3"
19,76,70,"Low","Low","Medium","Public","College",63,"11-20","2","1","2"
20,77,55,"Low","Medium","Medium","Public","College",64,"11-20","1","1","3"
16,99,55,"Medium","High","Medium","Public","College",67,"11-20","1","2","2"
18,88,72,"High","High","High","Public","Postgraduate",70,"11-20","2","3","2"
7,89,53,"Medium","Low","High","Private","High School",64,"0-10","1","1","1"
26,83,79,"Medium","High","Medium","Public","High School",69,"21-30","2","2","3"
22,99,75,"Low","Medium","Medium","Private","High School",72,"21-30","2","3","3"
15,88,85,"Medium","Medium","Medium","Private","Postgraduate",69,"11-20","2","2","2"
31,96,59,"Medium","Low","Medium","Private","High School",75,"30+","1","3","4"
21,88,80,"Low","Medium","Medium","Public","Postgraduate",67,"21-30","2","2","3"
14,89,59,"High","Low","Medium","Private","College",67,"11-20","1","2","2"
25,72,86,"High","Medium","","Public","High School",66,"21-30","2","2","3"
22,72,65,"High","Medium","Medium","Public","High School",64,"21-30","2","1","3"
22,91,81,"Medium","Low","High","Private","High School",68,"21-30","2","2","3"
17,72,94,"High","Low","Medium","Public","High School",66,"11-20","3","2","2"
23,83,74,"Medium","Low","Medium","Public","Postgraduate",69,"21-30","2","2","3"
18,70,60,"Medium","Medium","High","Public","College",65,"11-20","1","1","2"
23,93,94,"High","Medium","Low","Private","High School",70,"21-30","3","3","3"
9,64,68,"Low","Medium","Medium","Private","High School",57,"0-10","2","1","1"
17,93,87,"Low","High","High","Private","College",69,"11-20","2","2","2"
30,84,66,"Low","Medium","Low","Public","Postgraduate",70,"21-30","2","3","4"
15,67,65,"Medium","Medium","Medium","Private","College",63,"11-20","2","1","2"
16,82,82,"Medium","Medium","Low","Public","Postgraduate",66,"11-20","2","2","2"
17,71,58,"Medium","Medium","Medium","Private","High School",64,"11-20","1","1","2"
13,73,93,"Medium","High","High","Public","Postgraduate",65,"11-20","3","1","2"
7,74,69,"High","High","Medium","Public","High School",64,"0-10","2","1","1"
19,63,51,"High","Medium","Medium","Public","High School",62,"11-20","1","1","2"
21,99,65,"Low","Medium","Medium","Private","College",71,"21-30","2","3","3"
20,61,89,"Medium","Medium","Medium","Public","Postgraduate",64,"11-20","3","1","3"
19,86,93,"High","Medium","High","Public","High School",72,"11-20","3","3","2"
20,75,78,"Medium","Low","Medium","Public","College",64,"11-20","2","1","3"
26,86,65,"Medium","High","High","Private","Postgraduate",71,"21-30","2","3","3"
19,74,76,"High","Medium","High","Public","College",68,"11-20","2","2","2"
17,87,92,"Medium","High","Low","Public","College",68,"11-20","3","2","2"
18,89,66,"Medium","Medium","Medium","Public","College",68,"11-20","2","2","2"
23,88,69,"Medium","Low","High","Public","High School",69,"21-30","2","2","3"
28,65,77,"High","Low","High","Public","College",67,"21-30","2","2","3"
16,86,94,"Low","Low","Medium","Private","High School",66,"11-20","3","2","2"
21,71,79,"Medium","Low","Medium","Private","Postgraduate",65,"21-30","2","1","3"
22,61,60,"High","High","Low","Private","High School",63,"21-30","1","1","3"
14,77,54,"Medium","Medium","High","Public","High School",62,"11-20","1","1","2"
20,77,55,"Medium","High","Low","Private","College",67,"11-20","1","2","3"
11,79,98,"Medium","Low","Medium","Public","High School",65,"11-20","3","1","2"
9,88,91,"Medium","Low","","Public","College",66,"0-10","3","2","1"
22,72,88,"Medium","Medium","Medium","Public","High School",66,"21-30","3","2","3"
18,73,75,"Medium","High","Medium","Public","College",64,"11-20","2","1","2"
21,62,84,"Medium","Low","Medium","Public","High School",67,"21-30","2","2","3"
20,87,56,"Medium","Medium","Medium","Public","College",67,"11-20","1","2","3"
14,83,81,"Low","Low","Medium","Public","High School",61,"11-20","2","1","2"
20,74,91,"Medium","Low","Medium","Public","High School",66,"11-20","3","2","3"
13,88,53,"Medium","Medium","Medium","Private","College",66,"11-20","1","2","2"
28,81,65,"Medium","Low","Medium","Public","High School",67,"21-30","2","2","3"
12,79,56,"High","Low","Low","Public","High School",64,"11-20","1","1","2"
19,80,63,"Low","Low","Medium","Public","High School",64,"11-20","1","1","2"
14,85,89,"Medium","Medium","High","Public","College",67,"11-20","3","2","2"
23,86,67,"Low","Medium","High","Private","College",68,"21-30","2","2","3"
18,72,84,"Medium","Medium","Medium","Public","High School",64,"11-20","2","1","2"
17,66,89,"Medium","Medium","Medium","Private","College",63,"11-20","3","1","2"
25,66,91,"Medium","Low","High","Public","College",68,"21-30","3","2","3"
20,86,94,"Low","Low","Medium","Private","High School",64,"11-20","3","1","3"
23,95,80,"High","Low","Medium","Public","High School",70,"21-30","2","3","3"
14,76,64,"Medium","Medium","Medium","Private","College",64,"11-20","2","1","2"
12,67,58,"Medium","High","Medium","Public","High School",59,"11-20","1","1","2"
21,90,75,"Medium","Low","High","Public","High School",71,"21-30","2","3","3"
18,93,55,"Medium","Low","Medium","Public","High School",67,"11-20","1","2","2"
24,95,96,"High","Low","Medium","Private","Postgraduate",73,"21-30","3","3","3"
20,84,72,"Medium","High","Medium","Public","High School",66,"11-20","2","2","3"
21,94,94,"Medium","Low","High","Private","College",73,"21-30","3","3","3"
10,61,85,"High","Medium","Medium","Public","High School",62,"0-10","2","1","2"
31,64,93,"Medium","Low","High","Public","High School",69,"30+","3","2","4"
19,64,94,"Medium","Medium","High","Private","Postgraduate",66,"11-20","3","2","2"
24,89,53,"Medium","Low","High","Private","High School",68,"21-30","1","2","3"
15,63,86,"Low","High","Medium","Public","High School",65,"11-20","2","1","2"
22,80,61,"High","Low","Medium","Public","College",67,"21-30","1","2","3"
12,79,99,"Low","Medium","Medium","Public","High School",64,"11-20","3","1","2"
23,72,89,"Medium","Medium","High","Private","High School",67,"21-30","3","2","3"
18,95,50,"Low","Medium","Medium","Private","High School",66,"11-20","1","2","2"
20,67,96,"High","High","High","Public","High School",68,"11-20","3","2","3"
24,74,65,"Low","Medium","High","Public","College",68,"21-30","2","2","3"
13,91,71,"Low","Low","Medium","Public","College",64,"11-20","2","1","2"
16,61,81,"Low","Medium","Medium","Public","High School",63,"11-20","2","1","2"
23,87,96,"Medium","Medium","Medium","Public","College",72,"21-30","3","3","3"
33,93,96,"Medium","Low","High","Public","Postgraduate",75,"30+","3","3","4"
19,97,78,"Low","Low","Medium","Public","High School",71,"11-20","2","3","2"
24,95,66,"Low","High","High","Public","High School",71,"21-30","2","3","3"
19,73,64,"Low","Medium","Medium","Public","College",66,"11-20","2","2","2"
32,83,68,"Medium","Low","Medium","Private","High School",71,"30+","2","3","4"
10,63,59,"Low","Medium","High","Public","Postgraduate",61,"0-10","1","1","2"
21,70,83,"Medium","Medium","Medium","Public","High School",65,"21-30","2","1","3"
10,64,76,"Low","Low","Medium","Private","High School",58,"0-10","2","1","2"
5,73,89,"High","Medium","Medium","Public","High School",62,"0-10","3","1","1"
22,95,55,"Medium","High","High","Public","College",69,"21-30","1","2","3"
21,74,70,"Medium","Medium","Medium","Public","Postgraduate",65,"21-30","2","1","3"
18,82,62,"High","Low","Medium","Private","High School",69,"11-20","1","2","2"
19,77,77,"High","Low","High","Private","College",68,"11-20","2","2","2"
39,78,73,"Medium","Low","Medium","Public","College",70,"30+","2","3","4"
18,99,72,"Medium","Low","Medium","Public","High School",72,"11-20","2","3","2"
23,72,66,"Low","Low","Medium","Private","Postgraduate",66,"21-30","2","2","3"
16,85,86,"Low","High","Medium","Private","High School",68,"11-20","2","2","2"
22,77,74,"High","Low","Low","Private","College",67,"21-30","2","2","3"
19,62,60,"Medium","Low","Medium","Public","College",61,"11-20","1","1","2"
18,80,77,"Medium","Low","High","Public","College",64,"11-20","2","1","2"
31,93,80,"Medium","Medium","Medium","Public","High School",74,"30+","2","3","4"
27,64,51,"High","Low","High","Public","High School",64,"21-30","1","1","3"
21,63,60,"Medium","Medium","Medium","Public","Postgraduate",64,"21-30","1","1","3"
6,66,62,"Low","Low","Medium","Public","Postgraduate",61,"0-10","1","1","1"
18,91,62,"Medium","Low","Medium","Private","High School",71,"11-20","1","3","2"
36,89,62,"Low","Low","High","Private","College",72,"30+","1","3","4"
19,83,64,"Medium","Medium","Medium","Private","Postgraduate",68,"11-20","2","2","2"
27,79,63,"High","Low","Medium","Public","College",69,"21-30","1","2","3"
29,96,94,"High","Low","High","Public","High School",74,"21-30","3","3","3"
21,91,66,"Low","Low","Medium","Public","College",70,"21-30","2","3","3"
15,92,67,"Low","High","High","Public","Postgraduate",69,"11-20","2","2","2"
5,93,63,"Medium","Medium","High","Public","Postgraduate",64,"0-10","1","1","1"
24,86,98,"Medium","High","Medium","Public","Postgraduate",71,"21-30","3","3","3"
15,78,77,"Low","High","Medium","Public","College",65,"11-20","2","1","2"
21,95,81,"Medium","Medium","Medium","Public","High School",71,"21-30","2","3","3"
13,97,87,"Low","Medium","High","Public","Postgraduate",71,"11-20","2","3","2"
18,61,67,"Medium","High","High","Public","Postgraduate",66,"11-20","2","2","2"
20,62,98,"High","High","Low","Public","High School",64,"11-20","3","1","3"
22,98,58,"Medium","Medium","","Private","",70,"21-30","1","3","3"
13,71,73,"Low","High","High","Private","High School",61,"11-20","2","1","2"
27,95,57,"High","Medium","Low","Private","High School",71,"21-30","1","3","3"
16,76,90,"Medium","Low","Medium","Public","Postgraduate",65,"11-20","3","1","2"
10,65,55,"Medium","Low","High","Public","High School",59,"0-10","1","1","2"
19,63,78,"Low","Medium","Medium","Public","College",63,"11-20","2","1","2"
20,66,55,"Low","High","High","Public","Postgraduate",64,"11-20","1","1","3"
21,70,73,"Low","High","Medium","Public","College",63,"21-30","2","1","3"
28,80,64,"Medium","Low","Medium","Private","Postgraduate",70,"21-30","2","3","3"
19,88,95,"Medium","Medium","High","Public","High School",70,"11-20","3","3","2"
19,99,53,"Medium","Medium","Medium","Private","College",72,"11-20","1","3","2"
13,78,82,"High","Low","High","Public","College",65,"11-20","2","1","2"
25,81,85,"High","Medium","Medium","Public","Postgraduate",71,"21-30","2","3","3"
21,81,94,"Medium","Medium","Medium","Public","Postgraduate",70,"21-30","3","3","3"
17,82,94,"Medium","High","High","Private","High School",66,"11-20","3","2","2"
9,81,99,"Medium","Low","Medium","Public","High School",64,"0-10","3","1","1"
29,60,63,"Medium","Low","Medium","Public","Postgraduate",64,"21-30","1","1","3"
13,60,64,"Low","Medium","Medium","Public","College",59,"11-20","2","1","2"
16,64,70,"Medium","Low","Low","Public","High School",65,"11-20","2","1","2"
22,64,77,"Medium","Low","High","Public","High School",66,"21-30","2","2","3"
13,88,68,"High","High","Medium","Public","High School",67,"11-20","2","2","2"
11,68,87,"Medium","Low","Medium","Public","High School",62,"11-20","2","1","2"
7,96,50,"Medium","High","Medium","Private","College",65,"0-10","1","1","1"
24,97,51,"Medium","Low","","Public","Postgraduate",73,"21-30","1","3","3"
17,99,86,"Low","Medium","Medium","Private","College",70,"11-20","2","3","2"
38,98,94,"Medium","Low","Low","Public","Postgraduate",75,"30+","3","3","4"
14,71,89,"Medium","Medium","Medium","Public","Postgraduate",66,"11-20","3","2","2"
14,80,56,"Low","Low","Medium","Public","Postgraduate",65,"11-20","1","1","2"
17,67,97,"Medium","Medium","Low","Public","Postgraduate",64,"11-20","3","1","2"
21,92,76,"Low","Low","Medium","Public","College",70,"21-30","2","3","3"
17,96,87,"Medium","Medium","Medium","Private","High School",71,"11-20","2","3","2"
24,94,60,"Low","Medium","Medium","Public","High School",68,"21-30","1","2","3"
14,77,77,"Low","Low","High","Private","College",64,"11-20","2","1","2"
12,90,67,"Low","Low","Low","Public","High School",67,"11-20","2","2","2"
9,64,99,"Medium","Low","High","Public","High School",65,"0-10","3","1","1"
7,62,74,"Medium","Medium","Medium","Public","Postgraduate",62,"0-10","2","1","1"
17,90,88,"Low","Medium","Medium","Public","College",68,"11-20","3","2","2"
18,77,80,"Medium","Medium","Low","Private","College",66,"11-20","2","2","2"
16,100,55,"High","Low","Medium","Public","College",69,"11-20","1","2","2"
27,64,77,"High","High","Medium","Public","High School",68,"21-30","2","2","3"
27,94,77,"Medium","Medium","High","Public","College",71,"21-30","2","3","3"
18,79,86,"Medium","Low","Low","Public","College",68,"11-20","2","2","2"
9,93,66,"Medium","Low","Low","Private","College",64,"0-10","2","1","1"
17,93,93,"Low","Low","Medium","Public","College",66,"11-20","3","2","2"
16,97,81,"High","High","High","Private","High School",70,"11-20","2","3","2"
16,72,52,"Medium","Medium","High","Public","College",60,"11-20","1","1","2"
16,98,85,"Low","Low","High","Public","College",69,"11-20","2","2","2"
16,66,95,"Low","Medium","Medium","Public","College",65,"11-20","3","1","2"
18,63,84,"Medium","Medium","High","Public","High School",66,"11-20","2","2","2"
16,77,69,"Medium","Medium","Medium","Private","High School",64,"11-20","2","1","2"
21,93,80,"Medium","High","High","Public","College",71,"21-30","2","3","3"
22,79,59,"Medium","Medium","Medium","Public","College",66,"21-30","1","2","3"
15,93,80,"Low","Low","Medium","Public","High School",66,"11-20","2","2","2"
28,89,75,"Medium","Low","Low","Private","High School",68,"21-30","2","2","3"
14,68,51,"High","High","Medium","Public","High School",63,"11-20","1","1","2"
10,98,66,"Low","Low","High","Public","College",66,"0-10","2","2","2"
22,62,60,"Low","Medium","High","Public","College",61,"21-30","1","1","3"
15,96,70,"High","Low","High","Private","College",70,"11-20","2","3","2"
22,72,62,"Low","High","Medium","Private","College",68,"21-30","1","2","3"
6,80,92,"Low","Low","Medium","Public","Postgraduate",65,"0-10","3","1","1"
28,77,85,"High","Low","Medium","Public","Postgraduate",69,"21-30","2","2","3"
24,67,87,"Low","Medium","Medium","Public","College",67,"21-30","2","2","3"
11,74,68,"Low","Medium","Medium","Public","High School",62,"11-20","2","1","2"
11,68,50,"Low","Low","High","Private","High School",61,"11-20","1","1","2"
30,68,61,"High","Medium","Medium","Public","Postgraduate",70,"21-30","1","3","4"
16,67,88,"Medium","High","Low","Public","College",65,"11-20","3","1","2"
15,80,80,"Medium","Low","Medium","Public","High School",65,"11-20","2","1","2"
6,92,77,"Medium","Low","High","Public","High School",66,"0-10","2","2","1"
18,83,64,"Low","Medium","High","Private","High School",66,"11-20","2","2","2"
19,96,54,"High","Low","Medium","Public","College",69,"11-20","1","2","2"
24,85,89,"Medium","Low","Medium","Public","High School",70,"21-30","3","3","3"
12,88,52,"Low","Medium","High","Public","High School",63,"11-20","1","1","2"
11,87,53,"High","Medium","Medium","Public","High School",64,"11-20","1","1","2"
23,78,65,"High","Low","High","Public","College",65,"21-30","2","1","3"
26,88,79,"Medium","Low","High","Public","High School",71,"21-30","2","3","3"
11,63,100,"High","Medium","Medium","Public","High School",61,"11-20","3","1","2"
26,94,55,"Low","High","Medium","Public","High School",69,"21-30","1","2","3"
20,91,74,"Medium","Medium","Medium","Public","High School",69,"11-20","2","2","3"
27,70,80,"Low","Low","Medium","Public","High School",66,"21-30","2","2","3"
20,91,91,"Medium","High","High","Public","High School",72,"11-20","3","3","3"
5,61,84,"High","Medium","Medium","Public","College",60,"0-10","2","1","1"
19,69,90,"Medium","Low","Medium","Public","College",62,"11-20","3","1","2"
26,63,76,"Medium","Medium","High","Public","High School",66,"21-30","2","2","3"
15,91,72,"Low","High","High","Private","High School",69,"11-20","2","2","2"
18,90,81,"Medium","Medium","Low","Public","Postgraduate",69,"11-20","2","2","2"
19,93,95,"Low","Medium","Medium","Private","High School",71,"11-20","3","3","2"
3,60,78,"Low","Low","Medium","Public","Postgraduate",57,"0-10","2","1","1"
30,80,80,"Medium","Low","Medium","Private","Postgraduate",72,"21-30","2","3","4"
15,88,67,"Medium","Medium","High","Private","High School",66,"11-20","2","2","2"
23,66,80,"Medium","Medium","Medium","Public","College",66,"21-30","2","2","3"
19,86,81,"Medium","Medium","High","Public","College",70,"11-20","2","3","2"
28,63,88,"Medium","Low","High","Public","High School",67,"21-30","3","2","3"
22,67,79,"Medium","Medium","Low","Private","College",65,"21-30","2","1","3"
19,79,60,"Low","Low","Medium","Public","High School",63,"11-20","1","1","2"
15,86,79,"Medium","Low","Medium","Public","College",68,"11-20","2","2","2"
25,66,65,"Medium","Medium","Medium","Public","High School",63,"21-30","2","1","3"
9,67,54,"Medium","Medium","High","Private","College",63,"0-10","1","1","1"
24,68,91,"High","High","Medium","Public","College",68,"21-30","3","2","3"
13,70,53,"Medium","Low","Medium","Public","College",60,"11-20","1","1","2"
28,69,82,"High","Medium","Medium","Private","High School",67,"21-30","2","2","3"
21,76,99,"High","Low","Low","Public","College",65,"21-30","3","1","3"
24,86,54,"Medium","Low","High","Public","College",68,"21-30","1","2","3"
20,78,61,"Medium","Medium","Medium","Public","High School",62,"11-20","1","1","3"
9,91,88,"Low","Medium","Medium","Public","Postgraduate",65,"0-10","3","1","1"
15,89,55,"High","Low","Medium","Private","High School",66,"11-20","1","2","2"
24,65,92,"Low","Medium","High","Public","High School",67,"21-30","3","2","3"
21,62,50,"Low","High","Medium","Public","High School",60,"21-30","1","1","3"
27,95,94,"High","Medium","Medium","Public","Postgraduate",74,"21-30","3","3","3"
22,63,53,"Medium","High","Medium","Public","High School",62,"21-30","1","1","3"
14,66,96,"Low","High","Medium","Public","College",61,"11-20","3","1","2"
15,61,93,"High","Medium","High","Public","High School",63,"11-20","3","1","2"
21,85,77,"Medium","Low","Medium","Public","College",66,"21-30","2","2","3"
6,83,89,"Medium","Low","Medium","Public","Postgraduate",65,"0-10","3","1","1"
30,99,54,"Medium","Medium","Medium","Private","Postgraduate",72,"21-30","1","3","4"
23,95,57,"Medium","Low","Medium","Private","High School",70,"21-30","1","3","3"
27,76,68,"Medium","Medium","Medium","Public","Postgraduate",71,"21-30","2","3","3"
11,75,77,"Medium","High","High","Private","College",64,"11-20","2","1","2"
27,72,93,"Low","High","Medium","Public","College",70,"21-30","3","3","3"
33,66,77,"Medium","Medium","Low","Public","High School",68,"30+","2","2","4"
12,66,83,"Medium","Medium","Medium","Public","High School",61,"11-20","2","1","2"
25,65,84,"High","High","Medium","Public","High School",68,"21-30","2","2","3"
20,65,94,"Medium","Low","High","Public","Postgraduate",64,"11-20","3","1","3"
11,70,89,"Low","Medium","Medium","Public","High School",64,"11-20","3","1","2"
23,72,99,"Medium","Medium","High","Private","Postgraduate",71,"21-30","3","3","3"
25,98,51,"Medium","Medium","Medium","Private","College",72,"21-30","1","3","3"
16,83,60,"Medium","High","Medium","Public","College",66,"11-20","1","2","2"
27,100,97,"Low","Low","High","Public","High School",74,"21-30","3","3","3"
10,75,90,"Medium","Medium","High","Public","Postgraduate",65,"0-10","3","1","2"
11,78,63,"Low","Low","Medium","Public","High School",64,"11-20","1","1","2"
21,73,99,"Medium","Medium","High","Public","College",69,"21-30","3","2","3"
20,67,93,"Low","Low","Medium","Public","College",62,"11-20","3","1","3"
16,66,53,"High","Medium","Medium","Public","Postgraduate",62,"11-20","1","1","2"
25,98,91,"Medium","Low","Low","Public","Postgraduate",72,"21-30","3","3","3"
23,99,89,"High","Medium","Medium","Public","High School",73,"21-30","3","3","3"
25,62,61,"High","Medium","Medium","Public","Postgraduate",64,"21-30","1","1","3"
19,66,83,"Medium","Medium","High","Public","High School",65,"11-20","2","1","2"
24,77,99,"Medium","Low","Medium","Public","High School",70,"21-30","3","3","3"
17,67,84,"High","High","High","Public","Postgraduate",66,"11-20","2","2","2"
32,75,91,"Low","High","Medium","Public","College",70,"30+","3","3","4"
15,65,55,"Low","Medium","Medium","Private","High School",63,"11-20","1","1","2"
33,78,86,"Medium","Low","High","Public","High School",69,"30+","2","2","4"
20,71,60,"Low","Medium","Medium","Public","High School",64,"11-20","1","1","3"
12,74,54,"Medium","Medium","Medium","Private","Postgraduate",63,"11-20","1","1","2"
28,64,78,"Low","Medium","Medium","Private","Postgraduate",66,"21-30","2","2","3"
21,77,88,"Low","High","Medium","Private","College",68,"21-30","3","2","3"
25,99,77,"Medium","High","High","Public","High School",97,"21-30","2","3","3"
27,73,97,"Medium","Medium","High","Public","High School",67,"21-30","3","2","3"
22,95,85,"Medium","Medium","Medium","Private","College",71,"21-30","2","3","3"
16,94,56,"Low","Low","High","Public","College",66,"11-20","1","2","2"
26,98,97,"Medium","Low","Medium","Public","Postgraduate",72,"21-30","3","3","3"
20,92,58,"Low","Low","Low","Public","Postgraduate",70,"11-20","1","3","3"
24,86,88,"Medium","Low","Medium","Public","High School",69,"21-30","3","2","3"
7,94,57,"High","Medium","Medium","Public","Postgraduate",66,"0-10","1","2","1"
23,63,100,"Low","Medium","High","Private","Postgraduate",69,"21-30","3","2","3"
16,79,67,"Low","Medium","High","Private","College",65,"11-20","2","1","2"
30,100,75,"Medium","Low","Medium","Public","College",75,"21-30","2","3","4"
24,91,73,"Medium","Low","High","Private","Postgraduate",70,"21-30","2","3","3"
21,98,55,"Low","Medium","Medium","Public","High School",70,"21-30","1","3","3"
23,91,75,"Low","Low","High","Public","High School",69,"21-30","2","2","3"
14,95,57,"Medium","Low","Low","Public","College",68,"11-20","1","2","2"
30,88,90,"High","High","Medium","Private","College",73,"21-30","3","3","4"
32,90,98,"High","Medium","High","Public","College",74,"30+","3","3","4"
22,81,90,"Medium","High","Medium","Public","College",66,"21-30","3","2","3"
30,97,72,"High","Low","High","Public","High School",74,"21-30","2","3","4"
17,93,50,"Low","High","Medium","Public","High School",67,"11-20","1","2","2"
15,94,52,"Low","Medium","Medium","Private","College",67,"11-20","1","2","2"
20,87,75,"Low","Medium","Medium","Private","College",70,"11-20","2","3","3"
23,72,84,"Medium","High","High","Public","High School",67,"21-30","2","2","3"
18,61,91,"High","Medium","High","Public","College",80,"11-20","3","3","2"
23,97,80,"Low","Low","Low","Public","College",70,"21-30","2","3","3"
22,83,99,"Low","High","High","Public","High School",71,"21-30","3","3","3"
14,72,75,"High","High","Medium","Private","College",64,"11-20","2","1","2"
23,66,80,"Medium","Medium","Medium","Public","College",68,"21-30","2","2","3"
25,93,62,"Medium","Low","Medium","Public","High School",68,"21-30","1","2","3"
21,93,67,"Medium","High","Medium","Public","High School",69,"21-30","2","2","3"
27,93,84,"Low","Medium","Medium","Private","Postgraduate",72,"21-30","2","3","3"
13,86,80,"Medium","Low","Medium","Private","College",65,"11-20","2","1","2"
23,75,68,"Medium","High","Low","Private","High School",64,"21-30","2","1","3"
13,72,56,"Low","Low","High","Public","Postgraduate",64,"11-20","1","1","2"
13,60,67,"High","Low","Medium","Public","High School",58,"11-20","2","1","2"
16,93,52,"Low","Medium","High","Public","High School",69,"11-20","1","2","2"
14,63,79,"Medium","Low","Medium","Public","High School",61,"11-20","2","1","2"
17,85,66,"Medium","Medium","High","Public","College",68,"11-20","2","2","2"
19,80,69,"Low","Low","Low","Private","College",66,"11-20","2","2","2"
25,81,79,"Low","Medium","Medium","Public","College",68,"21-30","2","2","3"
18,97,79,"Low","Low","High","Public","College",70,"11-20","2","3","2"
10,61,79,"Medium","High","High","Public","College",62,"0-10","2","1","2"
27,91,75,"Low","Medium","High","Private","High School",71,"21-30","2","3","3"
15,62,74,"High","Low","High","Public","Postgraduate",61,"11-20","2","1","2"
20,62,91,"Low","Medium","Low","Public","College",64,"11-20","3","1","3"
23,77,73,"Medium","Low","Low","Public","College",65,"21-30","2","1","3"
21,63,77,"Low","Medium","High","Public","High School",63,"21-30","2","1","3"
27,92,99,"Low","Low","Low","Private","High School",74,"21-30","3","3","3"
23,81,59,"Low","Medium","High","Public","College",68,"21-30","1","2","3"
15,61,86,"High","High","High","Public","High School",65,"11-20","2","1","2"
33,62,74,"Low","Medium","Medium","Public","College",66,"30+","2","2","4"
21,85,92,"Medium","Medium","High","Public","High School",69,"21-30","3","2","3"
19,92,70,"Low","High","Medium","Private","College",69,"11-20","2","2","2"
26,78,65,"Medium","Medium","Medium","Public","College",70,"21-30","2","3","3"
21,82,60,"High","High","High","Public","High School",70,"21-30","1","3","3"
22,92,94,"Medium","Medium","Medium","Public","High School",71,"21-30","3","3","3"
35,84,86,"Medium","Medium","Medium","Public","High School",72,"30+","2","3","4"
18,69,54,"Medium","Low","High","Public","High School",61,"11-20","1","1","2"
18,85,86,"High","Medium","Medium","Private","High School",68,"11-20","2","2","2"
21,85,52,"Medium","Low","Medium","Private","High School",66,"21-30","1","2","3"
26,89,59,"Low","Low","High","Public","High School",70,"21-30","1","3","3"
11,85,80,"Low","Low","High","Public","College",63,"11-20","2","1","2"
8,99,73,"Medium","Medium","","Public","High School",68,"0-10","2","2","1"
16,68,92,"Medium","Medium","Medium","Public","College",62,"11-20","3","1","2"
10,98,80,"Low","Medium","Medium","Private","College",69,"0-10","2","2","2"
17,82,98,"Medium","Medium","High","Public","High School",69,"11-20","3","2","2"
23,87,93,"Medium","High","High","Private","Postgraduate",72,"21-30","3","3","3"
15,64,67,"Medium","Low","High","Public","High School",64,"11-20","2","1","2"
11,75,92,"Medium","Low","High","Public","College",63,"11-20","3","1","2"
20,91,93,"High","Low","Medium","Public","Postgraduate",70,"11-20","3","3","3"
25,88,98,"Low","Low","Low","Private","Postgraduate",69,"21-30","3","2","3"
10,62,51,"Medium","Medium","High","Private","High School",61,"0-10","1","1","2"
25,82,94,"Low","Low","Medium","Public","High School",70,"21-30","3","3","3"
25,64,53,"Low","Medium","Medium","Public","College",64,"21-30","1","1","3"
26,100,76,"High","Medium","High","Public","Postgraduate",76,"21-30","2","3","3"
27,96,71,"Medium","Medium","Medium","Public","College",73,"21-30","2","3","3"
33,61,96,"Medium","Medium","","Public","High School",67,"30+","3","2","4"
18,94,70,"Medium","Medium","High","Public","College",69,"11-20","2","2","2"
21,97,80,"Low","Medium","Medium","Private","College",72,"21-30","2","3","3"
18,74,85,"Medium","Medium","Medium","Private","College",66,"11-20","2","2","2"
20,89,51,"Medium","Medium","High","Public","Postgraduate",70,"11-20","1","3","3"
29,78,80,"Medium","Medium","Medium","Public","Postgraduate",73,"21-30","2","3","3"
12,86,76,"Low","High","Medium","Public","Postgraduate",68,"11-20","2","2","2"
15,74,80,"Medium","High","Medium","Public","Postgraduate",66,"11-20","2","2","2"
28,73,54,"Medium","Medium","Medium","Private","High School",67,"21-30","1","2","3"
26,77,53,"High","Medium","High","Private","High School",67,"21-30","1","2","3"
18,66,59,"Medium","Low","Medium","Private","High School",62,"11-20","1","1","2"
25,93,93,"Medium","Medium","Medium","Public","College",72,"21-30","3","3","3"
22,74,68,"Medium","Medium","Low","Public","High School",65,"21-30","2","1","3"
29,76,72,"Medium","High","Medium","Public","High School",69,"21-30","2","2","3"
20,96,70,"Medium","Low","Low","Public","High School",69,"11-20","2","2","3"
26,80,86,"Medium","Low","Medium","Public","College",69,"21-30","2","2","3"
36,82,63,"Medium","Medium","Medium","Private","High School",69,"30+","1","2","4"
24,98,53,"Medium","Medium","Low","Public","High School",69,"21-30","1","2","3"
20,95,69,"Low","Medium","High","Public","High School",70,"11-20","2","3","3"
24,67,86,"Medium","Low","Medium","Private","Postgraduate",67,"21-30","2","2","3"
18,79,96,"Medium","Medium","Low","Public","Postgraduate",69,"11-20","3","2","2"
34,99,53,"Medium","Medium","High","Public","College",75,"30+","1","3","4"
21,75,91,"Medium","Low","Low","Public","High School",66,"21-30","3","2","3"
18,75,53,"Medium","High","High","Public","High School",63,"11-20","1","1","2"
15,68,67,"Medium","Medium","High","Private","Postgraduate",64,"11-20","2","1","2"
27,65,51,"Medium","High","Medium","Private","Postgraduate",66,"21-30","1","2","3"
25,90,96,"Medium","Medium","Medium","Public","College",72,"21-30","3","3","3"
17,91,85,"High","Medium","High","Public","College",71,"11-20","2","3","2"
23,99,68,"Medium","High","High","Private","High School",70,"21-30","2","3","3"
11,91,69,"Medium","Low","Medium","Private","College",67,"11-20","2","2","2"
21,70,82,"High","High","High","Public","High School",65,"21-30","2","1","3"
23,62,54,"Low","Low","Medium","Private","High School",65,"21-30","1","1","3"
30,99,57,"Medium","Low","Medium","Public","Postgraduate",73,"21-30","1","3","4"
15,74,92,"Low","Medium","Medium","Private","Postgraduate",66,"11-20","3","2","2"
12,72,60,"High","Low","Medium","Public","Postgraduate",62,"11-20","1","1","2"
15,96,86,"Medium","High","Medium","Private","High School",71,"11-20","2","3","2"
12,83,61,"Medium","High","Medium","Public","High School",66,"11-20","1","2","2"
28,69,54,"Low","Low","Medium","Public","College",65,"21-30","1","1","3"
29,96,95,"Medium","High","Medium","Private","High School",75,"21-30","3","3","3"
22,100,95,"Medium","Low","Medium","Public","College",74,"21-30","3","3","3"
27,63,80,"High","Medium","High","Private","High School",65,"21-30","2","1","3"
21,94,73,"Low","Low","Medium","Private","Postgraduate",71,"21-30","2","3","3"
19,76,78,"Low","Low","Medium","Public","Postgraduate",65,"11-20","2","1","2"
18,81,70,"High","Low","Medium","Private","College",65,"11-20","2","1","2"
18,97,88,"Medium","Low","Medium","Public","High School",67,"11-20","3","2","2"
11,99,88,"Medium","Low","Medium","Public","High School",67,"11-20","3","2","2"
22,70,91,"Medium","Medium","Medium","Public","High School",66,"21-30","3","2","3"
20,69,76,"High","Medium","Medium","Public","High School",67,"11-20","2","2","3"
24,63,90,"Medium","Low","Medium","Private","Postgraduate",66,"21-30","3","2","3"
21,82,58,"Medium","Medium","Medium","Public","High School",65,"21-30","1","1","3"
19,61,52,"Low","Low","Medium","Public","High School",59,"11-20","1","1","2"
15,76,82,"Medium","Low","High","Private","High School",69,"11-20","2","2","2"
20,63,55,"High","Low","High","Public","High School",63,"11-20","1","1","3"
24,76,78,"High","Medium","Medium","Private","High School",65,"21-30","2","1","3"
13,62,86,"High","Low","Medium","Public","High School",61,"11-20","2","1","2"
21,93,70,"Medium","Medium","High","Public","Postgraduate",68,"21-30","2","2","3"
21,68,52,"Medium","Low","Medium","Public","College",65,"21-30","1","1","3"
16,73,94,"Medium","Low","Medium","Private","College",61,"11-20","3","1","2"
16,95,52,"Medium","Low","Medium","Private","Postgraduate",69,"11-20","1","2","2"
21,90,95,"High","High","High","Private","College",72,"21-30","3","3","3"
13,69,53,"High","Medium","Medium","Private","High School",59,"11-20","1","1","2"
22,63,87,"Low","High","High","Public","College",63,"21-30","2","1","3"
15,89,96,"High","Low","High","Public","High School",69,"11-20","3","2","2"
26,76,95,"High","Low","High","Public","Postgraduate",67,"21-30","3","2","3"
34,91,95,"Medium","Medium","Medium","Public","College",70,"30+","3","3","4"
15,78,94,"High","Low","Medium","Private","Postgraduate",67,"11-20","3","2","2"
23,74,76,"Medium","Low","Medium","Public","College",66,"21-30","2","2","3"
16,78,78,"Medium","High","Medium","Public","High School",68,"11-20","2","2","2"
26,90,81,"Medium","Low","Medium","Private","Postgraduate",71,"21-30","2","3","3"
12,96,95,"Medium","Medium","Medium","Private","High School",69,"11-20","3","2","2"
23,62,92,"Low","High","Medium","Public","",65,"21-30","3","1","3"
15,81,89,"High","Low","Medium","Private","Postgraduate",66,"11-20","3","2","2"
19,61,84,"High","Medium","High","Public","High School",66,"11-20","2","2","2"
14,79,81,"High","High","Medium","Public","High School",67,"11-20","2","2","2"
25,95,96,"Low","Medium","Medium","Public","Postgraduate",74,"21-30","3","3","3"
15,74,60,"Low","Low","Medium","Public","High School",66,"11-20","1","2","2"
23,97,60,"Medium","Medium","High","Public","College",72,"21-30","1","3","3"
18,85,99,"High","Low","Medium","Private","College",69,"11-20","3","2","2"
19,97,78,"Medium","Medium","Medium","Private","High School",68,"11-20","2","2","2"
21,90,74,"Medium","Low","Medium","Private","High School",71,"21-30","2","3","3"
15,64,93,"Medium","Low","Medium","Public","High School",61,"11-20","3","1","2"
21,69,92,"Low","Low","Medium","Private","High School",65,"21-30","3","1","3"
29,76,59,"Medium","Low","High","Public","Postgraduate",71,"21-30","1","3","3"
15,67,59,"Low","Low","Medium","Private","High School",59,"11-20","1","1","2"
27,80,90,"Low","Medium","High","Public","Postgraduate",71,"21-30","3","3","3"
29,79,89,"Medium","High","High","Public","Postgraduate",72,"21-30","3","3","3"
15,98,61,"Medium","Low","High","Private","College",71,"11-20","1","3","2"
11,77,92,"Low","Low","Medium","Public","High School",61,"11-20","3","1","2"
22,91,74,"Medium","Medium","Medium","Private","College",67,"21-30","2","2","3"
17,98,73,"Low","Low","High","Public","College",67,"11-20","2","2","2"
31,95,99,"Medium","Medium","Medium","Private","High School",74,"30+","3","3","4"
20,68,76,"Low","Medium","Medium","Public","High School",66,"11-20","2","2","3"
15,80,57,"Low","Low","Medium","Private","High School",63,"11-20","1","1","2"
13,74,64,"Low","High","High","Private","High School",63,"11-20","2","1","2"
27,76,67,"Medium","Low","Medium","Public","High School",68,"21-30","2","2","3"
17,74,98,"Low","High","High","Public","High School",65,"11-20","3","1","2"
20,93,63,"Medium","Low","High","Public","High School",66,"11-20","1","2","3"
26,78,72,"Medium","Low","","Private","High School",67,"21-30","2","2","3"
17,81,87,"High","Low","High","Private","College",67,"11-20","2","2","2"
20,99,64,"High","Medium","Medium","Public","High School",70,"11-20","2","3","3"
20,62,85,"High","Low","Medium","Private","High School",65,"11-20","2","1","3"
24,80,60,"Medium","High","High","Public","High School",68,"21-30","1","2","3"
24,91,62,"Low","Low","Medium","Public","College",70,"21-30","1","3","3"
19,66,99,"Medium","Medium","Medium","Public","College",66,"11-20","3","2","2"
20,84,68,"Medium","Low","Medium","Private","Postgraduate",69,"11-20","2","2","3"
18,70,86,"Medium","High","Medium","Public","High School",65,"11-20","2","1","2"
11,95,92,"Medium","Medium","Low","Public","Postgraduate",68,"11-20","3","2","2"
22,73,67,"Medium","High","Medium","Private","High School",65,"21-30","2","1","3"
31,73,68,"High","Medium","Medium","Public","High School",70,"30+","2","3","4"
15,84,89,"High","Low","High","Public","High School",65,"11-20","3","1","2"
15,67,80,"High","Medium","High","Public","College",67,"11-20","2","2","2"
15,71,68,"Low","Low","Medium","Public","College",64,"11-20","2","1","2"
24,77,87,"High","Low","Medium","Public","Postgraduate",68,"21-30","2","2","3"
23,74,93,"Medium","High","Medium","Private","High School",70,"21-30","3","3","3"
19,81,62,"Medium","Medium","Low","Public","High School",64,"11-20","1","1","2"
14,84,51,"Low","High","Medium","Public","High School",67,"11-20","1","2","2"
21,83,64,"Medium","Medium","Low","Private","High School",68,"21-30","2","2","3"
11,86,84,"Medium","Low","High","Public","High School",67,"11-20","2","2","2"
21,72,96,"Low","High","Medium","Public","College",66,"21-30","3","2","3"
25,65,93,"Low","Medium","Medium","Public","College",66,"21-30","3","2","3"
12,90,61,"Medium","Low","High","Private","High School",66,"11-20","1","2","2"
11,94,94,"Medium","Low","Medium","Public","College",67,"11-20","3","2","2"
29,70,91,"Low","Low","Medium","Public","College",69,"21-30","3","2","3"
16,76,87,"Medium","Low","Medium","Private","College",65,"11-20","2","1","2"
27,80,84,"Low","Low","Medium","Public","College",68,"21-30","2","2","3"
19,81,90,"Medium","Low","Medium","Private","High School",67,"11-20","3","2","2"
19,86,93,"Low","Low","High","Public","College",69,"11-20","3","2","2"
23,62,91,"High","High","Low","Public","High School",64,"21-30","3","1","3"
15,89,56,"Low","Medium","Medium","Public","College",67,"11-20","1","2","2"
21,62,86,"Medium","Medium","High","Private","High School",67,"21-30","2","2","3"
18,79,92,"Low","Low","Medium","Private","College",67,"11-20","3","2","2"
12,93,59,"Medium","Low","Medium","Private","High School",67,"11-20","1","2","2"
22,78,61,"Low","Low","Medium","Public","College",68,"21-30","1","2","3"
18,66,89,"High","Low","Medium","Public","High School",65,"11-20","3","1","2"
19,99,67,"Low","High","Medium","Public","College",70,"11-20","2","3","2"
13,96,70,"Medium","Low","High","Public","College",68,"11-20","2","2","2"
30,91,69,"Medium","Medium","High","Public","High School",72,"21-30","2","3","4"
25,76,61,"Medium","Medium","Medium","Public","Postgraduate",67,"21-30","1","2","3"
26,67,97,"Medium","Medium","Medium","Public","High School",66,"21-30","3","2","3"
18,98,90,"Low","High","High","Private","High School",68,"11-20","3","2","2"
10,81,63,"Medium","Low","Low","Public","",64,"0-10","1","1","2"
32,94,55,"High","Medium","Medium","Private","High School",75,"30+","1","3","4"
20,74,69,"High","Medium","Medium","Public","College",66,"11-20","2","2","3"
16,73,71,"Medium","Low","Medium","Public","Postgraduate",67,"11-20","2","2","2"
23,99,50,"Medium","High","Medium","Private","High School",71,"21-30","1","3","3"
27,81,94,"Low","Low","Medium","Public","College",68,"21-30","3","2","3"
20,66,93,"Medium","Low","High","Public","High School",65,"11-20","3","1","3"
28,69,93,"Low","High","Low","Public","College",67,"21-30","3","2","3"
26,79,90,"Low","High","Medium","Private","College",66,"21-30","3","2","3"
14,62,87,"Medium","Medium","Medium","Public","High School",60,"11-20","2","1","2"
16,79,82,"Low","Low","Medium","Private","Postgraduate",64,"11-20","2","1","2"
26,77,98,"Low","High","Medium","Public","Postgraduate",69,"21-30","3","2","3"
4,91,86,"Low","Low","Medium","Private","College",64,"0-10","2","1","1"
19,74,82,"High","Low","Medium","Private","High School",66,"11-20","2","2","2"
11,99,89,"High","Low","Medium","Public","College",72,"11-20","3","3","2"
17,67,62,"Medium","Low","Medium","Public","High School",60,"11-20","1","1","2"
18,84,98,"Low","Medium","Medium","Public","High School",69,"11-20","3","2","2"
18,64,51,"Medium","Low","Medium","Public","High School",62,"11-20","1","1","2"
17,89,82,"Medium","Medium","Medium","Private","College",70,"11-20","2","3","2"
13,100,54,"Low","Low","Low","Public","High School",65,"11-20","1","1","2"
34,93,93,"High","Low","High","Public","High School",77,"30+","3","3","4"
31,82,98,"Medium","Low","Low","Public","High School",71,"30+","3","3","4"
13,79,70,"High","Low","Medium","Public","High School",66,"11-20","2","2","2"
29,93,93,"Medium","Low","Medium","Public","Postgraduate",74,"21-30","3","3","3"
18,97,67,"Medium","Medium","High","Public","High School",70,"11-20","2","3","2"
21,100,58,"Medium","Medium","Medium","Private","High School",69,"21-30","1","2","3"
20,76,64,"Low","Low","Medium","Public","College",64,"11-20","2","1","3"
16,100,65,"High","High","Medium","Public","College",69,"11-20","2","2","2"
26,66,82,"Medium","Low","Medium","Public","High School",68,"21-30","2","2","3"
21,70,90,"Medium","Low","Medium","Public","High School",63,"21-30","3","1","3"
17,64,60,"Medium","Medium","Medium","Private","High School",61,"11-20","1","1","2"
12,71,54,"Medium","Low","Low","Public","College",61,"11-20","1","1","2"
15,91,61,"Medium","Low","High","Public","High School",65,"11-20","1","1","2"
10,94,65,"Medium","Low","Low","Private","High School",65,"0-10","2","1","2"
20,91,64,"High","High","Medium","Private","High School",69,"11-20","2","2","3"
13,85,61,"High","Medium","High","Public","High School",69,"11-20","1","2","2"
18,81,73,"Medium","High","Medium","Public","High School",65,"11-20","2","1","2"
28,88,93,"Medium","Low","Medium","Public","Postgraduate",72,"21-30","3","3","3"
27,76,55,"Medium","Low","Medium","Private","High School",69,"21-30","1","2","3"
20,94,93,"Low","Medium","Medium","Public","College",71,"11-20","3","3","3"
19,87,75,"Medium","Low","Low","Public","High School",67,"11-20","2","2","2"
31,88,83,"Medium","Low","Medium","Private","High School",72,"30+","2","3","4"
23,81,91,"Low","High","High","Public","High School",70,"21-30","3","3","3"
18,95,65,"High","Low","High","Public","High School",68,"11-20","2","2","2"
11,70,98,"Medium","High","Medium","Private","Postgraduate",66,"11-20","3","2","2"
22,75,54,"Low","Low","High","Public","High School",68,"21-30","1","2","3"
25,91,76,"Low","Low","High","Private","College",71,"21-30","2","3","3"
16,80,63,"High","Low","Medium","Private","",63,"11-20","1","1","2"
22,96,70,"Medium","Medium","Medium","Private","College",70,"21-30","2","3","3"
18,74,72,"High","Low","High","Public","College",65,"11-20","2","1","2"
19,75,96,"Medium","Medium","Medium","Public","High School",70,"11-20","3","3","2"
5,96,72,"Low","Medium","Medium","Public","High School",65,"0-10","2","1","1"
19,79,85,"Medium","Medium","Medium","Public","High School",68,"11-20","2","2","2"
26,81,98,"Low","Medium","Low","Private","High School",69,"21-30","3","2","3"
16,73,75,"High","Medium","Medium","Public","High School",66,"11-20","2","2","2"
20,71,70,"Medium","Medium","High","Private","High School",62,"11-20","2","1","3"
15,86,99,"High","Medium","Medium","Public","High School",70,"11-20","3","3","2"
22,65,91,"Medium","High","Medium","Public","College",65,"21-30","3","1","3"
19,95,97,"Low","Medium","Medium","Public","Postgraduate",71,"11-20","3","3","2"
14,91,70,"Medium","Low","Medium","Private","Postgraduate",68,"11-20","2","2","2"
28,68,85,"Medium","Medium","Medium","Public","Postgraduate",65,"21-30","2","1","3"
26,88,62,"High","High","High","Private","High School",70,"21-30","1","3","3"
16,84,93,"Medium","High","Medium","Public","High School",69,"11-20","3","2","2"
23,67,97,"Medium","Medium","Medium","Private","College",66,"21-30","3","2","3"
23,71,63,"Low","Low","High","Public","",66,"21-30","1","2","3"
24,76,55,"Low","Low","Medium","Public","High School",67,"21-30","1","2","3"
10,88,60,"Medium","Low","Medium","Public","High School",63,"0-10","1","1","2"
26,86,82,"Medium","Low","Medium","Private","High School",70,"21-30","2","3","3"
17,81,64,"Medium","High","Medium","Public","High School",65,"11-20","2","1","2"
18,91,82,"Medium","Medium","Medium","Private","High School",70,"11-20","2","3","2"
36,90,68,"Low","Low","High","Public","High School",74,"30+","2","3","4"
22,85,96,"Medium","Low","Medium","Public","",69,"21-30","3","2","3"
18,91,73,"Low","Low","Medium","Public","College",68,"11-20","2","2","2"
7,73,75,"Medium","High","High","Private","College",64,"0-10","2","1","1"
28,95,67,"Low","Medium","Medium","Public","High School",73,"21-30","2","3","3"
12,85,54,"Medium","Low","High","Public","College",66,"11-20","1","2","2"
14,93,75,"Low","Medium","High","Public","High School",65,"11-20","2","1","2"
18,82,89,"High","Medium","Medium","Private","College",66,"11-20","3","2","2"
28,69,98,"Medium","Medium","Medium","Public","High School",67,"21-30","3","2","3"
25,82,54,"Medium","Medium","Medium","Public","High School",67,"21-30","1","2","3"
19,75,90,"High","Medium","","Private","Postgraduate",66,"11-20","3","2","2"
22,88,63,"Low","Low","Medium","Public","Postgraduate",69,"21-30","1","2","3"
16,79,91,"Medium","High","Medium","Private","Postgraduate",69,"11-20","3","2","2"
21,93,67,"High","Low","Medium","Public","College",68,"21-30","2","2","3"
20,87,56,"Medium","High","Medium","Public","College",64,"11-20","1","1","3"
26,87,81,"Medium","High","Medium","Public","High School",70,"21-30","2","3","3"
26,69,95,"Medium","Low","Medium","Public","Postgraduate",67,"21-30","3","2","3"
23,99,59,"Medium","Medium","Medium","Public","High School",68,"21-30","1","2","3"
18,94,51,"Medium","High","Medium","Public","College",67,"11-20","1","2","2"
24,92,94,"Low","Medium","Medium","Public","Postgraduate",73,"21-30","3","3","3"
19,73,85,"Medium","Medium","Medium","Public","High School",65,"11-20","2","1","2"
14,81,90,"Medium","High","High","Public","Postgraduate",69,"11-20","3","2","2"
18,65,53,"Medium","Medium","Medium","Private","Postgraduate",63,"11-20","1","1","2"
21,82,95,"Medium","Low","Low","Public","High School",68,"21-30","3","2","3"
25,66,71,"High","Medium","Medium","Public","High School",64,"21-30","2","1","3"
19,82,95,"Medium","Low","High","Public","Postgraduate",68,"11-20","3","2","2"
13,86,53,"Medium","Low","High","Public","High School",66,"11-20","1","2","2"
20,76,94,"Low","Low","High","Public","High School",65,"11-20","3","1","3"
21,80,84,"Low","Low","Medium","Private","Postgraduate",69,"21-30","2","2","3"
21,95,78,"High","Low","High","Public","High School",69,"21-30","2","2","3"
26,64,53,"Medium","Low","High","Public","College",64,"21-30","1","1","3"
26,92,84,"High","Medium","High","Public","Postgraduate",74,"21-30","2","3","3"
16,67,80,"Medium","Low","High","Public","High School",64,"11-20","2","1","2"
16,61,86,"Medium","Medium","High","Public","High School",63,"11-20","2","1","2"
14,67,86,"Medium","High","Medium","Public","College",64,"11-20","2","1","2"
24,91,72,"Medium","Medium","High","Public","High School",71,"21-30","2","3","3"
29,76,60,"Medium","Medium","Medium","Public","High School",68,"21-30","1","2","3"
18,95,96,"Low","Medium","Medium","Public","College",72,"11-20","3","3","2"
19,81,96,"High","Low","Medium","Private","Postgraduate",67,"11-20","3","2","2"
29,61,61,"Medium","Low","Medium","Private","High School",64,"21-30","1","1","3"
23,89,82,"Medium","High","High","Public","College",70,"21-30","2","3","3"
23,64,60,"Low","Medium","Medium","Public","College",65,"21-30","1","1","3"
13,92,93,"High","High","Medium","Public","College",69,"11-20","3","2","2"
24,67,55,"High","Low","Low","Public","College",65,"21-30","1","1","3"
14,74,100,"Medium","Low","Medium","Public","College",66,"11-20","3","2","2"
13,90,81,"Medium","Medium","Medium","Public","High School",67,"11-20","2","2","2"
18,98,51,"Medium","High","Medium","Public","College",68,"11-20","1","2","2"
16,75,94,"Medium","Medium","Medium","Private","High School",65,"11-20","3","1","2"
19,93,84,"High","Medium","Low","Public","College",68,"11-20","2","2","2"
11,68,85,"High","Medium","Medium","Public","College",63,"11-20","2","1","2"
26,92,64,"Medium","Medium","Medium","Private","High School",71,"21-30","2","3","3"
27,86,67,"Medium","Low","Medium","Public","College",71,"21-30","2","3","3"
8,68,96,"Medium","Low","High","Public","Postgraduate",65,"0-10","3","1","1"
26,72,82,"Medium","Medium","Low","Public","Postgraduate",65,"21-30","2","1","3"
15,65,51,"Medium","High","Medium","Public","High School",61,"11-20","1","1","2"
25,75,66,"Low","Low","High","Public","High School",68,"21-30","2","2","3"
20,68,80,"Low","Low","Medium","Private","College",65,"11-20","2","1","3"
20,86,57,"Medium","Medium","High","Public","High School",66,"11-20","1","2","3"
19,100,55,"Low","Low","Medium","Public","High School",69,"11-20","1","2","2"
27,60,53,"Low","Low","Low","Private","High School",65,"21-30","1","1","3"
13,82,82,"Medium","Low","Low","Public","High School",65,"11-20","2","1","2"
24,83,66,"High","Medium","High","Private","Postgraduate",70,"21-30","2","3","3"
27,97,69,"Medium","Low","Medium","Private","High School",70,"21-30","2","3","3"
24,80,53,"Medium","Low","Medium","Public","High School",67,"21-30","1","2","3"
34,82,87,"High","Low","Medium","Public","High School",75,"30+","2","3","4"
17,79,88,"Low","Medium","High","Private","High School",65,"11-20","3","1","2"
26,71,91,"Medium","Low","Medium","Private","High School",66,"21-30","3","2","3"
19,62,83,"High","Medium","Medium","Public","College",67,"11-20","2","2","2"
27,76,89,"Low","Low","","Private","Postgraduate",67,"21-30","3","2","3"
20,62,79,"High","Low","Medium","Public","High School",62,"11-20","2","1","3"
18,82,75,"Medium","Low","Medium","Private","College",66,"11-20","2","2","2"
28,72,63,"Low","Low","High","Public","",66,"21-30","1","2","3"
17,81,53,"High","Medium","Medium","Public","High School",64,"11-20","1","1","2"
12,65,65,"Medium","Medium","Medium","Public","High School",60,"11-20","2","1","2"
17,97,84,"Medium","Low","Low","Private","Postgraduate",70,"11-20","2","3","2"
24,96,96,"Medium","Low","Low","Public","College",72,"21-30","3","3","3"
28,68,63,"Medium","Low","High","Public","College",67,"21-30","1","2","3"
21,74,83,"Low","High","Medium","Public","High School",67,"21-30","2","2","3"
28,85,74,"Medium","Medium","High","Public","Postgraduate",72,"21-30","2","3","3"
12,64,81,"Medium","High","High","Public","High School",63,"11-20","2","1","2"
17,74,50,"Medium","Low","High","Public","High School",60,"11-20","1","1","2"
18,70,56,"Medium","High","High","Public","High School",65,"11-20","1","1","2"
19,97,61,"High","Medium","High","Public","Postgraduate",72,"11-20","1","3","2"
21,94,95,"Low","Medium","High","Private","High School",70,"21-30","3","3","3"
24,83,52,"High","Medium","High","Public","College",71,"21-30","1","3","3"
17,81,78,"Low","Low","High","Private","College",66,"11-20","2","2","2"
21,97,96,"High","Low","High","Public","College",72,"21-30","3","3","3"
20,97,83,"High","Medium","High","Public","Postgraduate",73,"11-20","2","3","3"
14,99,74,"Medium","Medium","Medium","Public","College",71,"11-20","2","3","2"
19,65,69,"Medium","Low","High","Public","College",64,"11-20","2","1","2"
19,66,81,"Medium","High","Medium","Private","College",66,"11-20","2","2","2"
19,87,74,"High","High","Medium","Public","College",69,"11-20","2","2","2"
20,82,85,"Low","Medium","High","Private","Postgraduate",66,"11-20","2","2","3"
20,61,81,"Medium","High","High","Public","High School",63,"11-20","2","1","3"
17,62,78,"Medium","Medium","High","Public","High School",62,"11-20","2","1","2"
28,96,98,"High","High","High","Public","High School",98,"21-30","3","3","3"
13,95,92,"Low","Medium","Medium","Private","College",71,"11-20","3","3","2"
16,74,80,"Medium","Low","Medium","Public","Postgraduate",66,"11-20","2","2","2"
37,96,77,"Medium","Medium","Medium","Public","High School",75,"30+","2","3","4"
14,84,86,"High","Low","Medium","Private","High School",68,"11-20","2","2","2"
12,92,90,"Medium","Medium","High","Public","High School",69,"11-20","3","2","2"
24,77,65,"High","Medium","High","Private","High School",68,"21-30","2","2","3"
8,65,83,"Low","Medium","Medium","Public","High School",60,"0-10","2","1","1"
19,77,57,"Low","Medium","Medium","Public","High School",64,"11-20","1","1","2"
33,78,72,"Medium","Medium","Medium","Public","High School",71,"30+","2","3","4"
11,82,97,"Low","High","Medium","Public","College",69,"11-20","3","2","2"
8,64,66,"Medium","Low","Medium","Private","College",60,"0-10","2","1","1"
11,100,58,"High","Low","Medium","Private","College",70,"11-20","1","3","2"
25,70,57,"Medium","Medium","Medium","Private","High School",66,"21-30","1","2","3"
27,68,70,"High","Medium","Medium","Private","Postgraduate",68,"21-30","2","2","3"
17,81,61,"Medium","High","Medium","Public","College",67,"11-20","1","2","2"
24,81,71,"High","Medium","High","Public","College",70,"21-30","2","3","3"
28,78,86,"Low","Low","High","Public","College",69,"21-30","2","2","3"
31,91,94,"High","High","High","Public","High School",75,"30+","3","3","4"
19,81,56,"Low","Medium","High","Public","High School",65,"11-20","1","1","2"
6,84,88,"Medium","Low","Medium","Private","Postgraduate",65,"0-10","3","1","1"
15,89,55,"Medium","Medium","Medium","Public","Postgraduate",66,"11-20","1","2","2"
17,61,69,"High","Medium","High","Public","High School",64,"11-20","2","1","2"
18,83,100,"Medium","Low","High","Private","High School",66,"11-20","3","2","2"
19,95,53,"Medium","Low","Medium","Public","High School",70,"11-20","1","3","2"
27,61,51,"High","Low","Medium","Private","College",63,"21-30","1","1","3"
28,76,67,"High","High","Low","Public","College",66,"21-30","2","2","3"
19,97,98,"Low","Medium","Medium","Public","College",71,"11-20","3","3","2"
27,74,51,"High","Medium","Medium","Private","High School",68,"21-30","1","2","3"
22,78,61,"Medium","High","Medium","Public","High School",68,"21-30","1","2","3"
20,99,80,"High","Medium","High","Public","Postgraduate",71,"11-20","2","3","3"
25,68,62,"Low","Low","High","Private","College",63,"21-30","1","1","3"
20,63,53,"Low","Medium","Medium","Public","High School",60,"11-20","1","1","3"
32,94,53,"Medium","Medium","Medium","Public","High School",73,"30+","1","3","4"
11,95,78,"Low","Medium","Medium","Private","High School",68,"11-20","2","2","2"
17,79,78,"Medium","High","Medium","Public","High School",70,"11-20","2","3","2"
19,81,85,"Medium","Low","Medium","Public","High School",66,"11-20","2","2","2"
23,93,57,"Medium","High","Medium","Public","Postgraduate",72,"21-30","1","3","3"
28,90,75,"Medium","Low","High","Public","High School",70,"21-30","2","3","3"
20,71,80,"Medium","High","Low","Public","High School",68,"11-20","2","2","3"
11,61,61,"Medium","Medium","High","Public","Postgraduate",60,"11-20","1","1","2"
25,79,77,"Low","Low","High","Public","High School",68,"21-30","2","2","3"
25,94,85,"High","Medium","Medium","Public","College",74,"21-30","2","3","3"
8,96,100,"High","High","Medium","Public","High School",68,"0-10","3","2","1"
20,98,80,"Low","Medium","Medium","Public","College",72,"11-20","2","3","3"
10,95,93,"High","Low","High","Public","High School",69,"0-10","3","2","2"
16,83,92,"Low","High","High","Public","Postgraduate",98,"11-20","3","3","2"
15,78,97,"Medium","Medium","Medium","Public","Postgraduate",68,"11-20","3","2","2"
25,91,86,"Medium","Medium","Medium","Public","High School",70,"21-30","2","3","3"
21,90,61,"Medium","High","Medium","Public","Postgraduate",69,"21-30","1","2","3"
12,82,65,"Low","Medium","Medium","Private","High School",64,"11-20","2","1","2"
25,63,89,"High","Medium","High","Private","High School",65,"21-30","3","1","3"
11,97,76,"High","Medium","High","Public","High School",69,"11-20","2","2","2"
22,78,63,"High","Medium","High","Public","High School",67,"21-30","1","2","3"
15,75,83,"Low","High","Medium","Private","High School",65,"11-20","2","1","2"
18,85,95,"High","Low","Low","Private","College",70,"11-20","3","3","2"
23,87,68,"Medium","High","High","Private","College",68,"21-30","2","2","3"
23,68,80,"Medium","Medium","Low","Public","High School",65,"21-30","2","1","3"
28,93,79,"High","Medium","Medium","Public","Postgraduate",74,"21-30","2","3","3"
20,72,56,"Medium","High","Medium","Public","High School",65,"11-20","1","1","3"
22,67,55,"Medium","Low","Medium","Public","High School",65,"21-30","1","1","3"
17,76,94,"Medium","Medium","Medium","Public","High School",68,"11-20","3","2","2"
21,89,97,"Medium","Low","Medium","Private","Postgraduate",68,"21-30","3","2","3"
23,99,95,"High","Medium","Medium","Public","High School",74,"21-30","3","3","3"
19,92,70,"High","Medium","Medium","Private","",71,"11-20","2","3","2"
9,98,64,"Medium","Low","Medium","Private","High School",67,"0-10","2","2","1"
22,66,97,"Low","High","Low","Public","High School",64,"21-30","3","1","3"
22,63,94,"Medium","Medium","","Public","High School",61,"21-30","3","1","3"
16,82,91,"Medium","Low","Medium","Public","High School",66,"11-20","3","2","2"
12,72,67,"Low","Low","Medium","Public","High School",61,"11-20","2","1","2"
29,93,82,"Medium","Low","Medium","Public","High School",73,"21-30","2","3","3"
23,87,88,"High","Medium","High","Public","High School",70,"21-30","3","3","3"
19,99,79,"Medium","Low","Medium","Private","Postgraduate",70,"11-20","2","3","2"
13,70,80,"High","High","Medium","Public","College",63,"11-20","2","1","2"
15,79,88,"Medium","High","Medium","Public","Postgraduate",69,"11-20","3","2","2"
28,80,88,"Medium","High","Medium","Public","High School",72,"21-30","3","3","3"
21,70,62,"Medium","Low","High","Public","",66,"21-30","1","2","3"
17,84,70,"Medium","High","Medium","Public","High School",68,"11-20","2","2","2"
23,78,89,"Medium","Medium","Low","Public","High School",67,"21-30","3","2","3"
15,78,63,"Medium","Medium","Medium","Private","Postgraduate",65,"11-20","1","1","2"
29,75,96,"Low","Low","","Public","High School",68,"21-30","3","2","3"
28,61,92,"Low","Medium","High","Private","College",68,"21-30","3","2","3"
17,81,95,"High","Medium","Medium","Private","High School",69,"11-20","3","2","2"
16,73,65,"Low","Medium","Medium","Private","College",66,"11-20","2","2","2"
4,60,55,"Medium","Low","Medium","Private","Postgraduate",58,"0-10","1","1","1"
11,72,55,"High","Medium","Low","Public","College",60,"11-20","1","1","2"
12,71,78,"High","Low","Medium","Public","College",67,"11-20","2","2","2"
21,76,65,"Low","Low","High","Public","High School",65,"21-30","2","1","3"
18,65,63,"High","Low","Medium","Public","High School",62,"11-20","1","1","2"
12,80,61,"Medium","High","High","Private","High School",65,"11-20","1","1","2"
18,88,78,"Medium","Medium","Medium","Public","College",69,"11-20","2","2","2"
23,85,77,"Medium","High","Medium","Public","College",70,"21-30","2","3","3"
23,92,71,"High","Low","Medium","Public","High School",70,"21-30","2","3","3"
9,78,57,"Low","Low","High","Public","High School",63,"0-10","1","1","1"
19,81,96,"High","Medium","High","Public","Postgraduate",69,"11-20","3","2","2"
12,92,71,"Low","Medium","High","Private","High School",64,"11-20","2","1","2"
25,77,56,"Medium","Low","Medium","Public","Postgraduate",69,"21-30","1","2","3"
25,88,52,"Low","Medium","Medium","Public","High School",70,"21-30","1","3","3"
15,77,58,"Medium","Low","Medium","Public","College",64,"11-20","1","1","2"
15,77,65,"Low","Low","Medium","Public","Postgraduate",65,"11-20","2","1","2"
17,90,82,"Medium","Medium","High","Public","College",70,"11-20","2","3","2"
6,67,99,"Low","Medium","Medium","Private","College",60,"0-10","3","1","1"
22,74,64,"High","Medium","Medium","Public","High School",68,"21-30","2","2","3"
18,69,89,"Low","Low","High","Public","High School",61,"11-20","3","1","2"
26,74,96,"Medium","Medium","High","Private","High School",68,"21-30","3","2","3"
13,69,70,"Medium","High","High","Private","High School",61,"11-20","2","1","2"
16,83,63,"Low","High","Medium","Private","High School",64,"11-20","1","1","2"
11,92,75,"Medium","Medium","Medium","Public","High School",66,"11-20","2","2","2"
14,91,95,"Medium","High","High","Public","High School",70,"11-20","3","3","2"
13,75,51,"Medium","Medium","Medium","Private","High School",65,"11-20","1","1","2"
26,100,74,"High","Medium","Medium","Public","High School",74,"21-30","2","3","3"
16,84,88,"Low","Medium","Medium","Private","High School",66,"11-20","3","2","2"
21,76,80,"High","Low","Medium","Public","College",65,"21-30","2","1","3"
18,93,75,"High","High","Medium","Private","College",69,"11-20","2","2","2"
12,89,78,"Low","Low","","Public","Postgraduate",69,"11-20","2","2","2"
19,90,81,"Medium","Medium","Medium","Private","High School",69,"11-20","2","2","2"
24,68,84,"Medium","Low","High","Public","High School",66,"21-30","2","2","3"
13,79,68,"Medium","High","Medium","Private","High School",63,"11-20","2","1","2"
25,94,76,"Medium","Low","High","Private","High School",69,"21-30","2","2","3"
15,80,64,"Medium","Medium","Medium","Public","High School",65,"11-20","2","1","2"
17,87,99,"Medium","Medium","Low","Private","High School",67,"11-20","3","2","2"
23,84,59,"Low","Low","High","Public","Postgraduate",66,"21-30","1","2","3"
16,94,58,"Medium","Low","Medium","Public","College",67,"11-20","1","2","2"
20,71,63,"High","Low","Medium","Public","College",65,"11-20","1","1","3"
18,83,96,"Low","Medium","High","Public","Postgraduate",69,"11-20","3","2","2"
21,65,83,"Medium","Low","High","Public","High School",65,"21-30","2","1","3"
6,88,73,"Medium","Low","Medium","Private","College",67,"0-10","2","2","1"
9,89,96,"Medium","High","Low","Public","High School",66,"0-10","3","2","1"
24,62,95,"Medium","High","Low","Public","College",64,"21-30","3","1","3"
26,87,70,"Low","Low","Medium","Private","High School",70,"21-30","2","3","3"
15,77,78,"Medium","Low","High","Public","High School",65,"11-20","2","1","2"
19,65,95,"Medium","Medium","High","Private","College",65,"11-20","3","1","2"
22,77,66,"Medium","Low","Medium","Public","College",64,"21-30","2","1","3"
24,68,70,"Low","Low","Low","Public","College",64,"21-30","2","1","3"
8,77,90,"Low","Medium","Medium","Public","High School",61,"0-10","3","1","1"
15,75,85,"Medium","Low","High","Public","High School",65,"11-20","2","1","2"
18,90,52,"Low","Medium","Medium","Private","High School",68,"11-20","1","2","2"
24,91,56,"Medium","Low","High","Public","College",70,"21-30","1","3","3"
35,84,92,"High","Low","High","Public","High School",74,"30+","3","3","4"
19,61,51,"Low","Low","High","Public","High School",60,"11-20","1","1","2"
12,97,96,"Medium","Low","High","Public","Postgraduate",71,"11-20","3","3","2"
22,87,64,"Medium","Medium","High","Public","High School",70,"21-30","2","3","3"
28,61,80,"Low","Medium","Medium","Public","Postgraduate",67,"21-30","2","2","3"
21,93,78,"Medium","Low","Medium","Private","High School",68,"21-30","2","2","3"
15,68,70,"Medium","Medium","High","Public","High School",64,"11-20","2","1","2"
26,83,52,"Medium","Low","High","Public","High School",67,"21-30","1","2","3"
24,79,60,"Low","Low","High","Public","Postgraduate",65,"21-30","1","1","3"
14,77,81,"Low","Medium","Medium","Private","College",66,"11-20","2","2","2"
22,96,72,"Low","High","Medium","Public","College",72,"21-30","2","3","3"
26,77,71,"High","High","Medium","Public","High School",69,"21-30","2","2","3"
27,63,55,"Low","Medium","Medium","Private","Postgraduate",65,"21-30","1","1","3"
20,98,67,"Medium","High","Medium","Public","High School",71,"11-20","2","3","3"
18,97,76,"Medium","Medium","High","Public","High School",72,"11-20","2","3","2"
27,87,54,"Medium","Medium","Medium","Private","High School",70,"21-30","1","3","3"
13,79,53,"Medium","Medium","Medium","Private","College",63,"11-20","1","1","2"
23,64,75,"Medium","Medium","High","Public","",66,"21-30","2","2","3"
12,92,78,"High","Medium","High","Public","College",67,"11-20","2","2","2"
26,63,63,"Low","High","High","Public","Postgraduate",67,"21-30","1","2","3"
18,63,66,"Low","Medium","Medium","Private","College",62,"11-20","2","1","2"
28,81,90,"High","Medium","Medium","Private","High School",72,"21-30","3","3","3"
23,66,93,"High","High","High","Public","High School",69,"21-30","3","2","3"
13,60,66,"Medium","Medium","High","Public","College",61,"11-20","2","1","2"
29,77,68,"High","Medium","Medium","Public","High School",67,"21-30","2","2","3"
29,65,92,"Medium","Medium","Medium","Private","High School",66,"21-30","3","2","3"
25,66,99,"Medium","Medium","Medium","Public","College",68,"21-30","3","2","3"
15,63,66,"High","Low","Medium","Private","College",62,"11-20","2","1","2"
18,68,89,"Medium","Medium","Low","Public","College",63,"11-20","3","1","2"
21,89,74,"High","Low","Medium","Private","High School",70,"21-30","2","3","3"
16,92,63,"Medium","Low","Medium","Public","College",68,"11-20","1","2","2"
30,78,84,"Medium","High","Low","Private","College",71,"21-30","2","3","4"
21,80,73,"Medium","Medium","Low","Private","High School",65,"21-30","2","1","3"
4,61,63,"Medium","Medium","Medium","Public","High School",59,"0-10","1","1","1"
22,63,55,"Medium","Medium","Medium","Private","High School",64,"21-30","1","1","3"
18,70,93,"Medium","Medium","High","Public","College",67,"11-20","3","2","2"
20,82,94,"Medium","Low","Medium","Private","High School",68,"11-20","3","2","3"
18,90,54,"Low","Medium","High","Public","High School",95,"11-20","1","3","2"
25,84,83,"High","Low","Medium","Public","High School",70,"21-30","2","3","3"
27,76,58,"Medium","Medium","Medium","Public","College",68,"21-30","1","2","3"
22,65,82,"Medium","Medium","High","Public","College",65,"21-30","2","1","3"
18,91,95,"Medium","Low","High","Public","Postgraduate",70,"11-20","3","3","2"
20,75,63,"Medium","Medium","Low","Public","Postgraduate",67,"11-20","1","2","3"
20,89,67,"Medium","Low","High","Public","College",69,"11-20","2","2","3"
15,81,90,"High","Low","Medium","Private","Postgraduate",68,"11-20","3","2","2"
23,90,87,"High","Low","Medium","Public","High School",72,"21-30","2","3","3"
23,96,70,"Medium","Medium","Medium","Public","High School",71,"21-30","2","3","3"
29,97,92,"Medium","Low","Medium","Public","High School",75,"21-30","3","3","3"
28,81,96,"Medium","Medium","Medium","Public","High School",70,"21-30","3","3","3"
16,80,73,"Medium","Medium","Medium","Private","College",66,"11-20","2","2","2"
25,71,52,"High","Low","Medium","Private","High School",67,"21-30","1","2","3"
14,97,75,"High","Medium","Medium","Public","College",70,"11-20","2","3","2"
24,78,87,"Medium","Medium","Medium","Public","High School",71,"21-30","2","3","3"
17,65,61,"Medium","Low","Medium","Public","High School",64,"11-20","1","1","2"
14,77,55,"High","High","High","Private","High School",65,"11-20","1","1","2"
22,65,64,"High","Medium","High","Private","High School",64,"21-30","2","1","3"
4,80,51,"Medium","Medium","High","Public","High School",62,"0-10","1","1","1"
9,82,86,"Medium","Low","High","Private","College",64,"0-10","2","1","1"
19,74,57,"High","Medium","Medium","Private","High School",66,"11-20","1","2","2"
20,63,86,"Low","High","Medium","Public","College",64,"11-20","2","1","3"
18,98,62,"Low","Medium","High","Public","High School",71,"11-20","1","3","2"
11,91,100,"Low","Low","Medium","Public","Postgraduate",68,"11-20","3","2","2"
15,94,77,"Low","High","High","Private","College",70,"11-20","2","3","2"
22,75,52,"High","Low","Medium","Private","College",66,"21-30","1","2","3"
23,90,89,"Low","High","Medium","Public","College",71,"21-30","3","3","3"
20,79,71,"Medium","Medium","High","Public","College",68,"11-20","2","2","3"
27,68,80,"High","Medium","Medium","Public","High School",66,"21-30","2","2","3"
22,65,98,"High","Medium","Medium","Private","High School",66,"21-30","3","2","3"
16,74,76,"Medium","Low","Medium","Public","College",65,"11-20","2","1","2"
18,66,90,"Medium","Medium","Medium","Public","Postgraduate",64,"11-20","3","1","2"
12,100,65,"Medium","Low","Medium","Private","High School",67,"11-20","2","2","2"
19,62,86,"Low","High","Medium","Public","College",65,"11-20","2","1","2"
27,78,55,"Low","High","Medium","Public","Postgraduate",69,"21-30","1","2","3"
24,78,95,"Low","Low","Medium","Private","College",69,"21-30","3","2","3"
28,72,60,"Medium","High","Medium","Public","Postgraduate",69,"21-30","1","2","3"
18,83,65,"Low","Low","Medium","Public","College",68,"11-20","2","2","2"
28,66,98,"Medium","Medium","High","Public","High School",67,"21-30","3","2","3"
19,91,58,"High","Low","High","Public","College",68,"11-20","1","2","2"
29,73,63,"Medium","Low","Medium","Public","Postgraduate",65,"21-30","1","1","3"
20,84,79,"Medium","Medium","Medium","Public","College",69,"11-20","2","2","3"
24,89,99,"High","High","High","Private","Postgraduate",73,"21-30","3","3","3"
29,96,85,"Low","High","Medium","Public","Postgraduate",76,"21-30","2","3","3"
19,93,56,"Medium","Low","High","Private","College",69,"11-20","1","2","2"
21,84,87,"Low","High","Medium","Public","Postgraduate",69,"21-30","2","2","3"
28,76,71,"Medium","Low","Medium","Private","High School",68,"21-30","2","2","3"
19,80,100,"Medium","Medium","Medium","Public","High School",70,"11-20","3","3","2"
12,91,81,"Low","Low","Low","Public","High School",64,"11-20","2","1","2"
33,95,77,"Low","High","High","Private","High School",73,"30+","2","3","4"
17,64,78,"High","Medium","Medium","Public","High School",64,"11-20","2","1","2"
21,75,82,"Medium","Medium","Medium","Public","High School",65,"21-30","2","1","3"
27,91,87,"Medium","Medium","Medium","Public","High School",69,"21-30","2","2","3"
16,77,54,"Medium","Medium","Medium","Public","Postgraduate",62,"11-20","1","1","2"
14,73,57,"High","Medium","Medium","Public","High School",64,"11-20","1","1","2"
22,76,65,"Low","Medium","High","Public","High School",64,"21-30","2","1","3"
9,84,74,"Medium","High","","Public","High School",67,"0-10","2","2","1"
18,100,66,"High","Low","Medium","Public","College",69,"11-20","2","2","2"
21,80,61,"Medium","High","Medium","Public","High School",67,"21-30","1","2","3"
18,68,96,"Medium","High","Medium","Public","High School",65,"11-20","3","1","2"
11,67,52,"High","High","High","Public","College",63,"11-20","1","1","2"
30,62,97,"Medium","High","Medium","Private","College",66,"21-30","3","2","4"
21,82,95,"High","High","Medium","Public","High School",70,"21-30","3","3","3"
29,82,84,"Low","Low","Medium","Private","High School",70,"21-30","2","3","3"
18,68,52,"High","High","High","Public","College",67,"11-20","1","2","2"
15,88,61,"Medium","High","Medium","Public","Postgraduate",65,"11-20","1","1","2"
22,90,99,"Medium","Low","Low","Private","College",70,"21-30","3","3","3"
19,70,95,"High","Medium","High","Private","College",66,"11-20","3","2","2"
13,74,98,"High","High","High","Public","High School",66,"11-20","3","2","2"
29,100,100,"Low","Low","Medium","Private","High School",72,"21-30","3","3","3"
16,75,53,"High","Low","Low","Public","College",64,"11-20","1","1","2"
9,90,79,"Low","High","High","Public","High School",70,"0-10","2","3","1"
28,78,92,"Low","Medium","High","Public","Postgraduate",71,"21-30","3","3","3"
17,92,66,"Low","Low","","Public","High School",66,"11-20","2","2","2"
16,91,72,"High","High","High","Public","Postgraduate",70,"11-20","2","3","2"
9,87,64,"Medium","High","Medium","Public","High School",64,"0-10","2","1","1"
30,94,52,"Low","High","Medium","Private","Postgraduate",70,"21-30","1","3","4"
12,98,54,"Medium","Medium","High","Private","High School",67,"11-20","1","2","2"
20,83,51,"Low","Medium","Medium","Public","High School",65,"11-20","1","1","3"
25,69,76,"Medium","High","Medium","Public","High School",68,"21-30","2","2","3"
23,76,81,"Medium","Low","High","Public","High School",69,"21-30","2","2","3"
20,90,65,"Low","Low","Medium","Public","Postgraduate",68,"11-20","2","2","3"
10,86,91,"High","Low","Medium","Private","High School",68,"0-10","3","2","2"
15,67,94,"Medium","Medium","Medium","Public","Postgraduate",64,"11-20","3","1","2"
